Time_ns,WT,D111A,T110A_D111A,T60A_S63A
0.000000,124.299000,124.890000,123.992000,129.243000
0.100000,124.824000,126.504000,128.387000,126.787000
0.200000,126.688000,126.934000,128.335000,126.701000
0.300000,127.728000,128.154000,127.729000,123.393000
0.400000,127.658000,129.976000,126.877000,128.583000
0.500000,130.202000,126.543000,124.934000,126.382000
0.600000,128.729000,127.181000,126.521000,126.144000
0.700000,128.091000,128.519000,129.632000,125.276000
0.800000,129.674000,123.448000,128.198000,126.939000
0.900000,130.109000,127.233000,126.526000,127.273000
1.000000,128.141000,130.044000,138.964000,127.026000
1.100000,129.787000,125.464000,127.590000,128.353000
1.200000,129.002000,128.676000,128.703000,127.873000
1.300000,131.831000,129.088000,124.771000,126.115000
1.400000,132.181000,126.851000,127.546000,127.345000
1.500000,129.456000,127.661000,126.064000,126.479000
1.600000,130.223000,125.887000,126.215000,128.088000
1.700000,128.931000,128.868000,126.939000,127.480000
1.800000,130.503000,129.562000,127.317000,129.649000
1.900000,127.845000,129.396000,127.488000,125.179000
2.000000,129.744000,131.010000,124.953000,126.828000
2.100000,127.870000,131.181000,125.860000,127.970000
2.200000,127.689000,127.871000,128.552000,128.415000
2.300000,129.034000,128.158000,126.398000,129.332000
2.400000,130.906000,131.074000,129.125000,125.436000
2.500000,130.652000,127.876000,128.745000,124.475000
2.600000,130.678000,131.563000,128.048000,127.854000
2.700000,129.985000,127.585000,126.859000,128.621000
2.800000,130.110000,128.423000,127.928000,129.559000
2.900000,127.791000,131.660000,129.428000,126.208000
3.000000,127.987000,129.413000,129.857000,130.171000
3.100000,128.661000,131.793000,126.117000,127.277000
3.200000,136.159000,128.368000,127.564000,128.348000
3.300000,131.761000,132.193000,127.670000,130.287000
3.400000,130.173000,128.223000,127.475000,131.392000
3.500000,130.954000,126.067000,125.786000,128.827000
3.600000,135.514000,126.841000,123.264000,127.568000
3.700000,133.651000,128.518000,127.141000,130.023000
3.800000,133.402000,127.764000,128.328000,130.153000
3.900000,133.618000,128.976000,127.844000,128.716000
4.000000,132.842000,127.546000,126.373000,132.262000
4.100000,130.549000,129.592000,126.937000,131.670000
4.200000,131.519000,132.257000,130.434000,128.967000
4.300000,133.680000,130.339000,128.044000,127.688000
4.400000,133.785000,130.215000,127.198000,132.110000
4.500000,133.643000,131.333000,128.752000,128.706000
4.600000,133.998000,131.182000,128.182000,128.846000
4.700000,134.457000,131.256000,126.307000,129.794000
4.800000,133.069000,127.554000,128.006000,133.174000
4.900000,130.976000,131.746000,125.062000,133.312000
5.000000,133.938000,131.554000,129.890000,131.997000
5.100000,134.114000,132.128000,126.579000,131.609000
5.200000,128.725000,130.866000,129.042000,132.229000
5.300000,133.225000,130.106000,128.396000,127.972000
5.400000,134.247000,128.478000,128.448000,129.619000
5.500000,134.268000,127.260000,131.151000,129.225000
5.600000,132.382000,130.323000,129.759000,129.759000
5.700000,130.929000,128.027000,127.248000,131.042000
5.800000,130.658000,129.778000,130.502000,130.773000
5.900000,133.689000,126.739000,131.155000,133.101000
6.000000,135.465000,128.761000,129.146000,129.655000
6.100000,136.187000,131.224000,130.104000,131.357000
6.200000,132.547000,127.700000,129.078000,132.617000
6.300000,130.981000,130.679000,134.996000,131.540000
6.400000,127.698000,131.276000,133.449000,129.509000
6.500000,127.909000,131.537000,130.516000,132.113000
6.600000,130.642000,132.742000,129.509000,133.706000
6.700000,131.768000,129.801000,129.721000,129.878000
6.800000,127.680000,129.605000,133.558000,131.065000
6.900000,127.124000,128.742000,130.885000,130.825000
7.000000,125.373000,134.982000,132.274000,130.504000
7.100000,126.846000,131.745000,130.307000,131.267000
7.200000,127.631000,129.301000,132.353000,132.373000
7.300000,131.383000,130.805000,130.248000,131.829000
7.400000,128.433000,129.928000,130.866000,132.565000
7.500000,128.541000,129.069000,130.702000,131.910000
7.600000,127.428000,132.027000,127.390000,130.369000
7.700000,132.089000,128.008000,127.967000,130.597000
7.800000,131.151000,128.817000,130.228000,129.968000
7.900000,133.086000,131.363000,128.908000,130.877000
8.000000,133.459000,132.694000,128.602000,130.830000
8.100000,134.091000,130.941000,132.895000,131.987000
8.200000,132.041000,128.988000,130.765000,129.699000
8.300000,132.161000,128.994000,135.092000,129.119000
8.400000,131.601000,128.092000,131.475000,130.364000
8.500000,132.656000,128.139000,130.806000,130.941000
8.600000,134.589000,126.623000,132.607000,130.258000
8.700000,131.651000,127.673000,128.469000,129.039000
8.800000,131.148000,126.859000,128.023000,130.822000
8.900000,130.910000,128.111000,129.902000,129.683000
9.000000,131.690000,128.542000,129.998000,132.757000
9.100000,134.959000,126.756000,130.409000,132.162000
9.200000,131.387000,130.299000,132.106000,134.370000
9.300000,131.383000,129.570000,132.378000,132.129000
9.400000,130.988000,128.488000,130.520000,130.127000
9.500000,131.533000,128.481000,130.975000,131.057000
9.600000,131.434000,129.470000,131.144000,133.382000
9.700000,135.573000,131.298000,131.841000,133.957000
9.800000,133.815000,128.320000,138.829000,132.665000
9.900000,131.682000,131.375000,134.003000,135.088000
10.000000,133.982000,129.228000,137.021000,132.554000
10.100000,134.470000,130.575000,133.180000,132.367000
10.200000,130.921000,130.175000,132.400000,129.798000
10.300000,130.972000,129.886000,137.453000,126.749000
10.400000,129.023000,130.315000,138.370000,132.165000
10.500000,127.861000,128.746000,137.254000,131.873000
10.600000,130.018000,128.431000,138.891000,132.552000
10.700000,132.606000,128.317000,132.637000,131.196000
10.800000,128.397000,129.701000,135.137000,133.862000
10.900000,132.266000,130.790000,132.647000,132.644000
11.000000,131.674000,127.988000,134.300000,134.143000
11.100000,131.101000,130.359000,132.538000,132.153000
11.200000,129.998000,129.963000,133.434000,135.074000
11.300000,127.466000,131.946000,133.109000,132.316000
11.400000,133.429000,134.703000,136.085000,129.881000
11.500000,131.972000,131.428000,137.834000,133.898000
11.600000,127.988000,130.584000,133.294000,132.802000
11.700000,129.804000,129.655000,131.703000,132.626000
11.800000,128.939000,129.805000,131.871000,132.850000
11.900000,128.423000,128.029000,130.969000,129.121000
12.000000,130.367000,131.123000,129.564000,129.988000
12.100000,130.020000,128.004000,127.960000,130.879000
12.200000,131.725000,130.820000,128.958000,132.609000
12.300000,133.801000,129.808000,130.446000,130.039000
12.400000,133.122000,130.536000,131.905000,131.552000
12.500000,132.662000,130.528000,131.943000,132.428000
12.600000,132.478000,130.598000,133.199000,129.108000
12.700000,126.653000,131.428000,139.149000,130.395000
12.800000,130.760000,127.962000,131.275000,133.748000
12.900000,132.442000,131.151000,136.849000,131.350000
13.000000,132.899000,130.881000,131.067000,131.235000
13.100000,132.524000,130.769000,135.628000,131.908000
13.200000,130.651000,133.834000,130.222000,132.612000
13.300000,130.256000,129.147000,133.581000,130.965000
13.400000,132.254000,130.760000,136.265000,134.078000
13.500000,132.894000,131.737000,134.399000,132.911000
13.600000,132.244000,130.637000,129.007000,132.412000
13.700000,130.546000,129.274000,133.988000,132.196000
13.800000,132.385000,128.231000,130.122000,131.533000
13.900000,127.871000,130.286000,132.140000,133.085000
14.000000,130.126000,128.830000,128.786000,131.034000
14.100000,130.650000,130.639000,131.982000,131.727000
14.200000,131.733000,130.619000,131.663000,130.092000
14.300000,131.060000,129.670000,129.469000,127.069000
14.400000,129.782000,130.729000,128.578000,126.601000
14.500000,129.712000,128.371000,130.923000,125.475000
14.600000,129.638000,129.397000,131.984000,129.491000
14.700000,136.384000,125.997000,130.789000,128.229000
14.800000,131.457000,128.168000,133.071000,127.635000
14.900000,134.116000,128.642000,133.358000,130.428000
15.000000,131.054000,127.417000,133.632000,133.317000
15.100000,133.553000,125.579000,133.149000,133.572000
15.200000,130.857000,124.593000,133.080000,128.773000
15.300000,131.193000,128.477000,130.107000,131.650000
15.400000,130.092000,127.105000,130.005000,128.147000
15.500000,131.881000,128.925000,132.187000,130.351000
15.600000,134.380000,129.599000,135.209000,127.064000
15.700000,131.805000,129.015000,133.291000,127.498000
15.800000,130.564000,131.722000,132.396000,128.284000
15.900000,128.538000,132.943000,132.225000,129.385000
16.000000,129.188000,132.456000,130.691000,129.931000
16.100000,127.522000,131.616000,133.519000,130.445000
16.200000,128.144000,132.222000,131.691000,128.078000
16.300000,131.871000,132.147000,131.774000,128.684000
16.400000,131.219000,131.037000,132.837000,128.509000
16.500000,129.185000,132.136000,129.084000,128.326000
16.600000,129.820000,129.565000,130.567000,128.118000
16.700000,129.324000,132.758000,130.431000,130.453000
16.800000,130.738000,130.448000,133.713000,127.150000
16.900000,134.087000,130.809000,134.250000,131.399000
17.000000,130.565000,132.218000,129.427000,129.488000
17.100000,131.946000,128.759000,132.105000,130.889000
17.200000,129.906000,131.339000,133.389000,130.169000
17.300000,132.439000,129.766000,134.519000,130.181000
17.400000,132.909000,129.908000,130.416000,132.462000
17.500000,133.032000,132.039000,131.892000,129.289000
17.600000,134.910000,133.434000,135.909000,128.915000
17.700000,132.703000,129.906000,131.294000,128.905000
17.800000,132.377000,131.020000,131.733000,127.502000
17.900000,132.643000,131.789000,128.003000,129.789000
18.000000,132.492000,129.026000,129.856000,127.565000
18.100000,135.042000,129.705000,132.159000,128.169000
18.200000,133.351000,129.419000,132.369000,130.286000
18.300000,132.631000,131.182000,136.161000,128.659000
18.400000,132.644000,132.421000,138.741000,129.365000
18.500000,135.039000,133.933000,127.452000,129.460000
18.600000,131.293000,131.944000,130.358000,127.159000
18.700000,133.896000,129.919000,129.784000,128.762000
18.800000,135.050000,130.776000,132.290000,129.174000
18.900000,130.568000,131.529000,134.789000,128.554000
19.000000,129.641000,132.669000,131.767000,129.196000
19.100000,127.222000,132.427000,131.812000,130.083000
19.200000,132.228000,130.619000,130.634000,127.299000
19.300000,128.359000,131.421000,132.359000,130.472000
19.400000,128.858000,128.256000,132.587000,131.996000
19.500000,131.860000,131.201000,128.808000,128.645000
19.600000,132.452000,133.113000,132.813000,130.439000
19.700000,129.096000,133.825000,133.388000,129.703000
19.800000,130.468000,130.915000,136.365000,130.879000
19.900000,132.765000,132.790000,132.357000,128.620000
20.000000,128.840000,133.033000,132.691000,131.813000
20.100000,132.546000,131.780000,132.852000,128.927000
20.200000,133.528000,129.782000,134.956000,130.923000
20.300000,133.254000,129.343000,133.330000,131.797000
20.400000,132.763000,130.720000,142.325000,129.165000
20.500000,131.170000,131.610000,135.892000,131.788000
20.600000,132.759000,131.960000,134.219000,129.603000
20.700000,130.687000,129.787000,135.302000,128.630000
20.800000,128.579000,130.513000,135.184000,131.260000
20.900000,133.066000,133.529000,136.043000,129.240000
21.000000,131.519000,132.011000,141.507000,128.252000
21.100000,130.130000,131.647000,134.020000,127.975000
21.200000,132.650000,131.946000,130.055000,130.280000
21.300000,129.552000,132.000000,131.589000,129.673000
21.400000,133.624000,133.588000,129.690000,128.390000
21.500000,129.167000,130.675000,131.643000,130.056000
21.600000,131.169000,131.649000,133.411000,130.061000
21.700000,131.120000,131.271000,135.078000,130.711000
21.800000,131.649000,132.051000,131.926000,129.220000
21.900000,129.235000,134.339000,134.578000,129.742000
22.000000,131.950000,131.271000,137.335000,132.264000
22.100000,131.023000,132.436000,138.072000,129.101000
22.200000,135.054000,128.524000,138.131000,129.921000
22.300000,132.529000,132.444000,130.407000,130.888000
22.400000,134.292000,132.282000,134.259000,128.809000
22.500000,132.865000,131.490000,134.719000,130.381000
22.600000,129.979000,135.566000,132.350000,130.283000
22.700000,133.176000,133.909000,132.313000,129.951000
22.800000,131.138000,130.859000,132.591000,132.902000
22.900000,132.359000,129.381000,130.945000,131.346000
23.000000,135.692000,130.904000,130.149000,130.196000
23.100000,134.796000,132.428000,132.061000,131.242000
23.200000,132.802000,131.138000,130.313000,132.614000
23.300000,131.231000,128.959000,128.360000,132.680000
23.400000,130.634000,129.422000,131.810000,131.697000
23.500000,130.826000,129.471000,128.252000,130.159000
23.600000,133.781000,129.346000,132.988000,129.025000
23.700000,133.851000,128.264000,130.118000,129.418000
23.800000,133.244000,128.777000,130.437000,127.947000
23.900000,131.786000,131.201000,131.430000,129.280000
24.000000,132.581000,128.781000,134.231000,128.360000
24.100000,132.850000,132.117000,129.925000,130.418000
24.200000,133.912000,132.267000,132.394000,131.191000
24.300000,137.844000,131.262000,134.318000,130.933000
24.400000,138.430000,129.567000,132.395000,129.649000
24.500000,135.508000,134.584000,130.805000,129.891000
24.600000,135.426000,130.740000,135.795000,130.811000
24.700000,135.975000,132.814000,131.800000,133.330000
24.800000,134.498000,130.601000,134.798000,135.270000
24.900000,135.030000,133.597000,139.255000,131.273000
25.000000,136.242000,129.510000,132.395000,131.161000
25.100000,136.967000,129.216000,142.653000,131.086000
25.200000,135.502000,132.662000,140.581000,132.264000
25.300000,133.907000,129.743000,141.567000,132.878000
25.400000,134.048000,129.013000,139.707000,132.987000
25.500000,134.694000,130.937000,140.083000,131.525000
25.600000,131.255000,131.514000,137.226000,132.102000
25.700000,131.469000,126.000000,139.531000,132.265000
25.800000,133.846000,131.981000,135.705000,134.034000
25.900000,134.462000,132.033000,137.529000,135.933000
26.000000,130.210000,129.617000,132.379000,135.388000
26.100000,132.598000,132.228000,137.437000,133.799000
26.200000,135.951000,134.235000,133.367000,130.806000
26.300000,131.679000,132.622000,132.338000,135.744000
26.400000,135.113000,130.172000,131.028000,135.712000
26.500000,131.575000,132.900000,130.020000,133.712000
26.600000,133.131000,134.612000,135.534000,132.708000
26.700000,132.412000,130.824000,130.756000,137.270000
26.800000,130.567000,131.658000,131.479000,136.858000
26.900000,132.647000,129.656000,133.032000,136.318000
27.000000,132.583000,130.781000,133.164000,134.350000
27.100000,134.216000,130.246000,134.079000,132.728000
27.200000,133.115000,132.115000,139.156000,130.286000
27.300000,133.483000,130.034000,136.897000,131.547000
27.400000,134.559000,131.470000,135.300000,135.129000
27.500000,132.344000,130.780000,132.748000,134.816000
27.600000,134.471000,128.204000,138.008000,135.105000
27.700000,132.397000,130.069000,130.803000,135.644000
27.800000,133.406000,128.242000,128.479000,133.385000
27.900000,133.803000,125.428000,135.860000,134.327000
28.000000,134.428000,128.897000,131.816000,131.962000
28.100000,132.685000,128.927000,130.951000,131.106000
28.200000,133.339000,133.178000,132.329000,129.022000
28.300000,130.128000,130.369000,130.420000,132.250000
28.400000,132.633000,128.058000,131.059000,131.221000
28.500000,135.174000,127.816000,130.454000,130.495000
28.600000,129.860000,129.536000,130.743000,133.508000
28.700000,130.016000,126.934000,132.087000,131.751000
28.800000,132.952000,128.179000,132.293000,130.550000
28.900000,130.695000,129.088000,132.308000,132.509000
29.000000,131.235000,129.314000,131.802000,131.089000
29.100000,132.002000,129.619000,129.503000,129.010000
29.200000,131.039000,125.898000,127.718000,129.691000
29.300000,129.867000,125.894000,129.088000,132.169000
29.400000,129.251000,125.052000,131.266000,130.252000
29.500000,128.659000,124.969000,129.450000,132.200000
29.600000,127.972000,123.912000,128.218000,133.456000
29.700000,133.192000,127.460000,129.912000,131.578000
29.800000,132.064000,126.852000,132.035000,131.645000
29.900000,132.857000,127.157000,131.040000,131.288000
30.000000,128.750000,126.040000,129.041000,131.789000
30.100000,129.877000,126.049000,130.057000,128.824000
30.200000,127.147000,128.430000,135.365000,131.784000
30.300000,131.405000,126.763000,128.028000,131.717000
30.400000,131.998000,127.468000,131.550000,130.917000
30.500000,134.621000,130.420000,129.571000,133.641000
30.600000,132.155000,131.368000,129.826000,133.937000
30.700000,134.317000,132.258000,129.562000,132.308000
30.800000,132.076000,129.115000,129.179000,131.198000
30.900000,130.530000,129.149000,130.910000,131.742000
31.000000,131.988000,131.015000,132.156000,129.458000
31.100000,133.540000,129.037000,133.166000,129.483000
31.200000,131.432000,127.784000,132.761000,129.855000
31.300000,135.608000,131.390000,132.930000,132.532000
31.400000,133.845000,127.059000,131.585000,130.276000
31.500000,131.669000,129.099000,133.276000,126.974000
31.600000,133.448000,126.044000,132.110000,129.367000
31.700000,135.180000,126.070000,132.851000,132.422000
31.800000,133.092000,125.560000,131.307000,131.142000
31.900000,134.673000,125.830000,130.379000,132.444000
32.000000,136.582000,129.276000,130.322000,130.133000
32.100000,133.790000,125.580000,127.848000,133.386000
32.200000,137.009000,126.568000,133.402000,132.708000
32.300000,138.063000,127.609000,131.069000,134.684000
32.400000,135.160000,127.914000,129.611000,132.144000
32.500000,140.715000,128.043000,129.536000,131.072000
32.600000,138.986000,130.329000,132.166000,134.512000
32.700000,139.073000,127.740000,130.863000,131.398000
32.800000,133.971000,128.443000,132.423000,132.083000
32.900000,139.994000,127.157000,131.100000,131.242000
33.000000,139.009000,127.877000,131.512000,131.972000
33.100000,136.979000,126.308000,132.707000,129.576000
33.200000,138.006000,128.153000,133.483000,129.923000
33.300000,138.468000,128.986000,136.041000,128.706000
33.400000,133.145000,127.694000,137.627000,130.153000
33.500000,135.090000,130.398000,136.210000,129.723000
33.600000,132.679000,132.071000,136.793000,132.339000
33.700000,134.141000,126.644000,137.067000,131.489000
33.800000,131.072000,126.360000,133.313000,130.091000
33.900000,131.593000,126.840000,134.582000,134.182000
34.000000,131.937000,131.200000,136.035000,131.043000
34.100000,132.588000,126.386000,137.864000,129.959000
34.200000,132.389000,130.119000,139.621000,130.503000
34.300000,130.630000,129.410000,137.386000,130.319000
34.400000,136.273000,127.960000,140.288000,130.093000
34.500000,131.418000,128.007000,137.556000,127.970000
34.600000,135.086000,125.223000,134.366000,131.879000
34.700000,134.869000,122.940000,136.661000,130.233000
34.800000,134.660000,129.845000,135.807000,132.140000
34.900000,133.598000,127.974000,135.330000,127.304000
35.000000,132.754000,127.294000,134.850000,130.290000
35.100000,134.030000,128.381000,136.268000,129.977000
35.200000,132.372000,129.273000,136.135000,129.530000
35.300000,132.082000,129.031000,132.919000,129.384000
35.400000,135.437000,127.117000,135.715000,128.834000
35.500000,133.464000,129.742000,135.927000,132.727000
35.600000,134.012000,127.147000,134.191000,128.586000
35.700000,133.812000,126.855000,133.999000,131.186000
35.800000,137.628000,124.646000,133.958000,129.080000
35.900000,136.332000,126.844000,137.276000,132.540000
36.000000,136.294000,125.656000,139.877000,130.571000
36.100000,137.417000,125.020000,134.735000,132.651000
36.200000,139.763000,124.118000,138.358000,130.136000
36.300000,136.471000,127.281000,134.542000,127.286000
36.400000,134.842000,127.285000,135.423000,130.171000
36.500000,133.757000,124.272000,134.031000,129.011000
36.600000,134.104000,128.156000,133.122000,128.943000
36.700000,133.605000,126.975000,132.423000,130.620000
36.800000,137.010000,124.900000,133.985000,129.543000
36.900000,138.138000,124.148000,132.081000,132.291000
37.000000,133.969000,122.902000,130.637000,129.943000
37.100000,130.830000,125.054000,131.009000,131.540000
37.200000,130.868000,123.324000,130.209000,129.028000
37.300000,130.458000,123.574000,130.990000,130.264000
37.400000,132.431000,126.140000,129.943000,130.092000
37.500000,129.676000,125.739000,131.347000,127.900000
37.600000,131.386000,129.066000,129.112000,128.638000
37.700000,123.604000,127.939000,132.550000,130.663000
37.800000,129.862000,126.621000,132.819000,127.699000
37.900000,132.377000,127.850000,124.515000,128.035000
38.000000,131.874000,128.431000,129.547000,127.218000
38.100000,132.889000,125.425000,128.697000,128.654000
38.200000,136.072000,128.552000,125.199000,128.106000
38.300000,135.163000,127.478000,126.798000,128.736000
38.400000,134.401000,125.855000,126.375000,130.747000
38.500000,130.514000,126.893000,126.318000,127.901000
38.600000,131.428000,128.849000,124.404000,129.615000
38.700000,134.343000,128.580000,133.846000,132.803000
38.800000,131.278000,128.107000,126.696000,129.628000
38.900000,131.410000,126.264000,126.814000,130.266000
39.000000,131.780000,129.035000,122.351000,132.244000
39.100000,128.240000,125.565000,129.900000,131.474000
39.200000,128.602000,125.717000,130.729000,131.238000
39.300000,130.564000,128.860000,132.746000,132.214000
39.400000,129.301000,128.790000,130.821000,132.011000
39.500000,128.349000,128.752000,119.261000,131.277000
39.600000,131.016000,128.290000,120.320000,131.225000
39.700000,133.709000,126.641000,125.602000,134.012000
39.800000,130.549000,128.937000,129.841000,131.899000
39.900000,131.319000,128.455000,128.413000,134.759000
40.000000,129.332000,125.596000,130.003000,131.050000
40.100000,127.366000,127.100000,121.578000,131.498000
40.200000,129.499000,128.465000,129.170000,130.812000
40.300000,129.971000,128.016000,122.754000,134.497000
40.400000,130.050000,127.690000,123.056000,130.677000
40.500000,130.726000,130.293000,123.463000,129.800000
40.600000,127.711000,127.811000,127.111000,130.227000
40.700000,132.453000,127.514000,129.582000,133.228000
40.800000,131.043000,128.138000,132.092000,132.381000
40.900000,130.081000,128.102000,132.080000,131.204000
41.000000,130.534000,131.337000,129.424000,136.071000
41.100000,127.984000,129.441000,129.014000,132.531000
41.200000,130.207000,125.679000,135.294000,132.171000
41.300000,129.737000,127.756000,129.072000,129.793000
41.400000,130.104000,125.263000,136.305000,131.356000
41.500000,133.508000,126.797000,135.488000,130.238000
41.600000,130.530000,124.394000,132.819000,133.327000
41.700000,128.426000,124.895000,133.495000,136.620000
41.800000,129.402000,127.628000,130.149000,133.294000
41.900000,132.560000,125.914000,130.331000,128.860000
42.000000,132.668000,128.116000,128.246000,133.183000
42.100000,130.578000,126.409000,129.018000,133.208000
42.200000,134.801000,127.978000,128.958000,134.615000
42.300000,130.978000,127.666000,130.105000,132.008000
42.400000,131.426000,125.821000,128.804000,133.309000
42.500000,129.972000,125.561000,130.606000,131.814000
42.600000,131.859000,126.490000,130.980000,132.981000
42.700000,130.760000,126.761000,132.290000,135.845000
42.800000,131.969000,124.892000,130.154000,133.006000
42.900000,134.213000,127.729000,130.093000,135.449000
43.000000,133.760000,125.520000,133.158000,135.593000
43.100000,133.944000,127.815000,129.230000,135.864000
43.200000,133.170000,127.087000,129.271000,133.349000
43.300000,137.976000,125.624000,128.301000,132.980000
43.400000,133.501000,126.719000,129.131000,133.675000
43.500000,133.555000,128.745000,128.445000,136.426000
43.600000,134.253000,125.947000,127.434000,134.415000
43.700000,132.979000,122.654000,125.786000,138.439000
43.800000,133.843000,127.476000,126.667000,131.464000
43.900000,134.732000,125.684000,127.533000,133.748000
44.000000,136.347000,126.177000,125.613000,136.190000
44.100000,136.107000,123.461000,128.676000,134.334000
44.200000,135.798000,124.331000,126.175000,134.552000
44.300000,133.361000,125.716000,126.297000,134.129000
44.400000,132.548000,124.229000,127.759000,132.415000
44.500000,136.307000,124.526000,124.198000,132.602000
44.600000,130.424000,124.064000,124.737000,132.266000
44.700000,131.206000,125.902000,124.309000,133.894000
44.800000,131.144000,124.153000,128.144000,134.913000
44.900000,129.637000,123.764000,129.901000,136.311000
45.000000,132.417000,126.532000,124.286000,138.589000
45.100000,131.496000,125.651000,129.439000,132.241000
45.200000,129.395000,127.292000,124.727000,138.009000
45.300000,131.452000,126.165000,126.208000,135.417000
45.400000,129.403000,122.839000,129.795000,134.836000
45.500000,131.272000,124.437000,127.107000,131.124000
45.600000,134.541000,126.356000,128.014000,132.697000
45.700000,132.764000,127.235000,128.622000,130.991000
45.800000,133.074000,122.898000,127.304000,130.228000
45.900000,133.168000,126.612000,129.894000,130.907000
46.000000,133.966000,127.544000,130.078000,130.937000
46.100000,134.487000,125.543000,127.549000,130.155000
46.200000,130.009000,127.844000,127.965000,127.689000
46.300000,132.166000,126.673000,127.095000,134.129000
46.400000,133.571000,127.839000,127.350000,132.434000
46.500000,135.029000,127.425000,130.658000,132.696000
46.600000,134.098000,127.495000,128.946000,132.459000
46.700000,135.130000,125.031000,129.853000,133.473000
46.800000,131.784000,125.991000,130.858000,131.502000
46.900000,131.318000,125.471000,131.938000,132.123000
47.000000,129.869000,125.693000,130.375000,134.587000
47.100000,131.627000,126.362000,128.574000,132.555000
47.200000,132.353000,126.137000,132.218000,130.372000
47.300000,132.834000,130.169000,128.065000,132.282000
47.400000,134.354000,129.315000,129.623000,133.585000
47.500000,134.103000,130.304000,130.127000,131.643000
47.600000,132.676000,128.882000,128.286000,129.594000
47.700000,131.886000,129.012000,131.123000,133.162000
47.800000,133.280000,125.977000,131.708000,133.153000
47.900000,134.800000,130.500000,127.941000,131.846000
48.000000,132.645000,125.810000,131.472000,132.865000
48.100000,133.260000,127.573000,130.149000,132.601000
48.200000,132.351000,128.513000,131.283000,134.052000
48.300000,132.462000,129.450000,129.665000,130.152000
48.400000,136.277000,127.392000,131.537000,133.582000
48.500000,133.865000,126.316000,129.184000,132.066000
48.600000,134.602000,124.413000,131.657000,133.630000
48.700000,134.607000,125.375000,129.056000,133.847000
48.800000,135.973000,123.267000,127.543000,134.764000
48.900000,134.452000,126.340000,132.962000,130.481000
49.000000,137.645000,126.837000,129.356000,134.459000
49.100000,137.413000,123.163000,129.043000,133.733000
49.200000,134.949000,125.077000,131.137000,133.759000
49.300000,138.115000,125.209000,129.154000,131.435000
49.400000,138.758000,125.626000,119.463000,129.976000
49.500000,136.203000,126.553000,131.295000,133.115000
49.600000,137.225000,124.813000,133.630000,132.629000
49.700000,132.634000,125.167000,130.899000,134.298000
49.800000,134.259000,127.349000,130.429000,135.090000
49.900000,136.176000,133.231000,131.815000,137.185000
50.000000,137.256000,128.400000,128.065000,136.505000
50.100000,136.461000,131.094000,129.566000,135.503000
50.200000,133.011000,129.160000,127.135000,139.219000
50.300000,130.392000,125.205000,128.196000,138.561000
50.400000,133.431000,131.946000,127.082000,134.500000
50.500000,131.625000,128.079000,129.049000,137.741000
50.600000,134.762000,129.847000,130.979000,133.711000
50.700000,132.235000,127.866000,130.671000,134.869000
50.800000,134.498000,129.741000,130.876000,137.094000
50.900000,134.086000,125.639000,129.482000,138.489000
51.000000,132.213000,128.387000,129.464000,134.895000
51.100000,130.825000,126.485000,131.368000,143.238000
51.200000,130.855000,131.049000,129.701000,140.365000
51.300000,133.586000,130.735000,130.277000,138.325000
51.400000,132.725000,130.885000,129.892000,136.772000
51.500000,133.480000,130.371000,130.148000,135.393000
51.600000,132.827000,127.615000,122.656000,132.809000
51.700000,133.958000,129.945000,124.574000,133.102000
51.800000,134.306000,128.267000,118.658000,132.123000
51.900000,129.042000,131.189000,120.503000,131.987000
52.000000,133.350000,129.999000,128.775000,133.849000
52.100000,131.483000,127.797000,125.154000,134.525000
52.200000,131.153000,129.616000,126.818000,133.645000
52.300000,135.851000,128.519000,120.044000,135.706000
52.400000,132.663000,129.541000,123.792000,136.237000
52.500000,134.377000,127.936000,116.294000,136.590000
52.600000,128.728000,127.641000,116.383000,136.211000
52.700000,128.909000,126.142000,117.245000,137.315000
52.800000,131.814000,130.258000,131.324000,136.433000
52.900000,130.383000,130.197000,114.519000,138.896000
53.000000,131.293000,129.455000,129.510000,136.511000
53.100000,133.118000,127.133000,130.403000,138.203000
53.200000,129.884000,126.359000,130.821000,135.037000
53.300000,130.532000,124.052000,129.277000,139.544000
53.400000,132.330000,125.562000,132.482000,136.864000
53.500000,129.596000,127.307000,118.638000,135.820000
53.600000,130.124000,127.796000,121.287000,136.005000
53.700000,130.157000,127.843000,122.924000,134.387000
53.800000,129.211000,131.264000,127.462000,133.655000
53.900000,130.272000,125.490000,133.371000,135.788000
54.000000,130.861000,127.421000,129.382000,137.080000
54.100000,134.082000,130.161000,130.005000,139.324000
54.200000,131.235000,128.051000,126.438000,135.688000
54.300000,129.807000,127.843000,128.160000,133.278000
54.400000,131.503000,124.275000,126.464000,135.651000
54.500000,130.367000,125.244000,124.375000,133.029000
54.600000,130.486000,124.671000,133.357000,135.772000
54.700000,133.736000,128.403000,131.485000,135.181000
54.800000,132.402000,129.056000,129.505000,137.866000
54.900000,132.893000,128.173000,130.871000,139.216000
55.000000,134.798000,128.146000,134.529000,139.622000
55.100000,135.068000,126.764000,136.528000,137.000000
55.200000,129.136000,127.358000,138.801000,134.308000
55.300000,130.578000,125.570000,139.946000,133.887000
55.400000,130.805000,126.078000,133.680000,132.725000
55.500000,136.304000,127.804000,137.991000,134.317000
55.600000,132.212000,126.513000,138.763000,137.374000
55.700000,133.432000,128.674000,137.082000,136.976000
55.800000,133.318000,128.958000,137.884000,134.913000
55.900000,132.550000,128.324000,136.222000,133.563000
56.000000,133.766000,130.200000,138.158000,137.139000
56.100000,136.274000,130.739000,139.805000,141.498000
56.200000,134.707000,131.202000,140.029000,136.437000
56.300000,130.038000,128.350000,138.953000,134.433000
56.400000,132.764000,127.911000,137.315000,132.041000
56.500000,131.445000,126.675000,135.003000,134.327000
56.600000,132.128000,128.150000,133.551000,132.140000
56.700000,133.549000,135.570000,130.771000,132.290000
56.800000,132.194000,126.218000,132.894000,133.013000
56.900000,132.336000,130.792000,135.900000,132.649000
57.000000,130.624000,128.175000,134.712000,134.364000
57.100000,129.706000,128.285000,128.862000,131.494000
57.200000,130.338000,128.838000,135.414000,134.068000
57.300000,131.525000,127.619000,138.776000,134.545000
57.400000,130.823000,127.905000,135.797000,130.110000
57.500000,130.845000,127.812000,134.660000,129.795000
57.600000,132.456000,128.104000,135.765000,133.957000
57.700000,130.276000,125.331000,130.268000,133.970000
57.800000,135.457000,126.553000,129.676000,131.831000
57.900000,132.020000,126.565000,131.982000,129.847000
58.000000,130.912000,128.111000,136.132000,131.203000
58.100000,132.337000,126.413000,132.789000,133.618000
58.200000,134.319000,132.347000,129.762000,134.176000
58.300000,132.618000,127.968000,134.398000,132.335000
58.400000,130.866000,124.481000,137.173000,135.796000
58.500000,131.083000,126.239000,136.834000,133.447000
58.600000,131.877000,125.892000,138.853000,132.482000
58.700000,131.867000,123.389000,138.815000,134.906000
58.800000,129.128000,124.980000,132.889000,133.305000
58.900000,130.834000,123.120000,132.034000,132.581000
59.000000,131.089000,123.603000,134.766000,133.431000
59.100000,132.307000,123.686000,137.040000,133.582000
59.200000,129.964000,125.523000,130.616000,133.655000
59.300000,130.039000,125.972000,131.126000,135.217000
59.400000,133.988000,124.125000,133.294000,130.252000
59.500000,131.165000,125.212000,126.647000,134.108000
59.600000,133.134000,125.760000,134.154000,135.950000
59.700000,130.170000,124.849000,134.847000,132.478000
59.800000,128.663000,125.270000,135.120000,131.255000
59.900000,129.255000,123.626000,136.875000,130.925000
60.000000,130.591000,125.923000,136.134000,131.847000
60.100000,131.253000,124.106000,137.970000,132.912000
60.200000,133.113000,125.676000,144.494000,133.527000
60.300000,129.552000,128.083000,136.725000,134.028000
60.400000,131.144000,126.271000,137.966000,137.788000
60.500000,131.506000,129.630000,137.113000,131.865000
60.600000,130.667000,124.706000,135.985000,135.950000
60.700000,128.883000,124.473000,136.203000,135.374000
60.800000,130.089000,123.179000,136.368000,136.992000
60.900000,128.741000,127.541000,135.353000,135.897000
61.000000,133.244000,126.919000,137.717000,137.803000
61.100000,133.762000,127.852000,137.826000,136.515000
61.200000,131.985000,129.272000,136.403000,138.976000
61.300000,132.850000,125.098000,137.604000,137.003000
61.400000,131.730000,126.944000,138.490000,138.329000
61.500000,131.685000,126.691000,136.399000,139.925000
61.600000,129.620000,125.397000,137.277000,136.594000
61.700000,131.707000,125.019000,135.305000,136.205000
61.800000,133.896000,124.353000,128.194000,135.099000
61.900000,131.221000,126.361000,132.276000,140.321000
62.000000,132.620000,129.845000,129.460000,137.479000
62.100000,133.434000,128.277000,120.776000,136.136000
62.200000,130.274000,131.868000,129.445000,135.576000
62.300000,134.229000,128.679000,129.447000,138.443000
62.400000,129.700000,130.178000,129.708000,133.356000
62.500000,132.875000,130.385000,131.337000,135.150000
62.600000,132.926000,128.202000,127.990000,136.725000
62.700000,132.854000,129.066000,128.779000,133.487000
62.800000,132.871000,129.389000,126.729000,136.095000
62.900000,134.535000,131.370000,131.187000,135.216000
63.000000,129.910000,127.753000,132.931000,134.436000
63.100000,129.660000,131.312000,126.439000,135.524000
63.200000,130.961000,129.175000,127.932000,138.234000
63.300000,131.889000,127.660000,131.221000,137.832000
63.400000,132.605000,129.717000,131.461000,137.004000
63.500000,132.901000,129.810000,132.125000,134.979000
63.600000,132.231000,129.200000,134.028000,135.308000
63.700000,131.929000,128.519000,127.633000,134.699000
63.800000,133.732000,130.274000,135.713000,134.335000
63.900000,131.572000,127.015000,129.577000,133.834000
64.000000,131.774000,129.312000,135.671000,135.852000
64.100000,133.423000,128.984000,136.641000,132.424000
64.200000,131.462000,128.909000,134.833000,130.010000
64.300000,130.866000,128.520000,134.844000,131.014000
64.400000,129.469000,129.784000,133.612000,135.226000
64.500000,126.056000,127.034000,133.556000,132.875000
64.600000,128.115000,128.734000,137.181000,134.161000
64.700000,128.687000,130.192000,136.272000,134.889000
64.800000,128.871000,127.774000,133.904000,133.505000
64.900000,130.163000,131.135000,129.794000,133.266000
65.000000,128.220000,128.459000,131.243000,133.756000
65.100000,129.374000,128.432000,133.332000,132.812000
65.200000,132.916000,129.366000,133.227000,134.403000
65.300000,131.319000,129.438000,130.342000,134.612000
65.400000,130.223000,128.655000,134.764000,134.218000
65.500000,134.257000,130.548000,134.133000,138.897000
65.600000,133.134000,129.322000,133.048000,137.917000
65.700000,128.513000,130.800000,138.418000,136.429000
65.800000,132.452000,127.119000,135.383000,135.014000
65.900000,132.184000,128.678000,136.866000,132.708000
66.000000,134.960000,126.674000,138.644000,135.982000
66.100000,134.761000,130.105000,134.253000,138.100000
66.200000,129.190000,128.449000,139.353000,134.587000
66.300000,132.611000,129.757000,135.729000,134.109000
66.400000,131.531000,129.892000,134.411000,134.858000
66.500000,129.745000,129.145000,126.702000,137.277000
66.600000,132.202000,132.210000,128.653000,137.990000
66.700000,132.014000,128.843000,135.944000,136.977000
66.800000,132.010000,130.067000,131.213000,140.324000
66.900000,133.409000,128.300000,128.863000,138.851000
67.000000,135.888000,129.060000,125.181000,140.415000
67.100000,137.333000,128.227000,132.037000,139.498000
67.200000,129.474000,129.475000,127.646000,136.781000
67.300000,129.736000,128.661000,127.008000,140.380000
67.400000,131.785000,127.956000,126.150000,140.747000
67.500000,129.398000,130.090000,136.788000,139.014000
67.600000,127.057000,131.476000,129.236000,137.682000
67.700000,128.229000,131.569000,128.893000,138.395000
67.800000,131.070000,129.471000,128.668000,139.330000
67.900000,132.347000,132.955000,135.088000,138.348000
68.000000,130.832000,130.868000,132.266000,137.003000
68.100000,130.305000,131.732000,122.372000,136.242000
68.200000,130.984000,129.459000,130.361000,138.812000
68.300000,127.608000,130.481000,125.376000,139.251000
68.400000,129.563000,130.747000,127.937000,138.716000
68.500000,133.680000,131.345000,128.413000,136.389000
68.600000,128.832000,132.044000,126.416000,135.507000
68.700000,131.174000,131.016000,126.535000,134.864000
68.800000,127.894000,130.579000,126.278000,140.588000
68.900000,130.492000,131.515000,129.830000,139.570000
69.000000,128.081000,130.668000,134.204000,134.750000
69.100000,126.155000,132.447000,132.816000,137.949000
69.200000,128.206000,130.530000,132.206000,136.675000
69.300000,129.572000,131.810000,130.946000,133.071000
69.400000,130.717000,131.835000,130.983000,136.719000
69.500000,132.996000,129.997000,125.081000,135.378000
69.600000,131.256000,130.886000,128.417000,138.556000
69.700000,130.398000,130.229000,130.657000,137.565000
69.800000,132.312000,127.552000,131.060000,135.837000
69.900000,132.955000,129.914000,133.193000,135.829000
70.000000,129.668000,128.377000,129.157000,138.812000
70.100000,131.038000,129.603000,129.132000,138.303000
70.200000,131.042000,130.749000,125.381000,138.073000
70.300000,130.234000,131.450000,128.475000,140.613000
70.400000,128.386000,132.373000,128.632000,140.974000
70.500000,129.283000,129.450000,128.313000,138.195000
70.600000,128.116000,128.300000,134.155000,139.053000
70.700000,133.058000,129.584000,131.434000,137.340000
70.800000,128.158000,131.084000,132.977000,136.983000
70.900000,127.533000,131.400000,134.602000,140.819000
71.000000,127.738000,133.579000,129.971000,135.749000
71.100000,129.620000,131.233000,133.143000,141.192000
71.200000,130.153000,129.456000,133.222000,135.341000
71.300000,127.883000,130.383000,133.852000,136.449000
71.400000,126.966000,129.596000,135.300000,136.738000
71.500000,129.787000,130.049000,130.758000,141.082000
71.600000,127.619000,130.300000,129.263000,136.236000
71.700000,129.221000,130.129000,129.558000,137.465000
71.800000,130.497000,133.336000,124.983000,138.211000
71.900000,129.542000,130.743000,127.508000,137.125000
72.000000,130.225000,129.443000,130.100000,134.874000
72.100000,124.932000,128.564000,125.173000,135.889000
72.200000,130.160000,126.322000,128.102000,137.046000
72.300000,130.935000,129.682000,126.465000,139.587000
72.400000,125.798000,131.447000,131.440000,137.626000
72.500000,127.084000,129.286000,130.037000,135.241000
72.600000,129.603000,129.075000,132.632000,140.335000
72.700000,126.400000,130.242000,139.102000,137.938000
72.800000,129.635000,132.390000,135.718000,138.164000
72.900000,129.207000,128.766000,130.047000,138.196000
73.000000,127.764000,131.111000,129.338000,139.817000
73.100000,128.504000,131.891000,129.065000,138.259000
73.200000,127.410000,130.441000,125.505000,140.075000
73.300000,127.194000,126.648000,127.937000,142.098000
73.400000,128.313000,125.762000,128.829000,140.461000
73.500000,128.781000,127.062000,126.506000,139.140000
73.600000,130.520000,126.212000,132.506000,139.173000
73.700000,128.326000,127.489000,128.970000,142.837000
73.800000,128.420000,129.761000,134.060000,144.077000
73.900000,125.929000,127.720000,128.710000,146.329000
74.000000,129.773000,130.534000,128.382000,145.270000
74.100000,127.457000,132.192000,127.959000,144.419000
74.200000,126.143000,130.997000,126.792000,145.256000
74.300000,129.045000,131.897000,125.274000,144.368000
74.400000,128.779000,132.600000,126.340000,147.411000
74.500000,127.301000,129.184000,127.103000,144.687000
74.600000,128.465000,130.320000,128.239000,142.638000
74.700000,130.373000,133.616000,127.508000,141.819000
74.800000,127.050000,130.222000,124.600000,142.368000
74.900000,125.828000,128.240000,126.429000,141.454000
75.000000,130.236000,129.792000,130.739000,141.502000
75.100000,128.803000,131.389000,131.206000,142.386000
75.200000,126.585000,127.438000,126.741000,147.393000
75.300000,126.627000,132.899000,123.968000,148.352000
75.400000,127.243000,136.017000,127.526000,148.918000
75.500000,126.587000,132.388000,127.620000,146.814000
75.600000,127.373000,128.155000,128.829000,149.605000
75.700000,128.798000,136.612000,129.045000,147.543000
75.800000,131.057000,136.548000,127.258000,147.467000
75.900000,131.135000,137.276000,127.253000,141.822000
76.000000,130.491000,138.023000,127.090000,147.965000
76.100000,129.312000,137.597000,128.779000,147.765000
76.200000,126.160000,134.579000,128.956000,143.619000
76.300000,129.542000,135.129000,132.928000,141.184000
76.400000,127.766000,128.755000,131.293000,144.524000
76.500000,129.972000,129.176000,128.756000,139.599000
76.600000,132.423000,135.834000,126.504000,141.680000
76.700000,129.231000,136.999000,126.265000,143.084000
76.800000,131.362000,138.355000,125.873000,143.169000
76.900000,127.479000,127.961000,127.030000,145.662000
77.000000,128.989000,129.292000,127.998000,146.393000
77.100000,128.998000,133.435000,129.166000,141.973000
77.200000,128.663000,135.727000,128.861000,144.368000
77.300000,129.869000,139.379000,127.567000,144.406000
77.400000,129.099000,135.119000,128.237000,139.296000
77.500000,129.769000,133.302000,125.498000,142.743000
77.600000,129.768000,133.125000,129.352000,144.223000
77.700000,129.594000,131.360000,130.610000,149.242000
77.800000,131.466000,135.072000,129.061000,145.352000
77.900000,129.944000,130.109000,128.450000,147.528000
78.000000,131.497000,129.199000,125.006000,145.060000
78.100000,132.437000,131.947000,127.258000,147.067000
78.200000,128.310000,135.990000,127.009000,139.428000
78.300000,129.467000,129.707000,132.287000,140.602000
78.400000,130.505000,131.554000,126.240000,141.724000
78.500000,131.673000,129.334000,129.187000,142.788000
78.600000,131.086000,130.580000,120.969000,145.147000
78.700000,130.237000,129.929000,116.405000,140.244000
78.800000,132.077000,130.220000,119.793000,142.260000
78.900000,129.357000,133.313000,121.321000,144.927000
79.000000,128.998000,130.384000,121.233000,140.854000
79.100000,131.485000,134.643000,119.499000,139.410000
79.200000,130.545000,130.747000,118.801000,144.340000
79.300000,129.046000,131.739000,127.859000,143.159000
79.400000,130.156000,129.535000,128.334000,142.247000
79.500000,129.687000,133.183000,126.684000,143.029000
79.600000,127.452000,130.947000,127.510000,138.299000
79.700000,131.536000,131.035000,123.103000,139.869000
79.800000,128.548000,128.600000,123.887000,139.532000
79.900000,131.638000,129.283000,128.770000,138.645000
80.000000,131.539000,132.724000,119.340000,139.406000
80.100000,127.778000,129.208000,137.831000,141.327000
80.200000,130.492000,128.574000,134.237000,143.379000
80.300000,130.950000,131.548000,131.594000,142.456000
80.400000,127.685000,131.021000,129.810000,138.926000
80.500000,130.549000,132.902000,124.481000,140.584000
80.600000,130.173000,129.023000,121.527000,141.779000
80.700000,128.827000,130.753000,119.055000,140.850000
80.800000,131.030000,133.999000,119.636000,143.937000
80.900000,131.094000,133.091000,125.367000,142.736000
81.000000,129.056000,132.147000,124.943000,141.446000
81.100000,131.061000,134.043000,125.753000,141.082000
81.200000,129.021000,130.515000,127.047000,135.684000
81.300000,129.074000,132.368000,128.614000,140.968000
81.400000,127.610000,130.464000,125.732000,139.698000
81.500000,127.684000,132.375000,125.863000,140.177000
81.600000,125.204000,131.132000,125.871000,137.035000
81.700000,125.675000,129.233000,125.843000,137.614000
81.800000,126.578000,130.030000,125.826000,139.383000
81.900000,124.376000,131.028000,124.227000,140.426000
82.000000,128.969000,131.485000,122.779000,136.836000
82.100000,132.369000,134.237000,127.307000,138.626000
82.200000,133.476000,132.573000,128.130000,138.772000
82.300000,132.033000,133.747000,127.407000,139.454000
82.400000,127.928000,133.498000,128.799000,140.423000
82.500000,129.619000,132.010000,126.235000,140.018000
82.600000,130.775000,133.188000,124.108000,136.770000
82.700000,131.887000,132.630000,125.866000,138.599000
82.800000,131.003000,131.325000,124.750000,136.983000
82.900000,129.091000,133.377000,125.500000,136.768000
83.000000,131.324000,130.758000,133.170000,140.452000
83.100000,131.785000,131.881000,131.369000,141.362000
83.200000,130.491000,129.470000,133.403000,138.460000
83.300000,128.539000,131.017000,132.697000,141.946000
83.400000,133.091000,130.563000,133.151000,145.167000
83.500000,128.409000,131.239000,130.398000,142.364000
83.600000,129.912000,130.948000,132.131000,142.781000
83.700000,130.426000,131.941000,128.922000,145.433000
83.800000,129.965000,132.358000,128.022000,140.863000
83.900000,129.654000,132.506000,127.572000,144.802000
84.000000,126.430000,134.288000,128.564000,142.510000
84.100000,128.418000,132.634000,135.343000,141.223000
84.200000,129.771000,129.768000,133.082000,139.392000
84.300000,128.179000,130.257000,134.747000,138.813000
84.400000,126.284000,131.421000,131.994000,144.333000
84.500000,127.628000,132.002000,136.360000,137.251000
84.600000,128.217000,128.593000,136.917000,144.094000
84.700000,131.069000,130.083000,135.620000,141.892000
84.800000,128.334000,131.456000,133.985000,142.148000
84.900000,127.902000,130.245000,133.126000,141.591000
85.000000,126.278000,129.946000,132.260000,139.098000
85.100000,128.295000,129.850000,130.809000,141.038000
85.200000,127.627000,129.533000,128.592000,139.381000
85.300000,125.174000,130.304000,130.077000,141.353000
85.400000,125.014000,132.383000,131.155000,141.413000
85.500000,126.699000,131.774000,131.019000,138.794000
85.600000,126.377000,131.729000,130.260000,137.249000
85.700000,126.589000,137.236000,134.626000,139.766000
85.800000,126.219000,132.507000,135.932000,137.119000
85.900000,126.629000,133.191000,133.496000,138.390000
86.000000,128.314000,130.976000,133.253000,138.380000
86.100000,126.061000,129.859000,132.668000,140.351000
86.200000,125.649000,130.557000,132.406000,137.533000
86.300000,128.012000,131.326000,135.418000,138.149000
86.400000,126.673000,129.194000,136.659000,137.631000
86.500000,122.321000,130.503000,133.022000,139.802000
86.600000,127.598000,140.847000,129.732000,136.786000
86.700000,126.007000,133.304000,137.076000,138.202000
86.800000,125.810000,138.754000,134.521000,136.562000
86.900000,127.127000,138.758000,136.861000,137.741000
87.000000,127.380000,142.091000,134.694000,136.786000
87.100000,125.201000,134.560000,130.807000,133.496000
87.200000,128.480000,132.659000,132.622000,140.185000
87.300000,126.450000,129.095000,133.324000,138.641000
87.400000,124.987000,130.375000,136.570000,140.453000
87.500000,131.036000,130.224000,136.106000,138.789000
87.600000,128.922000,134.219000,136.986000,136.013000
87.700000,127.976000,132.235000,136.562000,135.755000
87.800000,131.042000,130.276000,134.776000,138.857000
87.900000,125.553000,132.646000,126.680000,138.697000
88.000000,128.173000,134.062000,125.222000,137.345000
88.100000,129.160000,132.600000,131.673000,136.727000
88.200000,129.315000,134.241000,128.734000,139.788000
88.300000,126.705000,132.639000,128.933000,140.914000
88.400000,129.832000,134.583000,126.971000,139.498000
88.500000,127.067000,130.082000,127.340000,136.273000
88.600000,128.267000,132.878000,128.509000,137.849000
88.700000,131.259000,134.148000,132.612000,137.673000
88.800000,127.534000,135.024000,127.352000,137.654000
88.900000,128.624000,133.518000,127.049000,137.057000
89.000000,125.730000,133.253000,127.251000,136.528000
89.100000,126.279000,135.181000,129.508000,143.845000
89.200000,133.746000,134.627000,129.344000,144.941000
89.300000,130.984000,131.833000,125.741000,141.444000
89.400000,129.079000,134.083000,128.187000,139.919000
89.500000,128.337000,132.479000,128.513000,140.861000
89.600000,129.419000,133.578000,129.936000,137.234000
89.700000,128.413000,129.186000,126.478000,140.723000
89.800000,127.911000,132.788000,126.887000,142.766000
89.900000,129.141000,132.725000,129.817000,138.601000
90.000000,130.305000,130.738000,128.082000,140.776000
90.100000,130.668000,130.775000,129.149000,137.111000
90.200000,128.686000,131.166000,127.404000,141.313000
90.300000,129.971000,132.684000,126.428000,137.795000
90.400000,128.541000,132.596000,129.759000,136.914000
90.500000,132.160000,133.668000,127.839000,140.726000
90.600000,130.625000,132.132000,127.231000,137.851000
90.700000,130.638000,136.478000,129.384000,139.974000
90.800000,132.753000,134.468000,127.619000,141.131000
90.900000,128.947000,128.838000,129.196000,137.774000
91.000000,127.795000,134.049000,127.527000,140.389000
91.100000,128.148000,133.180000,126.266000,142.322000
91.200000,130.250000,136.621000,125.088000,139.138000
91.300000,128.700000,133.854000,127.242000,143.110000
91.400000,130.361000,133.823000,124.323000,143.504000
91.500000,130.759000,129.528000,126.461000,140.698000
91.600000,132.066000,133.412000,128.187000,144.169000
91.700000,130.516000,133.667000,124.880000,143.875000
91.800000,133.602000,134.858000,126.131000,147.322000
91.900000,128.825000,131.179000,124.423000,141.957000
92.000000,128.423000,132.140000,128.717000,147.903000
92.100000,129.534000,132.726000,128.355000,143.912000
92.200000,128.508000,137.625000,126.615000,145.207000
92.300000,131.041000,135.788000,129.329000,144.466000
92.400000,127.248000,134.253000,125.594000,147.857000
92.500000,130.903000,136.807000,127.741000,146.999000
92.600000,128.804000,135.281000,126.689000,145.303000
92.700000,127.994000,138.206000,129.803000,146.505000
92.800000,129.394000,136.629000,129.838000,147.980000
92.900000,128.229000,133.884000,125.462000,144.041000
93.000000,130.140000,135.564000,125.619000,143.874000
93.100000,129.086000,131.773000,129.307000,144.535000
93.200000,130.141000,137.925000,130.475000,143.072000
93.300000,129.172000,137.789000,127.921000,142.312000
93.400000,133.074000,135.694000,128.667000,139.985000
93.500000,129.062000,133.380000,126.082000,143.555000
93.600000,128.787000,135.636000,129.276000,142.592000
93.700000,131.835000,136.140000,127.780000,142.693000
93.800000,127.537000,135.845000,125.581000,142.820000
93.900000,131.237000,132.759000,126.870000,141.664000
94.000000,128.912000,138.063000,126.884000,140.933000
94.100000,128.242000,136.066000,127.560000,140.917000
94.200000,131.241000,138.578000,125.601000,138.793000
94.300000,127.148000,133.330000,125.836000,138.373000
94.400000,127.940000,133.576000,122.274000,138.213000
94.500000,129.940000,135.191000,125.455000,139.303000
94.600000,125.952000,134.667000,126.658000,138.292000
94.700000,132.731000,136.296000,128.838000,136.857000
94.800000,128.944000,135.957000,129.440000,138.215000
94.900000,129.119000,134.326000,128.181000,135.942000
95.000000,130.638000,136.437000,129.627000,138.023000
95.100000,134.032000,135.904000,128.351000,136.703000
95.200000,133.634000,137.034000,126.842000,138.754000
95.300000,136.229000,132.840000,128.562000,138.249000
95.400000,134.578000,136.733000,125.688000,140.046000
95.500000,132.902000,133.966000,128.738000,136.753000
95.600000,129.329000,134.604000,130.245000,134.717000
95.700000,133.051000,133.424000,129.631000,139.311000
95.800000,132.484000,132.732000,128.415000,138.560000
95.900000,133.670000,131.909000,129.287000,140.212000
96.000000,134.109000,132.618000,127.826000,140.331000
96.100000,131.521000,133.289000,127.969000,140.317000
96.200000,132.028000,132.912000,131.592000,141.209000
96.300000,131.994000,130.422000,126.190000,142.878000
96.400000,134.186000,132.662000,130.049000,142.987000
96.500000,136.184000,133.387000,129.562000,140.384000
96.600000,135.537000,131.355000,130.310000,141.402000
96.700000,132.548000,131.218000,129.246000,141.122000
96.800000,133.406000,131.555000,129.900000,139.357000
96.900000,134.897000,129.691000,132.884000,136.816000
97.000000,131.841000,135.473000,129.348000,136.267000
97.100000,132.922000,134.321000,131.930000,138.813000
97.200000,135.284000,132.265000,130.873000,140.485000
97.300000,133.163000,133.120000,128.593000,138.314000
97.400000,132.259000,135.382000,129.067000,138.191000
97.500000,134.026000,134.620000,131.330000,140.671000
97.600000,136.451000,134.056000,128.740000,141.244000
97.700000,136.470000,134.348000,129.897000,142.288000
97.800000,133.447000,132.236000,131.559000,139.818000
97.900000,132.011000,135.794000,128.360000,140.675000
98.000000,134.469000,135.389000,127.881000,140.846000
98.100000,136.061000,134.804000,128.949000,137.715000
98.200000,136.881000,130.014000,128.573000,140.655000
98.300000,133.837000,132.364000,131.035000,143.692000
98.400000,134.206000,132.508000,131.385000,141.121000
98.500000,133.699000,135.784000,132.549000,139.967000
98.600000,134.508000,133.254000,133.394000,138.794000
98.700000,133.631000,130.524000,130.950000,140.445000
98.800000,132.864000,131.267000,132.007000,139.070000
98.900000,136.561000,131.038000,131.145000,138.313000
99.000000,135.118000,135.200000,130.454000,140.209000
99.100000,132.875000,134.886000,130.776000,139.074000
99.200000,135.890000,136.076000,130.178000,140.325000
99.300000,135.306000,132.831000,134.552000,137.514000
99.400000,139.785000,134.383000,130.211000,140.265000
99.500000,132.626000,133.315000,131.053000,142.996000
99.600000,133.350000,134.024000,130.171000,139.531000
99.700000,138.295000,136.367000,132.123000,144.179000
99.800000,137.063000,133.672000,132.483000,139.999000
99.900000,132.665000,135.627000,130.711000,139.521000
100.000000,136.259000,133.667000,133.037000,138.410000
100.100000,139.945000,133.422000,132.262000,136.940000
100.200000,134.142000,134.152000,133.710000,139.678000
100.300000,133.786000,136.135000,131.700000,141.836000
100.400000,132.167000,134.188000,132.276000,142.077000
100.500000,136.743000,134.964000,132.130000,144.265000
100.600000,133.070000,131.085000,131.181000,142.418000
100.700000,133.982000,138.322000,131.555000,141.357000
100.800000,130.719000,132.451000,133.902000,143.024000
100.900000,131.308000,133.086000,132.358000,141.685000
101.000000,134.011000,130.057000,131.472000,137.944000
101.100000,135.583000,133.877000,130.861000,140.847000
101.200000,134.776000,134.355000,127.340000,140.570000
101.300000,133.286000,133.290000,133.003000,137.824000
101.400000,132.113000,131.506000,129.149000,139.633000
101.500000,129.310000,130.978000,129.297000,139.771000
101.600000,129.695000,131.091000,128.966000,136.745000
101.700000,126.495000,133.935000,132.740000,138.326000
101.800000,131.061000,133.973000,131.845000,136.039000
101.900000,132.793000,130.999000,131.680000,134.869000
102.000000,133.855000,131.162000,131.656000,135.575000
102.100000,134.283000,132.512000,131.146000,136.762000
102.200000,136.537000,132.425000,124.119000,136.014000
102.300000,130.925000,130.745000,134.440000,134.503000
102.400000,131.847000,129.328000,131.189000,132.561000
102.500000,132.716000,132.229000,131.350000,134.221000
102.600000,131.915000,134.256000,131.725000,135.260000
102.700000,131.673000,131.015000,127.218000,136.994000
102.800000,132.892000,132.042000,131.333000,135.465000
102.900000,134.604000,133.483000,128.963000,138.745000
103.000000,133.325000,132.542000,129.778000,136.458000
103.100000,130.463000,133.425000,130.721000,135.903000
103.200000,133.152000,134.714000,133.200000,134.432000
103.300000,133.777000,138.289000,128.053000,132.895000
103.400000,134.664000,132.140000,129.655000,135.939000
103.500000,134.700000,131.238000,133.075000,137.502000
103.600000,133.417000,136.962000,129.164000,136.404000
103.700000,131.807000,136.311000,129.148000,135.972000
103.800000,131.767000,136.106000,128.538000,138.172000
103.900000,132.338000,135.199000,129.894000,137.526000
104.000000,134.659000,132.718000,129.963000,138.899000
104.100000,131.688000,137.990000,127.877000,134.135000
104.200000,128.491000,129.675000,130.749000,136.240000
104.300000,130.333000,132.392000,128.860000,136.321000
104.400000,128.695000,132.238000,126.625000,133.122000
104.500000,133.990000,131.781000,134.627000,138.486000
104.600000,132.175000,132.330000,132.053000,137.927000
104.700000,132.787000,133.396000,128.956000,137.415000
104.800000,134.193000,131.341000,134.537000,138.119000
104.900000,128.649000,129.272000,135.520000,138.253000
105.000000,129.655000,128.205000,136.042000,136.044000
105.100000,132.636000,129.284000,132.646000,138.019000
105.200000,129.443000,130.905000,133.303000,135.690000
105.300000,129.133000,135.490000,132.280000,134.208000
105.400000,129.635000,130.827000,131.824000,136.571000
105.500000,131.645000,135.581000,135.189000,135.817000
105.600000,133.197000,136.690000,134.440000,136.951000
105.700000,133.021000,135.303000,136.324000,138.282000
105.800000,131.142000,133.176000,132.250000,137.901000
105.900000,130.647000,129.378000,134.114000,140.457000
106.000000,128.836000,128.411000,137.076000,139.234000
106.100000,130.590000,129.476000,136.767000,139.011000
106.200000,130.484000,133.570000,134.759000,137.359000
106.300000,132.026000,130.015000,134.071000,135.877000
106.400000,133.033000,133.590000,133.040000,137.649000
106.500000,131.836000,136.995000,131.995000,135.635000
106.600000,133.442000,133.077000,135.283000,134.446000
106.700000,133.183000,129.080000,135.440000,134.398000
106.800000,131.484000,130.562000,129.117000,135.784000
106.900000,134.796000,139.909000,133.800000,135.257000
107.000000,132.687000,141.376000,130.683000,134.736000
107.100000,134.356000,140.441000,135.345000,130.309000
107.200000,133.227000,136.501000,135.304000,132.730000
107.300000,133.366000,135.239000,133.798000,135.340000
107.400000,135.688000,135.871000,134.897000,135.013000
107.500000,132.933000,136.848000,133.149000,136.069000
107.600000,130.075000,137.132000,136.421000,136.122000
107.700000,133.186000,133.112000,130.618000,133.374000
107.800000,130.243000,135.967000,130.802000,135.444000
107.900000,129.574000,132.212000,135.892000,133.780000
108.000000,132.133000,132.239000,137.658000,132.143000
108.100000,127.504000,131.049000,134.600000,134.466000
108.200000,131.109000,139.177000,134.615000,131.683000
108.300000,132.525000,138.917000,133.689000,132.186000
108.400000,127.993000,140.753000,127.631000,129.678000
108.500000,130.846000,134.380000,133.483000,129.348000
108.600000,128.436000,139.185000,129.290000,131.855000
108.700000,130.476000,137.883000,132.083000,131.031000
108.800000,132.179000,142.211000,136.123000,132.068000
108.900000,132.766000,139.347000,135.941000,131.284000
109.000000,133.006000,142.328000,135.398000,133.648000
109.100000,130.826000,140.098000,132.054000,132.488000
109.200000,130.217000,139.889000,134.012000,132.718000
109.300000,129.418000,139.036000,134.682000,131.702000
109.400000,129.919000,141.104000,132.469000,132.018000
109.500000,129.583000,133.230000,133.119000,130.501000
109.600000,131.087000,139.484000,138.462000,131.209000
109.700000,133.684000,140.372000,135.402000,129.078000
109.800000,131.082000,140.777000,133.830000,129.610000
109.900000,131.492000,140.830000,129.234000,130.788000
110.000000,134.847000,141.434000,134.385000,129.984000
110.100000,132.312000,132.397000,131.989000,131.130000
110.200000,133.541000,132.378000,130.446000,127.984000
110.300000,131.346000,132.831000,131.939000,129.492000
110.400000,134.142000,134.107000,134.244000,132.501000
110.500000,131.567000,131.778000,137.528000,132.585000
110.600000,130.928000,131.970000,133.939000,131.847000
110.700000,132.041000,131.906000,139.109000,128.352000
110.800000,131.018000,133.880000,133.550000,131.856000
110.900000,129.789000,132.721000,134.469000,132.519000
111.000000,130.567000,134.153000,133.254000,135.799000
111.100000,130.715000,133.863000,132.176000,132.489000
111.200000,132.310000,137.438000,129.857000,133.532000
111.300000,129.678000,134.741000,132.158000,134.745000
111.400000,130.540000,133.485000,128.173000,132.388000
111.500000,131.925000,137.488000,125.397000,135.068000
111.600000,131.866000,136.827000,129.317000,138.548000
111.700000,130.105000,135.059000,126.210000,134.802000
111.800000,128.364000,137.718000,133.400000,133.961000
111.900000,130.934000,130.902000,129.197000,132.347000
112.000000,129.160000,137.397000,128.269000,132.696000
112.100000,127.878000,130.561000,128.124000,131.201000
112.200000,126.538000,133.493000,129.149000,129.812000
112.300000,130.848000,134.131000,128.897000,133.105000
112.400000,130.781000,136.324000,129.062000,130.955000
112.500000,128.900000,137.409000,127.688000,133.317000
112.600000,131.960000,137.444000,127.879000,135.155000
112.700000,130.856000,138.209000,127.682000,131.213000
112.800000,131.400000,136.202000,129.162000,132.183000
112.900000,130.133000,133.247000,129.143000,133.999000
113.000000,129.455000,129.358000,128.048000,135.738000
113.100000,133.286000,135.036000,130.931000,134.090000
113.200000,130.882000,138.127000,133.349000,131.346000
113.300000,131.707000,139.164000,126.925000,134.916000
113.400000,132.905000,136.369000,130.353000,133.522000
113.500000,131.438000,141.131000,130.378000,132.898000
113.600000,131.797000,137.895000,135.489000,135.466000
113.700000,134.038000,138.552000,134.889000,132.781000
113.800000,133.816000,138.258000,131.977000,134.595000
113.900000,132.975000,136.504000,130.958000,133.355000
114.000000,134.587000,134.338000,128.061000,134.976000
114.100000,136.270000,132.540000,128.301000,135.702000
114.200000,134.660000,132.896000,130.806000,134.227000
114.300000,134.643000,136.585000,126.693000,136.999000
114.400000,130.957000,133.552000,128.529000,133.358000
114.500000,130.927000,133.405000,132.282000,132.434000
114.600000,131.837000,134.027000,132.110000,130.872000
114.700000,132.888000,138.123000,128.664000,131.667000
114.800000,134.341000,136.084000,128.080000,133.246000
114.900000,133.754000,141.032000,130.136000,134.732000
115.000000,136.784000,140.962000,128.018000,133.318000
115.100000,136.940000,138.565000,131.553000,131.029000
115.200000,135.992000,140.804000,130.196000,133.204000
115.300000,133.544000,137.910000,129.830000,131.559000
115.400000,134.006000,142.077000,130.572000,135.650000
115.500000,137.289000,139.017000,131.344000,137.318000
115.600000,134.428000,140.754000,129.349000,133.833000
115.700000,134.118000,139.493000,129.840000,134.493000
115.800000,135.545000,137.807000,131.704000,133.314000
115.900000,134.685000,137.317000,133.317000,136.631000
116.000000,129.593000,138.622000,132.107000,136.801000
116.100000,131.229000,136.414000,129.410000,134.541000
116.200000,131.211000,134.065000,129.456000,133.407000
116.300000,131.163000,135.781000,129.576000,133.396000
116.400000,129.752000,135.858000,131.461000,133.737000
116.500000,127.457000,135.819000,128.208000,134.441000
116.600000,128.901000,138.244000,129.717000,138.669000
116.700000,132.576000,137.808000,130.502000,136.644000
116.800000,127.876000,135.229000,129.872000,135.195000
116.900000,128.243000,136.944000,130.556000,134.008000
117.000000,128.931000,138.664000,128.273000,136.916000
117.100000,128.109000,134.154000,131.770000,138.435000
117.200000,127.439000,135.493000,127.998000,134.345000
117.300000,129.157000,134.622000,129.327000,133.384000
117.400000,128.021000,134.995000,130.316000,135.259000
117.500000,129.435000,135.806000,127.702000,137.389000
117.600000,128.919000,135.064000,129.448000,137.648000
117.700000,129.032000,133.343000,138.313000,134.930000
117.800000,127.645000,133.486000,133.144000,132.453000
117.900000,127.619000,131.561000,129.505000,136.067000
118.000000,128.111000,135.424000,130.525000,134.239000
118.100000,125.957000,138.211000,137.696000,134.047000
118.200000,127.907000,135.590000,138.355000,134.220000
118.300000,131.095000,137.730000,132.812000,136.731000
118.400000,128.931000,139.220000,136.308000,136.916000
118.500000,129.686000,138.929000,141.221000,133.811000
118.600000,127.209000,137.816000,139.066000,135.500000
118.700000,126.273000,141.633000,133.111000,133.211000
118.800000,128.834000,142.466000,134.114000,134.655000
118.900000,125.971000,137.355000,143.073000,134.704000
119.000000,126.932000,136.497000,143.081000,135.438000
119.100000,128.871000,138.792000,138.984000,135.326000
119.200000,129.893000,136.485000,140.706000,134.260000
119.300000,127.469000,139.580000,139.259000,138.029000
119.400000,128.219000,135.985000,138.422000,134.443000
119.500000,128.385000,136.733000,138.254000,137.136000
119.600000,132.683000,135.490000,137.853000,135.462000
119.700000,129.398000,136.239000,137.319000,135.967000
119.800000,130.112000,135.767000,132.423000,134.855000
119.900000,132.115000,133.791000,137.304000,133.241000
120.000000,128.484000,132.267000,127.654000,134.504000
120.100000,128.622000,134.332000,135.011000,135.474000
120.200000,131.437000,134.454000,136.227000,135.260000
120.300000,127.951000,133.136000,135.673000,138.635000
120.400000,130.166000,133.397000,134.462000,134.783000
120.500000,131.124000,138.546000,136.456000,134.443000
120.600000,129.335000,132.524000,134.950000,132.542000
120.700000,130.108000,125.649000,132.690000,136.446000
120.800000,132.705000,128.266000,134.540000,135.912000
120.900000,129.415000,129.767000,130.821000,134.416000
121.000000,129.720000,130.001000,136.715000,133.938000
121.100000,129.256000,128.222000,137.943000,137.233000
121.200000,132.173000,128.432000,136.934000,135.252000
121.300000,130.511000,128.562000,131.558000,136.118000
121.400000,128.377000,131.519000,135.222000,140.017000
121.500000,129.328000,130.283000,141.482000,139.558000
121.600000,130.492000,132.063000,140.314000,136.365000
121.700000,128.610000,130.835000,138.480000,136.894000
121.800000,126.153000,130.182000,138.736000,135.831000
121.900000,128.819000,129.866000,135.250000,134.970000
122.000000,127.104000,129.976000,137.790000,137.073000
122.100000,126.032000,130.036000,134.955000,136.569000
122.200000,125.499000,134.219000,135.837000,135.165000
122.300000,125.269000,131.978000,134.153000,134.195000
122.400000,130.426000,132.208000,132.616000,135.800000
122.500000,128.276000,134.985000,131.050000,135.835000
122.600000,127.739000,133.708000,131.406000,134.767000
122.700000,125.623000,135.947000,131.794000,136.761000
122.800000,128.631000,131.417000,131.101000,135.867000
122.900000,127.307000,133.248000,132.053000,134.360000
123.000000,130.471000,136.787000,129.247000,136.600000
123.100000,130.857000,132.484000,130.943000,137.646000
123.200000,128.593000,134.237000,130.756000,135.739000
123.300000,127.912000,131.965000,130.234000,132.819000
123.400000,129.594000,133.192000,132.686000,133.912000
123.500000,131.164000,131.657000,128.679000,133.091000
123.600000,129.782000,129.605000,130.585000,129.914000
123.700000,130.732000,127.724000,128.381000,133.220000
123.800000,130.184000,132.868000,128.042000,134.163000
123.900000,131.591000,130.198000,130.642000,132.781000
124.000000,129.296000,130.543000,131.817000,130.671000
124.100000,129.904000,129.584000,134.147000,131.617000
124.200000,128.659000,133.019000,131.993000,134.326000
124.300000,129.219000,128.254000,132.328000,136.953000
124.400000,128.368000,129.476000,132.399000,131.006000
124.500000,129.180000,126.112000,130.302000,131.767000
124.600000,126.263000,130.363000,126.366000,133.804000
124.700000,126.777000,129.354000,134.469000,132.680000
124.800000,130.115000,128.843000,132.019000,132.390000
124.900000,129.351000,127.111000,129.847000,133.798000
125.000000,132.290000,129.249000,130.683000,133.781000
125.100000,130.268000,127.948000,132.129000,133.157000
125.200000,132.333000,125.563000,129.199000,130.945000
125.300000,135.107000,125.798000,131.772000,129.806000
125.400000,133.240000,127.411000,132.269000,132.374000
125.500000,132.132000,126.096000,133.472000,130.004000
125.600000,134.216000,129.472000,133.749000,135.553000
125.700000,136.063000,127.919000,132.833000,133.337000
125.800000,138.998000,129.988000,130.651000,136.271000
125.900000,136.547000,125.756000,129.820000,135.402000
126.000000,135.161000,125.347000,129.485000,137.485000
126.100000,136.232000,125.736000,131.356000,137.997000
126.200000,133.270000,125.161000,131.514000,131.214000
126.300000,128.893000,124.721000,131.438000,132.371000
126.400000,130.221000,124.414000,130.626000,132.617000
126.500000,129.503000,123.245000,128.381000,132.077000
126.600000,130.313000,126.579000,129.929000,131.884000
126.700000,128.974000,129.256000,133.985000,135.318000
126.800000,131.041000,124.022000,123.749000,132.064000
126.900000,130.405000,122.682000,129.268000,131.554000
127.000000,130.123000,125.255000,128.318000,133.890000
127.100000,129.717000,126.197000,130.801000,133.434000
127.200000,128.917000,126.799000,132.057000,132.556000
127.300000,131.552000,128.857000,131.519000,132.427000
127.400000,132.032000,126.520000,134.954000,134.338000
127.500000,129.338000,127.874000,133.397000,133.428000
127.600000,131.772000,127.952000,133.172000,133.851000
127.700000,129.175000,128.101000,133.874000,134.901000
127.800000,131.852000,127.642000,132.191000,132.775000
127.900000,126.438000,122.928000,132.108000,133.652000
128.000000,129.444000,125.969000,131.420000,131.473000
128.100000,130.139000,125.501000,133.746000,128.833000
128.200000,128.352000,123.654000,130.087000,131.582000
128.300000,129.243000,126.413000,127.773000,129.776000
128.400000,127.365000,125.744000,130.987000,130.719000
128.500000,132.075000,127.508000,130.812000,131.864000
128.600000,131.841000,126.834000,136.807000,130.919000
128.700000,128.315000,128.732000,132.076000,133.510000
128.800000,130.000000,123.633000,130.160000,133.732000
128.900000,125.677000,123.895000,132.062000,132.404000
129.000000,128.763000,127.068000,132.439000,132.204000
129.100000,127.078000,128.823000,130.825000,132.239000
129.200000,126.975000,128.390000,128.557000,132.172000
129.300000,129.263000,129.809000,127.114000,133.767000
129.400000,128.225000,128.563000,128.192000,132.833000
129.500000,128.104000,126.556000,126.895000,131.233000
129.600000,130.156000,126.445000,126.433000,132.575000
129.700000,126.602000,129.819000,126.212000,129.366000
129.800000,128.166000,127.832000,125.185000,131.884000
129.900000,124.232000,128.293000,127.483000,131.355000
130.000000,126.678000,124.686000,125.079000,129.374000
130.100000,126.889000,127.843000,128.144000,131.096000
130.200000,129.063000,125.452000,130.095000,133.639000
130.300000,123.315000,125.989000,130.134000,132.668000
130.400000,129.665000,127.346000,128.805000,132.538000
130.500000,127.964000,126.126000,130.911000,133.469000
130.600000,126.805000,125.886000,130.931000,131.563000
130.700000,127.509000,126.589000,132.519000,133.771000
130.800000,129.927000,128.384000,130.285000,133.263000
130.900000,126.921000,124.477000,130.919000,134.989000
131.000000,128.332000,125.330000,130.426000,136.478000
131.100000,128.489000,127.576000,128.551000,132.587000
131.200000,131.171000,127.654000,131.233000,133.070000
131.300000,130.055000,127.786000,131.429000,131.444000
131.400000,129.645000,127.569000,131.512000,133.992000
131.500000,126.460000,130.232000,131.479000,131.644000
131.600000,128.212000,128.419000,131.907000,133.320000
131.700000,126.444000,130.438000,132.690000,131.155000
131.800000,125.523000,126.493000,130.440000,130.540000
131.900000,125.327000,129.442000,133.778000,129.408000
132.000000,126.687000,127.942000,134.512000,131.622000
132.100000,129.896000,125.257000,131.584000,131.417000
132.200000,128.094000,124.736000,130.503000,132.760000
132.300000,127.631000,126.539000,135.077000,135.865000
132.400000,128.793000,129.140000,135.850000,131.802000
132.500000,133.191000,123.696000,133.485000,133.164000
132.600000,131.645000,123.146000,135.703000,132.654000
132.700000,132.628000,124.516000,134.953000,132.570000
132.800000,129.188000,125.137000,131.912000,131.716000
132.900000,130.550000,125.440000,133.712000,132.896000
133.000000,128.654000,126.068000,131.248000,133.856000
133.100000,131.838000,129.545000,132.113000,133.771000
133.200000,129.356000,130.917000,133.330000,133.139000
133.300000,131.266000,130.354000,132.898000,134.449000
133.400000,132.136000,127.931000,133.533000,133.573000
133.500000,129.482000,127.348000,131.870000,131.240000
133.600000,132.069000,125.748000,132.987000,133.881000
133.700000,128.187000,128.223000,134.519000,133.586000
133.800000,127.810000,130.571000,134.036000,133.219000
133.900000,128.420000,127.283000,134.932000,132.005000
134.000000,128.023000,128.576000,133.492000,130.327000
134.100000,130.029000,131.933000,130.224000,131.872000
134.200000,130.929000,125.270000,133.724000,132.870000
134.300000,131.111000,128.360000,133.449000,132.431000
134.400000,131.745000,130.843000,136.265000,130.375000
134.500000,131.905000,126.943000,131.246000,131.827000
134.600000,130.686000,127.285000,133.560000,130.800000
134.700000,132.233000,125.858000,130.940000,130.071000
134.800000,133.761000,127.622000,133.583000,134.444000
134.900000,132.824000,130.051000,132.519000,135.035000
135.000000,130.241000,127.620000,132.413000,133.044000
135.100000,128.620000,125.792000,131.554000,133.364000
135.200000,126.791000,127.374000,131.921000,132.990000
135.300000,125.903000,129.561000,131.722000,131.987000
135.400000,124.481000,128.238000,131.186000,129.207000
135.500000,130.667000,125.910000,129.901000,134.423000
135.600000,125.590000,128.344000,127.521000,135.885000
135.700000,126.417000,125.547000,134.229000,131.504000
135.800000,125.294000,123.459000,133.157000,134.702000
135.900000,129.828000,128.364000,128.841000,134.966000
136.000000,126.779000,126.120000,127.472000,134.711000
136.100000,127.430000,126.788000,129.611000,132.371000
136.200000,125.676000,127.317000,126.706000,136.000000
136.300000,125.994000,126.095000,128.891000,135.922000
136.400000,127.132000,126.629000,129.139000,136.099000
136.500000,129.948000,122.016000,133.239000,138.729000
136.600000,129.066000,126.987000,131.330000,138.053000
136.700000,132.488000,125.603000,131.176000,138.007000
136.800000,132.020000,124.911000,134.105000,137.523000
136.900000,130.734000,126.428000,128.724000,133.477000
137.000000,131.880000,127.146000,132.835000,135.058000
137.100000,130.922000,125.924000,132.612000,136.611000
137.200000,133.911000,127.948000,131.940000,136.037000
137.300000,139.383000,127.415000,132.073000,135.613000
137.400000,133.349000,129.685000,128.001000,134.608000
137.500000,130.943000,129.913000,128.338000,136.333000
137.600000,132.316000,127.739000,130.184000,139.818000
137.700000,134.836000,131.036000,133.998000,134.409000
137.800000,131.305000,128.606000,130.536000,140.115000
137.900000,132.516000,131.040000,134.753000,141.032000
138.000000,129.776000,123.788000,134.288000,138.790000
138.100000,129.478000,130.584000,135.951000,140.256000
138.200000,130.920000,128.257000,132.634000,139.411000
138.300000,133.387000,126.764000,134.011000,139.609000
138.400000,128.235000,129.272000,134.020000,143.413000
138.500000,130.212000,128.515000,132.877000,143.542000
138.600000,133.953000,129.520000,135.884000,141.447000
138.700000,131.458000,124.807000,130.538000,142.703000
138.800000,129.567000,127.742000,134.673000,135.559000
138.900000,131.623000,128.870000,132.429000,135.242000
139.000000,133.227000,129.137000,132.359000,137.050000
139.100000,134.096000,127.673000,128.475000,135.268000
139.200000,133.468000,128.675000,130.506000,137.877000
139.300000,132.973000,132.310000,130.818000,135.813000
139.400000,130.446000,128.744000,131.057000,141.578000
139.500000,132.858000,128.803000,131.418000,139.004000
139.600000,132.159000,127.972000,131.964000,137.815000
139.700000,129.148000,128.209000,129.721000,134.946000
139.800000,132.249000,131.589000,130.876000,134.242000
139.900000,131.714000,128.321000,128.652000,139.344000
140.000000,131.150000,126.043000,128.514000,138.401000
140.100000,130.041000,126.876000,125.147000,136.556000
140.200000,129.125000,128.635000,126.343000,138.093000
140.300000,132.365000,130.814000,129.614000,139.226000
140.400000,132.628000,130.390000,127.053000,137.223000
140.500000,132.723000,131.611000,127.959000,136.893000
140.600000,124.275000,130.922000,128.429000,137.342000
140.700000,127.927000,129.104000,127.188000,135.875000
140.800000,131.783000,130.062000,124.225000,134.926000
140.900000,129.900000,128.538000,126.996000,134.773000
141.000000,130.008000,127.431000,125.821000,133.529000
141.100000,129.633000,127.498000,127.071000,133.960000
141.200000,127.628000,126.748000,124.831000,136.867000
141.300000,133.705000,129.517000,125.592000,135.003000
141.400000,130.179000,132.475000,128.701000,133.901000
141.500000,129.848000,128.833000,126.402000,131.946000
141.600000,134.050000,123.947000,127.171000,132.947000
141.700000,133.462000,129.279000,125.568000,134.575000
141.800000,129.728000,124.586000,128.805000,134.507000
141.900000,131.445000,126.178000,129.236000,134.334000
142.000000,131.090000,126.590000,127.950000,134.783000
142.100000,131.452000,128.357000,129.259000,133.669000
142.200000,130.272000,125.715000,133.385000,135.513000
142.300000,132.332000,127.619000,135.118000,134.935000
142.400000,129.726000,126.885000,131.294000,136.433000
142.500000,128.795000,126.838000,130.843000,133.656000
142.600000,132.549000,125.978000,130.214000,134.415000
142.700000,131.735000,128.153000,127.700000,134.031000
142.800000,130.288000,125.923000,132.797000,132.826000
142.900000,130.728000,125.837000,131.385000,132.727000
143.000000,134.009000,123.339000,129.658000,136.439000
143.100000,134.081000,124.731000,130.961000,136.024000
143.200000,133.694000,126.272000,127.966000,134.337000
143.300000,130.742000,128.137000,127.981000,133.650000
143.400000,135.366000,127.601000,130.306000,137.075000
143.500000,130.634000,128.805000,126.749000,134.508000
143.600000,129.970000,127.951000,129.725000,134.196000
143.700000,131.633000,127.038000,128.754000,136.054000
143.800000,135.534000,125.945000,131.949000,135.107000
143.900000,132.040000,126.715000,131.132000,135.446000
144.000000,129.135000,124.958000,129.863000,134.953000
144.100000,129.930000,125.123000,126.806000,135.682000
144.200000,130.508000,124.431000,128.789000,132.742000
144.300000,132.355000,125.863000,129.768000,133.984000
144.400000,131.044000,125.354000,126.133000,133.549000
144.500000,132.413000,125.489000,128.037000,132.869000
144.600000,131.703000,124.026000,127.786000,132.250000
144.700000,132.828000,125.265000,129.587000,132.278000
144.800000,130.517000,123.230000,130.114000,128.062000
144.900000,133.527000,125.052000,129.834000,133.767000
145.000000,131.278000,126.169000,129.103000,134.501000
145.100000,133.859000,128.802000,127.736000,133.223000
145.200000,133.910000,125.083000,127.866000,130.993000
145.300000,132.246000,129.552000,127.114000,130.299000
145.400000,136.396000,123.598000,124.701000,130.620000
145.500000,132.706000,125.754000,126.238000,133.165000
145.600000,132.215000,126.258000,125.077000,129.613000
145.700000,132.929000,124.965000,124.974000,127.939000
145.800000,131.092000,125.228000,130.266000,130.207000
145.900000,127.923000,125.986000,127.484000,131.161000
146.000000,131.369000,124.793000,126.014000,131.568000
146.100000,130.774000,125.446000,125.937000,126.515000
146.200000,126.994000,127.509000,126.454000,129.095000
146.300000,130.846000,126.956000,127.369000,129.013000
146.400000,133.381000,130.137000,129.673000,129.017000
146.500000,135.715000,127.781000,131.130000,128.965000
146.600000,136.112000,126.532000,132.983000,129.754000
146.700000,132.517000,128.414000,135.401000,130.030000
146.800000,135.913000,129.123000,131.567000,131.082000
146.900000,136.244000,128.853000,132.982000,130.702000
147.000000,139.275000,129.101000,130.527000,130.380000
147.100000,130.678000,129.145000,131.607000,130.629000
147.200000,130.109000,126.821000,135.480000,127.950000
147.300000,131.035000,127.145000,131.193000,132.424000
147.400000,129.371000,128.745000,133.983000,129.684000
147.500000,130.866000,125.821000,133.599000,133.338000
147.600000,129.116000,127.401000,135.225000,131.270000
147.700000,131.830000,123.106000,134.195000,129.546000
147.800000,131.475000,125.320000,134.884000,131.200000
147.900000,130.669000,124.391000,135.327000,130.807000
148.000000,133.120000,125.420000,133.519000,134.171000
148.100000,133.016000,125.206000,135.693000,131.267000
148.200000,133.388000,126.690000,136.842000,133.314000
148.300000,134.487000,126.987000,133.022000,135.771000
148.400000,132.091000,126.823000,133.033000,135.480000
148.500000,134.908000,125.554000,134.526000,134.865000
148.600000,133.017000,126.343000,130.892000,139.509000
148.700000,135.325000,125.969000,128.924000,141.250000
148.800000,136.687000,128.232000,129.910000,139.276000
148.900000,132.759000,130.768000,131.651000,132.888000
149.000000,128.822000,129.305000,130.759000,139.853000
149.100000,130.889000,129.315000,132.251000,137.305000
149.200000,135.368000,128.088000,131.804000,134.186000
149.300000,136.581000,130.830000,130.930000,134.116000
149.400000,134.502000,128.616000,130.260000,133.361000
149.500000,134.059000,128.799000,130.621000,133.778000
149.600000,134.532000,130.007000,132.122000,135.613000
149.700000,131.517000,131.179000,133.160000,136.991000
149.800000,133.164000,127.893000,132.170000,134.706000
149.900000,133.905000,125.425000,129.674000,136.330000
150.000000,131.429000,128.402000,132.799000,134.788000
150.100000,131.426000,129.270000,132.139000,135.843000
150.200000,127.483000,128.918000,133.040000,136.759000
150.300000,132.900000,124.927000,133.270000,135.282000
150.400000,132.005000,124.535000,131.245000,138.756000
150.500000,131.831000,127.778000,131.771000,140.513000
150.600000,129.615000,126.701000,132.361000,137.745000
150.700000,126.400000,128.196000,132.418000,136.738000
150.800000,129.060000,127.113000,131.112000,136.299000
150.900000,127.876000,126.879000,130.921000,138.205000
151.000000,126.988000,125.703000,126.731000,133.071000
151.100000,127.021000,125.118000,130.993000,135.727000
151.200000,126.876000,129.710000,133.592000,134.229000
151.300000,131.446000,127.534000,133.481000,131.741000
151.400000,134.325000,125.593000,134.104000,136.771000
151.500000,133.603000,125.434000,132.651000,130.830000
151.600000,133.485000,126.666000,131.694000,138.978000
151.700000,135.042000,127.429000,129.590000,134.643000
151.800000,134.531000,124.054000,128.366000,131.297000
151.900000,134.017000,124.297000,134.404000,134.303000
152.000000,134.697000,125.202000,134.123000,136.097000
152.100000,133.588000,125.005000,132.066000,134.025000
152.200000,127.571000,125.698000,132.032000,132.858000
152.300000,134.616000,125.952000,130.701000,135.774000
152.400000,132.050000,126.551000,128.531000,132.060000
152.500000,129.510000,126.144000,129.608000,131.272000
152.600000,127.686000,127.012000,131.297000,132.139000
152.700000,130.293000,124.874000,129.865000,132.592000
152.800000,127.968000,126.976000,134.520000,133.755000
152.900000,124.998000,127.279000,132.547000,134.522000
153.000000,128.885000,126.757000,135.726000,135.923000
153.100000,128.021000,127.500000,130.731000,134.328000
153.200000,129.556000,126.132000,129.297000,134.296000
153.300000,134.661000,126.997000,130.820000,132.261000
153.400000,132.165000,127.225000,131.574000,134.467000
153.500000,131.694000,124.627000,131.178000,135.738000
153.600000,131.868000,124.457000,132.110000,134.429000
153.700000,135.819000,123.588000,131.217000,137.934000
153.800000,130.658000,126.021000,129.373000,133.973000
153.900000,130.621000,126.922000,132.749000,135.433000
154.000000,127.880000,127.668000,137.571000,137.780000
154.100000,133.101000,125.818000,133.392000,139.927000
154.200000,133.111000,124.793000,131.524000,139.479000
154.300000,133.181000,127.385000,131.902000,134.600000
154.400000,132.571000,127.949000,131.594000,133.556000
154.500000,134.002000,126.309000,129.606000,140.033000
154.600000,133.838000,125.316000,131.359000,139.704000
154.700000,133.069000,126.787000,133.703000,137.598000
154.800000,137.347000,123.935000,128.388000,141.239000
154.900000,132.533000,124.618000,130.727000,140.798000
155.000000,140.797000,127.750000,131.788000,139.028000
155.100000,135.198000,126.897000,128.434000,141.016000
155.200000,136.695000,126.799000,130.329000,140.911000
155.300000,136.678000,126.236000,131.495000,140.909000
155.400000,137.065000,126.508000,130.440000,139.376000
155.500000,136.558000,127.218000,131.573000,141.301000
155.600000,134.384000,124.025000,130.910000,139.360000
155.700000,135.592000,125.265000,131.073000,142.302000
155.800000,135.176000,126.758000,128.317000,141.285000
155.900000,134.842000,127.908000,131.345000,142.175000
156.000000,135.049000,128.137000,129.504000,141.653000
156.100000,135.113000,127.647000,130.216000,140.753000
156.200000,136.375000,125.083000,134.048000,139.237000
156.300000,134.301000,128.730000,132.713000,138.572000
156.400000,135.358000,125.803000,131.343000,141.337000
156.500000,135.829000,123.663000,136.949000,140.184000
156.600000,132.958000,126.554000,135.083000,138.417000
156.700000,134.502000,128.829000,135.107000,137.833000
156.800000,133.297000,125.501000,136.145000,139.309000
156.900000,136.633000,129.416000,132.753000,139.323000
157.000000,137.890000,131.510000,132.736000,138.252000
157.100000,136.119000,129.178000,131.638000,137.672000
157.200000,133.446000,124.622000,131.424000,141.813000
157.300000,132.569000,124.702000,133.841000,142.252000
157.400000,134.989000,126.861000,133.532000,140.644000
157.500000,134.304000,125.338000,132.176000,139.483000
157.600000,131.582000,127.132000,134.750000,140.164000
157.700000,132.220000,125.180000,132.708000,140.521000
157.800000,133.636000,125.442000,132.356000,137.657000
157.900000,130.703000,126.171000,130.659000,139.095000
158.000000,132.189000,124.658000,135.211000,138.661000
158.100000,132.002000,127.221000,131.114000,140.825000
158.200000,134.113000,128.294000,134.131000,141.824000
158.300000,134.659000,126.797000,132.718000,144.260000
158.400000,134.682000,128.575000,135.700000,143.809000
158.500000,131.662000,126.073000,130.826000,141.204000
158.600000,131.606000,125.718000,133.381000,141.604000
158.700000,131.895000,127.476000,130.965000,145.430000
158.800000,133.491000,123.293000,132.126000,146.386000
158.900000,132.641000,125.619000,132.585000,141.927000
159.000000,133.228000,122.865000,129.710000,141.525000
159.100000,134.585000,124.220000,133.150000,139.507000
159.200000,130.157000,123.786000,131.702000,137.753000
159.300000,133.076000,124.926000,133.121000,138.581000
159.400000,133.647000,123.602000,129.380000,135.671000
159.500000,134.338000,123.952000,130.787000,145.021000
159.600000,132.871000,126.132000,132.811000,143.938000
159.700000,130.815000,128.475000,132.854000,136.550000
159.800000,130.544000,126.081000,135.166000,135.751000
159.900000,133.216000,129.474000,133.957000,143.310000
160.000000,131.998000,126.949000,135.288000,140.810000
160.100000,131.893000,127.225000,130.833000,139.223000
160.200000,132.361000,126.490000,135.262000,140.463000
160.300000,138.256000,127.400000,131.372000,140.125000
160.400000,134.466000,127.920000,131.326000,140.276000
160.500000,139.089000,128.072000,129.786000,139.308000
160.600000,136.485000,126.768000,133.985000,139.490000
160.700000,136.726000,125.784000,134.325000,142.496000
160.800000,127.642000,125.484000,136.125000,139.331000
160.900000,136.769000,128.455000,135.941000,138.224000
161.000000,135.682000,127.271000,134.805000,138.008000
161.100000,126.502000,123.753000,134.189000,136.685000
161.200000,123.166000,126.811000,134.895000,138.008000
161.300000,135.413000,128.920000,134.392000,136.440000
161.400000,127.440000,127.412000,137.467000,137.912000
161.500000,127.874000,125.457000,133.697000,137.797000
161.600000,129.782000,124.178000,133.869000,138.489000
161.700000,125.798000,125.995000,131.054000,134.338000
161.800000,122.305000,125.790000,132.150000,136.078000
161.900000,124.439000,124.215000,133.903000,136.876000
162.000000,137.478000,126.400000,132.950000,138.611000
162.100000,126.224000,126.597000,135.829000,139.755000
162.200000,126.391000,124.369000,134.582000,140.273000
162.300000,124.312000,127.681000,133.365000,137.722000
162.400000,127.915000,128.635000,130.672000,138.589000
162.500000,126.755000,125.842000,127.903000,140.893000
162.600000,128.382000,126.057000,130.256000,140.558000
162.700000,130.785000,126.505000,129.925000,139.630000
162.800000,130.772000,123.421000,130.093000,139.976000
162.900000,123.322000,123.310000,127.220000,136.031000
163.000000,122.249000,124.018000,129.287000,135.551000
163.100000,126.014000,122.891000,129.220000,136.301000
163.200000,128.579000,126.700000,128.309000,136.415000
163.300000,126.240000,127.672000,128.137000,133.648000
163.400000,123.006000,127.179000,128.163000,135.963000
163.500000,125.576000,127.811000,130.467000,134.131000
163.600000,128.387000,125.828000,127.188000,133.501000
163.700000,127.676000,126.953000,128.612000,133.440000
163.800000,124.474000,127.534000,126.831000,132.083000
163.900000,126.487000,129.193000,126.254000,139.215000
164.000000,126.114000,126.165000,127.174000,138.534000
164.100000,123.907000,125.258000,129.520000,131.537000
164.200000,126.064000,121.469000,129.281000,137.090000
164.300000,126.708000,124.542000,131.268000,133.527000
164.400000,128.574000,124.744000,133.424000,139.820000
164.500000,123.395000,125.429000,132.135000,141.197000
164.600000,126.532000,125.238000,132.696000,138.584000
164.700000,124.279000,128.258000,130.059000,141.081000
164.800000,119.901000,127.393000,126.868000,143.513000
164.900000,119.816000,124.586000,131.579000,132.459000
165.000000,119.017000,128.313000,129.517000,132.976000
165.100000,121.412000,127.289000,129.573000,133.204000
165.200000,126.307000,129.041000,131.135000,132.651000
165.300000,123.081000,125.595000,129.159000,131.087000
165.400000,122.683000,127.046000,131.473000,132.419000
165.500000,125.165000,123.952000,127.023000,129.153000
165.600000,124.118000,124.573000,129.547000,130.935000
165.700000,122.905000,126.346000,132.073000,131.333000
165.800000,119.781000,125.664000,132.534000,128.362000
165.900000,123.873000,127.258000,128.791000,138.470000
166.000000,121.478000,126.887000,130.465000,138.242000
166.100000,120.883000,127.733000,131.302000,137.727000
166.200000,136.675000,127.980000,132.604000,129.426000
166.300000,136.622000,125.007000,128.571000,128.749000
166.400000,136.534000,125.958000,131.511000,129.498000
166.500000,118.979000,127.619000,130.582000,134.105000
166.600000,117.807000,126.083000,131.253000,135.643000
166.700000,138.135000,127.520000,132.044000,136.893000
166.800000,128.505000,127.100000,133.908000,136.445000
166.900000,136.819000,126.402000,133.990000,135.513000
167.000000,114.096000,125.778000,130.930000,129.751000
167.100000,115.829000,126.872000,132.814000,136.354000
167.200000,117.776000,127.428000,131.993000,137.702000
167.300000,120.432000,125.769000,129.071000,136.880000
167.400000,124.322000,125.676000,127.099000,135.605000
167.500000,128.020000,123.207000,132.311000,136.717000
167.600000,119.438000,123.964000,126.954000,124.967000
167.700000,121.473000,124.783000,129.849000,130.067000
167.800000,114.123000,123.875000,131.164000,128.690000
167.900000,118.559000,125.379000,131.678000,129.946000
168.000000,108.609000,126.774000,129.382000,134.422000
168.100000,130.815000,125.160000,133.118000,137.216000
168.200000,131.714000,124.871000,134.106000,126.571000
168.300000,131.275000,124.293000,135.741000,129.926000
168.400000,131.585000,125.654000,132.949000,128.482000
168.500000,119.442000,126.683000,134.777000,128.257000
168.600000,133.239000,125.345000,129.640000,130.871000
168.700000,120.071000,126.381000,131.516000,130.121000
168.800000,122.435000,123.783000,127.367000,129.199000
168.900000,126.706000,126.529000,130.408000,128.951000
169.000000,128.889000,125.239000,130.648000,128.265000
169.100000,132.631000,125.500000,132.191000,135.347000
169.200000,126.775000,124.585000,133.213000,132.060000
169.300000,125.354000,125.879000,130.488000,131.540000
169.400000,132.102000,123.013000,134.525000,133.389000
169.500000,132.785000,123.579000,133.507000,134.651000
169.600000,135.480000,123.399000,133.039000,134.104000
169.700000,137.249000,125.107000,135.173000,131.054000
169.800000,134.371000,124.830000,135.988000,130.215000
169.900000,142.048000,124.120000,133.404000,138.216000
170.000000,138.576000,123.404000,132.961000,130.692000
170.100000,143.337000,125.901000,130.513000,129.883000
170.200000,137.970000,125.170000,130.199000,132.327000
170.300000,135.287000,123.238000,133.484000,138.608000
170.400000,139.777000,125.269000,133.147000,137.510000
170.500000,141.876000,127.068000,131.239000,130.396000
170.600000,141.655000,125.584000,131.647000,126.292000
170.700000,140.274000,125.538000,128.823000,129.003000
170.800000,139.817000,126.813000,129.421000,133.419000
170.900000,139.575000,127.674000,131.649000,134.195000
171.000000,141.147000,124.770000,129.640000,135.405000
171.100000,138.645000,126.997000,133.936000,136.185000
171.200000,136.285000,122.615000,132.460000,130.327000
171.300000,136.246000,125.661000,130.260000,138.626000
171.400000,141.709000,123.097000,130.932000,132.767000
171.500000,138.472000,124.786000,132.714000,131.531000
171.600000,138.336000,125.660000,129.978000,133.118000
171.700000,132.548000,123.359000,130.126000,132.960000
171.800000,135.785000,123.372000,130.182000,137.089000
171.900000,137.235000,123.617000,128.364000,135.639000
172.000000,134.422000,121.516000,129.207000,137.017000
172.100000,137.846000,122.494000,128.022000,135.411000
172.200000,137.764000,124.087000,129.976000,135.237000
172.300000,131.730000,126.007000,127.798000,137.351000
172.400000,129.842000,125.572000,127.618000,135.977000
172.500000,130.892000,123.650000,128.973000,134.693000
172.600000,132.196000,124.705000,129.408000,138.691000
172.700000,135.188000,125.482000,128.424000,139.325000
172.800000,123.189000,123.082000,129.769000,131.604000
172.900000,137.439000,123.757000,131.079000,136.884000
173.000000,137.208000,121.371000,130.838000,138.341000
173.100000,136.918000,123.985000,133.410000,130.511000
173.200000,116.494000,124.190000,130.219000,135.200000
173.300000,137.165000,124.980000,134.052000,138.137000
173.400000,136.962000,121.700000,130.731000,139.058000
173.500000,135.922000,123.088000,128.541000,140.438000
173.600000,138.815000,124.073000,127.032000,139.702000
173.700000,103.811000,123.364000,128.205000,134.953000
173.800000,132.807000,120.909000,131.640000,136.561000
173.900000,137.615000,119.315000,127.846000,136.054000
174.000000,133.953000,121.459000,127.218000,137.297000
174.100000,134.017000,118.408000,129.602000,136.528000
174.200000,130.986000,122.815000,132.015000,138.353000
174.300000,132.737000,123.914000,130.282000,139.197000
174.400000,129.040000,122.632000,132.728000,136.282000
174.500000,131.024000,123.851000,130.639000,138.192000
174.600000,128.250000,123.352000,131.466000,138.318000
174.700000,134.267000,121.906000,129.580000,138.767000
174.800000,129.583000,122.277000,130.894000,125.884000
174.900000,129.593000,127.349000,131.132000,141.928000
175.000000,130.430000,124.257000,130.207000,141.744000
175.100000,128.262000,122.243000,131.043000,138.053000
175.200000,130.344000,126.812000,131.966000,138.178000
175.300000,127.819000,125.883000,131.336000,135.165000
175.400000,127.712000,126.261000,130.949000,135.823000
175.500000,128.500000,126.361000,129.376000,135.252000
175.600000,128.559000,125.259000,128.033000,141.871000
175.700000,128.466000,125.196000,130.288000,137.920000
175.800000,133.414000,125.959000,129.372000,138.022000
175.900000,129.711000,126.440000,131.218000,137.918000
176.000000,133.237000,124.925000,130.553000,138.007000
176.100000,132.266000,126.249000,130.057000,137.740000
176.200000,133.490000,125.902000,130.255000,136.115000
176.300000,134.724000,124.237000,131.507000,137.518000
176.400000,136.703000,124.056000,129.886000,139.120000
176.500000,140.685000,125.275000,128.926000,136.434000
176.600000,136.799000,124.750000,132.558000,134.878000
176.700000,133.609000,128.376000,129.736000,134.135000
176.800000,136.332000,127.759000,132.090000,134.362000
176.900000,133.222000,126.257000,130.737000,135.208000
177.000000,130.284000,125.751000,133.225000,137.949000
177.100000,136.035000,124.248000,132.179000,137.510000
177.200000,134.109000,128.701000,132.929000,135.018000
177.300000,135.220000,126.388000,136.360000,134.780000
177.400000,132.933000,127.601000,133.667000,137.475000
177.500000,132.285000,128.124000,133.501000,134.284000
177.600000,130.915000,125.326000,133.680000,134.387000
177.700000,132.600000,125.671000,133.233000,133.850000
177.800000,132.686000,123.934000,132.974000,135.405000
177.900000,131.342000,127.355000,134.009000,139.282000
178.000000,129.857000,127.387000,133.961000,136.391000
178.100000,130.582000,125.509000,133.915000,136.719000
178.200000,130.818000,126.367000,135.777000,135.376000
178.300000,130.019000,128.362000,135.226000,138.097000
178.400000,131.173000,125.726000,131.100000,138.575000
178.500000,127.940000,126.902000,132.661000,135.387000
178.600000,131.442000,125.262000,131.794000,138.537000
178.700000,131.944000,126.705000,133.216000,136.262000
178.800000,129.402000,128.346000,135.725000,137.107000
178.900000,128.978000,125.287000,134.489000,136.309000
179.000000,125.432000,125.160000,135.186000,136.440000
179.100000,129.051000,127.066000,134.124000,139.537000
179.200000,128.705000,127.162000,132.205000,134.651000
179.300000,126.797000,126.087000,136.656000,137.881000
179.400000,129.414000,128.390000,139.310000,134.321000
179.500000,131.184000,124.014000,135.497000,136.436000
179.600000,131.074000,126.758000,139.359000,136.618000
179.700000,127.763000,126.775000,135.324000,137.231000
179.800000,126.396000,127.038000,135.574000,135.581000
179.900000,127.537000,126.266000,142.279000,134.958000
180.000000,126.151000,124.054000,137.220000,137.380000
180.100000,130.258000,126.824000,141.176000,136.717000
180.200000,125.301000,125.536000,140.842000,136.994000
180.300000,125.900000,123.939000,137.705000,127.612000
180.400000,127.580000,124.655000,137.477000,130.065000
180.500000,131.238000,123.578000,140.229000,133.764000
180.600000,125.404000,126.940000,139.655000,135.716000
180.700000,127.633000,124.440000,139.617000,134.212000
180.800000,131.109000,124.835000,139.276000,138.220000
180.900000,129.049000,129.235000,138.978000,139.335000
181.000000,129.201000,128.350000,136.709000,134.380000
181.100000,127.110000,126.394000,137.521000,134.679000
181.200000,126.027000,124.875000,141.097000,137.496000
181.300000,128.853000,126.123000,137.378000,135.471000
181.400000,125.561000,126.558000,134.632000,137.920000
181.500000,127.223000,125.917000,136.879000,136.731000
181.600000,127.223000,126.947000,135.702000,137.300000
181.700000,124.597000,126.357000,135.503000,135.286000
181.800000,123.795000,127.781000,137.195000,134.983000
181.900000,126.162000,125.764000,137.159000,135.096000
182.000000,126.906000,125.596000,139.094000,133.066000
182.100000,132.051000,122.927000,137.872000,136.134000
182.200000,124.425000,122.200000,135.785000,128.656000
182.300000,126.103000,123.789000,135.086000,136.113000
182.400000,126.917000,128.121000,135.684000,136.263000
182.500000,127.310000,125.234000,134.180000,134.734000
182.600000,125.171000,127.440000,134.641000,133.561000
182.700000,124.833000,126.629000,137.298000,134.723000
182.800000,124.867000,127.279000,136.738000,126.589000
182.900000,128.651000,126.930000,137.154000,127.291000
183.000000,125.103000,125.721000,138.865000,124.406000
183.100000,126.800000,124.990000,136.137000,131.293000
183.200000,126.275000,126.707000,140.308000,123.127000
183.300000,128.892000,123.710000,139.062000,123.405000
183.400000,129.335000,128.038000,138.089000,124.253000
183.500000,128.959000,125.081000,136.743000,121.709000
183.600000,127.182000,127.009000,139.424000,125.547000
183.700000,128.612000,119.265000,137.499000,125.585000
183.800000,124.883000,126.693000,140.902000,124.614000
183.900000,128.203000,126.792000,135.967000,124.708000
184.000000,126.546000,128.381000,133.770000,125.039000
184.100000,126.691000,127.043000,135.092000,123.306000
184.200000,128.244000,126.296000,134.676000,125.327000
184.300000,129.434000,126.224000,134.784000,128.317000
184.400000,128.411000,125.676000,134.099000,129.375000
184.500000,128.410000,125.705000,138.266000,123.870000
184.600000,125.312000,128.830000,136.717000,124.237000
184.700000,122.652000,128.362000,136.953000,127.945000
184.800000,124.460000,129.915000,133.620000,123.393000
184.900000,121.337000,129.461000,132.717000,123.430000
185.000000,125.348000,126.453000,134.931000,126.116000
185.100000,123.837000,128.163000,136.770000,126.203000
185.200000,124.026000,126.874000,134.418000,124.820000
185.300000,123.357000,128.716000,137.407000,123.353000
185.400000,125.860000,128.002000,134.461000,124.095000
185.500000,128.874000,127.597000,133.115000,126.195000
185.600000,128.004000,127.661000,136.155000,125.666000
185.700000,128.209000,127.080000,137.803000,126.354000
185.800000,126.150000,125.439000,135.785000,129.854000
185.900000,128.340000,125.181000,139.126000,131.057000
186.000000,129.860000,124.818000,136.033000,126.121000
186.100000,129.411000,128.432000,137.097000,129.252000
186.200000,124.354000,125.812000,134.864000,127.925000
186.300000,125.029000,129.672000,134.777000,126.776000
186.400000,128.643000,126.256000,133.810000,129.073000
186.500000,130.708000,125.345000,134.146000,127.434000
186.600000,131.110000,128.208000,134.916000,125.106000
186.700000,129.862000,127.387000,132.476000,126.864000
186.800000,128.651000,127.698000,134.661000,131.767000
186.900000,125.458000,129.709000,135.916000,133.482000
187.000000,125.872000,129.003000,136.559000,132.960000
187.100000,124.773000,127.608000,137.454000,131.933000
187.200000,126.130000,111.677000,135.560000,129.955000
187.300000,122.871000,115.536000,137.435000,129.304000
187.400000,126.074000,110.073000,132.615000,129.574000
187.500000,122.232000,125.783000,133.232000,130.702000
187.600000,125.213000,125.629000,137.008000,133.958000
187.700000,125.551000,125.117000,133.621000,128.861000
187.800000,125.296000,126.857000,137.165000,130.361000
187.900000,124.240000,125.292000,137.506000,126.773000
188.000000,125.254000,128.696000,136.250000,129.170000
188.100000,122.738000,126.787000,135.872000,124.031000
188.200000,125.304000,121.136000,137.780000,126.378000
188.300000,123.052000,128.282000,137.683000,125.591000
188.400000,119.690000,125.554000,139.115000,125.315000
188.500000,124.402000,124.017000,137.226000,130.378000
188.600000,123.438000,125.015000,134.805000,128.903000
188.700000,124.518000,128.426000,135.973000,132.774000
188.800000,124.611000,127.426000,137.383000,130.189000
188.900000,122.841000,125.218000,136.855000,129.399000
189.000000,122.667000,123.847000,136.154000,129.343000
189.100000,128.487000,123.348000,134.485000,133.828000
189.200000,128.485000,123.829000,132.477000,125.907000
189.300000,124.342000,123.811000,135.261000,125.888000
189.400000,126.711000,125.869000,131.957000,125.956000
189.500000,126.186000,124.750000,132.408000,125.335000
189.600000,125.026000,122.371000,132.929000,129.194000
189.700000,127.763000,127.032000,134.494000,130.370000
189.800000,129.532000,125.316000,130.374000,133.079000
189.900000,126.988000,125.214000,129.525000,133.887000
190.000000,125.797000,124.106000,129.647000,130.055000
190.100000,123.141000,127.292000,134.217000,128.178000
190.200000,122.185000,123.939000,135.002000,128.289000
190.300000,125.374000,121.516000,134.401000,128.681000
190.400000,127.188000,123.755000,134.196000,129.938000
190.500000,128.095000,127.861000,134.773000,126.639000
190.600000,125.815000,123.857000,137.287000,123.508000
190.700000,128.342000,124.189000,136.050000,126.340000
190.800000,126.987000,123.913000,135.287000,126.978000
190.900000,126.799000,126.530000,135.347000,125.994000
191.000000,127.603000,121.904000,137.060000,126.114000
191.100000,126.045000,124.182000,137.631000,124.117000
191.200000,124.231000,124.652000,135.771000,125.376000
191.300000,123.806000,127.027000,139.765000,124.519000
191.400000,124.879000,126.356000,133.904000,126.100000
191.500000,125.819000,126.696000,137.111000,124.801000
191.600000,124.276000,125.016000,134.784000,124.850000
191.700000,124.448000,125.143000,132.467000,121.838000
191.800000,126.316000,126.536000,133.362000,125.626000
191.900000,123.651000,127.118000,132.163000,120.190000
192.000000,123.200000,125.064000,131.061000,122.031000
192.100000,123.883000,127.194000,132.716000,122.601000
192.200000,123.692000,127.447000,132.777000,122.376000
192.300000,124.599000,126.313000,131.515000,122.640000
192.400000,125.939000,127.633000,132.778000,127.002000
192.500000,126.372000,126.793000,131.734000,122.283000
192.600000,125.810000,127.270000,132.997000,124.771000
192.700000,125.401000,124.906000,130.581000,126.288000
192.800000,123.565000,124.653000,133.293000,127.291000
192.900000,123.747000,125.416000,132.500000,124.859000
193.000000,125.630000,126.115000,130.389000,127.258000
193.100000,127.299000,125.062000,130.728000,126.433000
193.200000,126.690000,125.148000,132.380000,126.958000
193.300000,122.749000,124.447000,132.760000,125.352000
193.400000,125.026000,123.552000,134.026000,125.986000
193.500000,124.407000,123.182000,133.695000,126.813000
193.600000,122.326000,124.878000,133.269000,125.375000
193.700000,125.592000,124.414000,129.717000,127.095000
193.800000,125.242000,125.555000,133.700000,124.813000
193.900000,124.205000,125.776000,131.992000,125.697000
194.000000,121.656000,124.555000,134.268000,122.242000
194.100000,123.006000,124.925000,131.429000,122.877000
194.200000,123.813000,126.453000,133.863000,124.897000
194.300000,124.029000,124.006000,134.330000,126.076000
194.400000,124.367000,126.882000,138.368000,124.094000
194.500000,125.601000,126.625000,134.641000,125.610000
194.600000,124.400000,130.059000,135.765000,126.183000
194.700000,122.450000,128.971000,138.493000,122.832000
194.800000,125.520000,133.003000,135.342000,122.031000
194.900000,123.726000,130.060000,134.471000,125.432000
195.000000,122.284000,129.663000,132.546000,128.174000
195.100000,124.115000,132.556000,135.595000,125.184000
195.200000,124.803000,130.483000,134.164000,123.207000
195.300000,122.538000,128.854000,134.977000,125.313000
195.400000,123.923000,129.578000,134.058000,126.135000
195.500000,126.180000,128.051000,134.675000,124.644000
195.600000,124.789000,129.825000,134.490000,125.503000
195.700000,125.054000,130.194000,136.697000,126.417000
195.800000,122.770000,129.795000,132.455000,124.177000
195.900000,126.098000,130.408000,137.060000,122.663000
196.000000,124.501000,133.236000,135.609000,126.889000
196.100000,126.349000,132.018000,134.092000,124.793000
196.200000,127.560000,131.620000,133.750000,124.315000
196.300000,127.602000,131.260000,132.915000,122.538000
196.400000,126.574000,133.267000,132.426000,123.672000
196.500000,125.987000,130.750000,132.066000,124.297000
196.600000,126.724000,133.306000,133.929000,121.712000
196.700000,125.069000,131.102000,131.946000,125.299000
196.800000,126.054000,130.605000,130.927000,124.913000
196.900000,127.239000,132.152000,136.073000,123.641000
197.000000,123.972000,129.632000,136.930000,124.653000
197.100000,124.339000,133.459000,134.157000,128.319000
197.200000,125.585000,130.154000,135.068000,128.246000
197.300000,123.091000,131.792000,135.873000,127.590000
197.400000,121.514000,130.041000,133.857000,123.265000
197.500000,125.695000,128.939000,133.321000,127.492000
197.600000,124.806000,127.688000,135.826000,126.398000
197.700000,123.346000,129.636000,135.333000,128.307000
197.800000,124.804000,130.674000,134.985000,123.658000
197.900000,123.406000,128.920000,132.617000,125.529000
198.000000,125.972000,128.979000,133.407000,122.907000
198.100000,123.361000,129.892000,136.177000,125.079000
198.200000,125.181000,130.748000,131.311000,124.592000
198.300000,123.906000,130.590000,133.876000,120.568000
198.400000,124.664000,127.137000,137.286000,126.417000
198.500000,124.411000,129.414000,134.238000,124.869000
198.600000,125.221000,130.061000,133.943000,124.016000
198.700000,124.032000,128.132000,133.631000,126.753000
198.800000,126.392000,130.648000,130.437000,122.593000
198.900000,126.720000,128.407000,132.561000,124.858000
199.000000,127.830000,132.558000,131.902000,120.715000
199.100000,125.802000,129.617000,132.639000,119.146000
199.200000,125.672000,130.462000,133.790000,121.570000
199.300000,127.767000,127.685000,135.222000,122.021000
199.400000,126.069000,130.239000,135.198000,124.541000
199.500000,126.032000,128.090000,135.256000,123.581000
199.600000,126.860000,127.617000,138.852000,124.233000
199.700000,125.947000,128.894000,136.658000,122.499000
199.800000,124.069000,126.970000,136.193000,125.626000
199.900000,125.167000,124.954000,135.631000,125.674000
200.000000,125.009000,125.410000,136.259000,127.573000
