System,PC1,PC2
WT,-2.143480,9.832850
WT,-2.096550,10.003010
WT,-1.613010,11.408830
WT,-1.583990,11.810220
WT,-2.326420,10.136960
WT,-1.452200,11.535820
WT,-1.094900,12.515290
WT,-1.099600,13.350000
WT,-2.380380,11.327200
WT,-1.773590,12.137690
WT,-1.752400,11.599270
WT,-1.640590,11.602670
WT,-2.417720,11.570260
WT,-1.138460,12.585310
WT,-1.460660,12.554340
WT,-2.848970,10.629160
WT,-1.739460,10.481290
WT,-2.268980,10.976000
WT,-2.040790,11.438500
WT,-1.841440,11.668470
WT,-2.211410,11.159020
WT,-2.507020,10.973360
WT,-2.361770,10.543880
WT,-2.718290,9.815080
WT,-2.365370,10.917360
WT,-2.938890,9.986090
WT,-2.213930,11.618080
WT,-2.645400,9.372030
WT,-1.905420,10.046640
WT,-2.095990,9.654150
WT,-2.202140,10.371790
WT,-2.011370,10.808150
WT,-0.804230,12.045130
WT,-1.986500,10.607540
WT,-1.902220,10.086390
WT,-1.250340,12.457390
WT,-1.062110,12.887410
WT,-1.604370,12.041640
WT,-2.061970,11.230620
WT,-1.964570,11.147380
WT,-1.636360,12.820130
WT,-1.167700,13.610490
WT,-1.920240,11.184080
WT,-2.185240,11.380870
WT,-1.903250,12.083560
WT,-2.615260,10.758100
WT,-1.641580,12.348960
WT,-1.035390,13.275560
WT,-1.521440,12.575310
WT,-1.842040,12.790050
WT,-0.967470,13.192270
WT,-1.315900,12.733320
WT,-0.904630,12.286250
WT,53.254590,-1.926760
WT,-1.891950,12.451520
WT,-0.774490,14.000070
WT,-0.554050,13.560200
WT,-1.170420,13.537960
WT,-1.599900,11.607820
WT,-1.783160,12.029450
WT,-1.720930,11.756670
WT,-1.957810,12.013470
WT,-1.359830,13.287330
WT,-1.733980,11.674790
WT,-1.628130,11.394660
WT,-1.649080,11.562810
WT,-2.151120,11.311930
WT,-2.608640,10.061350
WT,54.264590,2.854890
WT,-2.369270,10.425230
WT,-2.576370,8.425920
WT,-2.355920,9.642980
WT,-2.867960,8.458720
WT,-2.500220,7.583190
WT,56.369270,2.322290
WT,-2.631410,5.382570
WT,-1.490270,7.865950
WT,-1.346690,9.590460
WT,53.375430,2.895250
WT,-1.947480,8.327660
WT,-0.762900,10.218220
WT,-1.566110,10.333960
WT,-0.666280,11.834280
WT,-1.668900,10.168820
WT,-1.870380,9.210090
WT,-2.640450,8.691340
WT,-1.936750,9.882480
WT,-3.021700,7.693500
WT,-3.539470,4.766460
WT,-2.877250,5.571320
WT,-1.772920,7.317190
WT,-1.347540,7.573770
WT,-1.261960,10.259000
WT,-2.374260,10.596270
WT,-2.298210,9.572630
WT,-2.437640,7.463800
WT,-1.980360,9.317340
WT,-2.155940,8.552500
WT,-2.325320,8.449350
WT,-3.201430,7.055840
WT,-3.031230,7.449860
WT,-2.808170,8.094450
WT,-3.449770,7.110890
WT,-3.569160,9.901020
WT,-4.073360,8.976220
WT,-3.374900,8.217780
WT,-2.435300,10.539630
WT,-1.861000,9.404340
WT,51.956390,2.979120
WT,50.249460,1.010160
WT,-2.147640,10.688940
WT,-1.194300,13.799590
WT,-0.813210,12.644140
WT,-1.190540,13.320440
WT,-0.320130,13.978920
WT,-0.900820,13.066230
WT,-0.634360,12.774290
WT,-0.605200,13.380060
WT,-0.914440,12.023750
WT,-2.574170,9.320410
WT,-1.210120,11.894640
WT,-2.006670,11.037550
WT,-2.170350,11.607130
WT,-2.008690,11.648410
WT,-1.676670,11.210380
WT,-1.209640,10.428940
WT,-1.943760,8.174110
WT,-2.634550,8.190990
WT,-2.967440,8.348850
WT,-3.547830,7.094680
WT,-2.683640,7.682270
WT,-2.172100,10.927030
WT,-1.245510,12.087210
WT,-1.716570,12.000290
WT,-2.230540,11.892620
WT,-2.615820,10.090570
WT,-2.145300,10.989600
WT,-1.645200,12.654740
WT,-2.145910,9.962110
WT,-3.211720,8.442560
WT,-2.215140,10.621330
WT,-2.553100,9.132730
WT,-2.212390,10.361530
WT,-2.781840,9.883820
WT,-1.904030,11.205520
WT,-1.947950,9.898600
WT,-2.802770,9.585730
WT,-2.187750,10.040860
WT,-0.954380,11.325530
WT,-1.418290,10.080040
WT,-1.356320,11.460120
WT,-1.081960,10.349170
WT,-2.275080,9.525220
WT,-1.555270,10.365490
WT,-2.273060,10.870700
WT,-0.966780,12.625020
WT,-1.512600,12.902140
WT,-1.660780,11.531620
WT,-1.853750,10.858340
WT,-0.632340,12.819490
WT,-1.010560,12.553660
WT,-0.731400,11.141700
WT,-1.360250,11.760930
WT,-1.091820,12.409020
WT,-0.799080,11.722900
WT,-0.654720,11.707730
WT,-0.251540,12.004200
WT,-1.245710,10.944080
WT,-1.037430,11.855830
WT,-1.719150,12.578990
WT,-1.659000,12.567730
WT,-1.384110,10.974880
WT,-2.746880,9.701470
WT,-2.407200,7.485770
WT,-2.145390,10.461910
WT,-2.305500,9.107580
WT,-1.353120,10.537000
WT,-1.250230,11.187250
WT,-1.229870,11.064930
WT,-1.252340,11.000140
WT,-2.112910,10.429680
WT,-1.892070,10.688270
WT,-2.005380,9.416600
WT,-2.389300,9.140710
WT,-2.169930,9.293960
WT,-2.117340,10.573510
WT,-2.480510,8.539800
WT,-2.878630,10.830380
WT,-1.984560,10.174400
WT,-3.106640,9.362790
WT,-3.515200,8.073140
WT,-4.492730,6.398090
WT,-3.785530,8.522960
WT,-3.514570,8.894960
WT,-4.274710,8.231430
WT,-4.285460,7.520900
WT,-4.547160,8.040810
WT,-3.470360,9.969380
WT,-3.507410,11.938200
WT,-1.891690,13.750770
WT,-2.843390,11.640550
WT,-3.423230,10.479560
WT,-3.027720,11.649380
WT,-2.874690,12.148270
WT,-2.386610,11.948410
WT,-2.595070,12.528380
WT,-1.928800,12.690320
WT,-2.663330,11.410030
WT,-2.479450,12.828780
WT,-1.831510,13.408130
WT,-2.629790,13.200970
WT,-3.109050,11.302660
WT,-3.217310,11.248670
WT,-2.570740,13.015370
WT,-2.985680,11.820410
WT,-2.554090,10.835500
WT,-3.048130,10.725520
WT,-2.427540,11.695350
WT,-2.926120,11.270730
WT,-3.027890,10.168850
WT,-3.564230,8.375710
WT,-3.398870,7.421780
WT,-3.095420,8.423270
WT,-2.840520,8.459030
WT,-1.978170,10.950890
WT,-1.984370,10.655740
WT,-2.845090,11.559820
WT,-3.067930,10.470010
WT,-2.953470,11.413690
WT,-2.640800,11.690110
WT,-3.306220,9.900670
WT,-2.843580,10.246680
WT,-3.092180,8.921230
WT,-3.555020,9.104550
WT,-2.981240,10.237700
WT,-3.746650,9.280520
WT,-2.287330,10.831540
WT,-2.963030,8.019690
WT,-2.983780,8.889780
WT,-3.128980,7.714130
WT,-2.163260,9.534030
WT,-3.024350,8.071780
WT,-3.490770,7.169640
WT,-3.180000,7.801110
WT,-2.712420,8.536310
WT,-2.576830,7.776050
WT,-3.991140,5.999880
WT,-4.070780,4.986200
WT,-3.830870,4.143370
WT,-3.856390,4.532190
WT,-3.905810,5.424520
WT,-2.705010,6.003570
WT,-3.731030,3.023930
WT,-3.153100,4.194180
WT,-4.401600,2.357270
WT,-4.197880,1.964700
WT,-4.597700,0.200960
WT,-4.141180,1.242830
WT,-4.115220,3.532460
WT,-3.338350,2.501590
WT,-3.548210,4.667340
WT,-4.187240,3.973360
WT,-3.702250,3.667070
WT,-3.073760,2.591720
WT,-3.935420,2.404680
WT,-4.463620,4.195100
WT,-4.880110,2.820130
WT,-4.358610,4.123330
WT,-4.892350,3.896280
WT,-4.217570,3.965950
WT,-3.885820,4.288710
WT,-3.837630,4.542130
WT,-4.653680,3.241620
WT,-4.506630,3.614710
WT,-4.291420,1.438160
WT,-4.920090,1.759050
WT,-3.782960,4.057420
WT,-4.131340,0.971270
WT,-3.887700,4.246910
WT,-3.716860,2.727000
WT,-3.804910,1.466740
WT,-3.961470,2.088240
WT,-3.545010,2.840670
WT,-3.381930,4.451510
WT,-4.251000,3.084330
WT,-4.078990,1.005740
WT,-3.981800,2.528360
WT,-4.055210,6.224610
WT,-3.536460,5.902660
WT,-3.463550,7.611240
WT,-3.069520,7.793730
WT,-3.724380,6.603230
WT,-3.412650,7.809200
WT,-3.106260,7.129880
WT,-3.714080,5.066100
WT,-3.630250,6.010050
WT,-2.899970,5.392410
WT,-3.023030,4.291710
WT,-2.468560,4.380320
WT,-2.333270,5.592350
WT,-2.996300,5.482110
WT,-2.529160,5.440430
WT,-2.547210,5.970840
WT,-1.723340,8.231830
WT,-1.688330,6.460660
WT,-1.970990,7.092120
WT,-2.004400,7.784790
WT,-1.072090,9.401990
WT,-2.531040,7.880710
WT,-2.551040,8.942260
WT,-1.790670,9.975520
WT,-1.516880,9.904790
WT,-2.185780,10.471170
WT,-2.013040,9.542880
WT,-2.616130,7.254600
WT,-1.747770,9.513530
WT,-2.334380,7.881680
WT,-2.190840,9.484560
WT,-2.995620,7.611250
WT,-3.700890,7.097100
WT,-3.264100,7.135000
WT,-2.859360,7.344540
WT,-1.894930,10.495720
WT,-1.784460,7.020770
WT,-1.259670,8.874270
WT,-0.474180,11.985100
WT,-0.236550,13.250740
WT,-0.622830,12.051050
WT,-0.943890,13.470710
WT,-0.725600,12.539140
WT,-0.745420,12.941930
WT,-1.098360,10.855620
WT,-0.296580,12.217860
WT,-0.229970,8.894100
WT,-1.135870,8.602730
WT,-1.394300,10.886980
WT,-0.611840,11.731770
WT,-0.575430,12.989740
WT,-1.151100,11.169600
WT,-0.999510,10.280520
WT,-0.767440,11.223610
WT,-1.100490,9.774910
WT,-0.324890,7.436370
WT,-1.366430,6.083880
WT,-1.262300,6.259050
WT,-2.721540,3.231400
WT,-2.616890,4.387520
WT,-3.213540,3.982770
WT,-2.975300,4.426900
WT,-2.600250,3.405560
WT,-2.363710,3.550520
WT,-3.227660,0.148450
WT,-3.050280,3.212910
WT,-4.636050,-0.955570
WT,-3.649890,1.267460
WT,-4.836790,-0.521160
WT,-4.471550,0.906320
WT,-3.541500,0.534920
WT,-2.973750,2.950650
WT,-4.205940,0.907950
WT,-3.175480,0.826770
WT,-3.653400,0.610290
WT,-2.854230,-3.175780
WT,-4.079980,-5.367390
WT,-3.193470,-0.470220
WT,-3.001100,2.839190
WT,-3.859780,0.781680
WT,-3.301280,1.963990
WT,-2.562620,0.267950
WT,-3.194520,1.349930
WT,-3.832790,-0.646700
WT,-4.766530,-1.118040
WT,-4.624940,-2.396380
WT,-5.737390,-2.041790
WT,-4.773720,0.369550
WT,-5.454680,-1.007620
WT,-4.653880,-1.103330
WT,64.261340,-3.357560
WT,-4.424060,-0.124730
WT,-4.769410,0.020020
WT,-3.389100,2.593380
WT,-4.010910,2.286190
WT,-3.064270,-0.553940
WT,-4.376930,0.221560
WT,-4.677650,0.327760
WT,-4.457900,-2.213070
WT,-5.476550,-3.581270
WT,-4.664540,-1.051220
WT,-2.510730,2.175130
WT,-2.760520,0.925730
WT,-4.260850,0.038190
WT,62.500970,-1.686610
WT,-4.498700,0.211330
WT,-4.750240,0.457000
WT,-4.919490,-1.800270
WT,-5.583690,-1.001540
WT,-4.480130,1.881100
WT,-4.959380,1.018000
WT,-4.350400,1.620770
WT,-5.173910,1.000650
WT,-5.553900,1.165730
WT,-4.874320,0.672300
WT,-5.119600,1.535610
WT,-5.291530,2.314430
WT,-5.071710,2.539430
WT,-4.667850,2.892210
WT,-5.019360,2.061020
WT,-4.109400,3.343140
WT,-4.226550,2.764120
WT,-4.585510,2.412370
WT,-5.687320,-1.803840
WT,-4.992500,-1.418130
WT,-5.108610,-0.644310
WT,-4.986740,-2.927210
WT,-4.810700,0.745900
WT,-4.507560,0.300130
WT,-3.642690,1.436640
WT,-5.044970,-1.097950
WT,-5.666700,-3.104300
WT,-5.211660,-2.192490
WT,-5.045440,-0.794300
WT,-5.223760,-3.646070
WT,-5.433730,-1.349040
WT,66.427570,0.135920
WT,-5.490600,-0.149240
WT,-4.984520,1.690140
WT,-5.104330,0.631200
WT,-5.325870,-0.871140
WT,-4.876400,-0.400190
WT,-4.895680,-0.886980
WT,-4.959910,-1.103620
WT,-3.985490,0.012200
WT,-3.983950,1.165700
WT,-5.099120,1.455060
WT,-5.359440,-2.415790
WT,-5.123870,-2.985720
WT,-5.841180,-3.510250
WT,-5.721370,-2.603890
WT,-5.699460,-1.485920
WT,-4.749420,-2.228730
WT,-3.590660,-2.990180
WT,-4.017790,-1.360360
WT,-5.270040,-5.026380
WT,-4.687040,-4.299010
WT,-4.016240,-2.488920
WT,-3.370760,-0.899850
WT,-3.380640,0.342690
WT,-2.729160,1.654660
WT,-3.925510,2.858270
WT,-3.942920,3.490600
WT,-3.775710,2.210120
WT,-3.813710,3.496280
WT,-3.680900,2.398830
WT,-3.333030,-0.316300
WT,-3.993540,-0.577760
WT,-3.409920,1.853990
WT,-3.453180,-0.268060
WT,-3.536470,-1.370010
WT,-4.836990,-1.203770
WT,-3.719480,-1.363330
WT,-4.057060,-3.480340
WT,-3.841790,-3.502360
WT,-3.522260,0.297380
WT,-4.005020,1.329080
WT,-3.978140,2.212910
WT,-2.829080,0.165580
WT,-3.434690,1.024770
WT,-3.269370,-2.271700
WT,-3.616590,-0.119460
WT,-4.806270,0.890220
WT,-4.928730,-0.665530
WT,-4.983620,0.373470
WT,-5.374160,0.437960
WT,-4.990270,0.761180
WT,-3.788980,-0.005840
WT,-3.517560,0.281800
WT,-3.203480,-0.586690
WT,-4.852430,0.212300
WT,-3.998990,2.299570
WT,-4.643430,1.869400
WT,-4.297960,2.623750
WT,-4.397930,0.451110
WT,-4.580040,-0.174760
WT,-5.101250,-0.370940
WT,-4.981420,-0.063240
WT,-4.360240,2.349280
WT,-5.594030,3.595950
WT,-5.002180,3.662080
WT,-5.456720,1.921730
WT,-4.688700,3.500120
WT,-5.064950,4.427660
WT,-4.781400,4.589000
WT,-4.168620,7.705140
WT,-5.221560,4.855650
WT,-4.715570,4.009600
WT,-4.708320,2.929680
WT,-4.290860,4.202200
WT,-4.994540,0.929120
WT,-4.425270,2.219680
WT,-4.279800,2.937610
WT,-3.792570,3.058390
WT,-4.778230,1.627690
WT,-5.518460,-0.480890
WT,-5.157160,-0.906490
WT,-4.818010,-0.904700
WT,-4.685260,-0.314940
WT,-4.709670,2.016140
WT,-4.440440,0.525050
WT,-4.567550,-0.516560
WT,-4.264080,2.073840
WT,-2.825990,1.891210
WT,-3.369870,2.750090
WT,-2.790730,5.301410
WT,-2.372230,2.862180
WT,-2.920300,3.455930
WT,-4.316710,2.115630
WT,-3.966810,2.919780
WT,-3.189760,3.495670
WT,-2.804000,6.566630
WT,-3.407540,3.745110
WT,-3.260260,4.732100
WT,-3.051710,5.342350
WT,-2.719550,5.030270
WT,-2.975260,4.313410
WT,-3.074860,4.426450
WT,-2.440160,6.659680
WT,-4.536390,3.522810
WT,-4.974190,2.333510
WT,-4.458290,2.573260
WT,-4.280710,4.174990
WT,-3.749990,1.564050
WT,-3.302790,4.069330
WT,-3.279900,1.949080
WT,-4.457880,0.829710
WT,-3.883730,1.681580
WT,-4.740860,0.951680
WT,-4.649570,1.182590
WT,-4.203310,1.077640
WT,-3.705510,2.704120
WT,-2.948190,0.619830
WT,-2.834510,2.361120
WT,-3.996660,1.763260
WT,-4.233000,1.398120
WT,-4.734550,2.644970
WT,-4.138850,1.025260
WT,-4.708480,1.493030
WT,-4.519700,2.144260
WT,-5.151390,1.312750
WT,-4.353250,2.835780
WT,-2.584070,3.512130
WT,-3.593640,2.775660
WT,-3.385640,1.736380
WT,-4.587980,3.042250
WT,-2.610850,2.278050
WT,-3.014070,3.758770
WT,-2.746030,2.241140
WT,-1.722910,2.960770
WT,-2.457020,3.728920
WT,-3.242530,4.037380
WT,-2.877730,3.717370
WT,-4.066470,2.524850
WT,-2.533180,5.446100
WT,-2.770810,3.405360
WT,-3.157550,3.667840
WT,-2.485750,3.288200
WT,-2.819870,4.682300
WT,-3.575330,3.561590
WT,-4.782530,1.996840
WT,-3.476010,2.638250
WT,-3.119820,4.006290
WT,-3.414390,2.178240
WT,-4.545000,2.191540
WT,-4.547190,2.861940
WT,-4.614510,2.896980
WT,-4.583990,2.983570
WT,-4.057340,2.461840
WT,-5.667980,0.992990
WT,-3.669130,2.826270
WT,-3.769950,2.582670
WT,-4.942620,2.752650
WT,-3.866820,5.552910
WT,-3.289710,5.138210
WT,-1.924790,7.539960
WT,-3.129770,7.143820
WT,-2.753500,7.139680
WT,-3.056780,7.357050
WT,-3.352210,5.451620
WT,-3.097840,6.691120
WT,-1.850790,7.119100
WT,-1.609300,9.087880
WT,-2.199160,9.608780
WT,-2.544350,9.630240
WT,-1.932020,10.910040
WT,-1.411330,9.690420
WT,-2.205920,8.426130
WT,-1.613590,8.510460
WT,-1.457200,6.001560
WT,-2.518820,3.870630
WT,-3.127450,3.880170
WT,-2.810860,6.554170
WT,-4.219280,3.726370
WT,-3.744550,5.312430
WT,-3.832750,4.547020
WT,-3.998450,6.619520
WT,-3.738360,3.838200
WT,-3.862550,2.603750
WT,-3.649330,3.712770
WT,-3.181040,3.592090
WT,-3.896670,4.316600
WT,-3.574390,5.663450
WT,-3.240780,5.803430
WT,-4.202800,5.288710
WT,-3.626510,6.432020
WT,-2.990790,5.882630
WT,-3.529590,5.459680
WT,-3.693460,6.449130
WT,-3.432810,5.455610
WT,-4.090040,4.391650
WT,-3.035940,7.197990
WT,-2.644360,6.572540
WT,-1.810910,8.866490
WT,-1.609800,8.766020
WT,-2.175930,7.192570
WT,-2.838760,6.561710
WT,-2.979110,6.679970
WT,-2.317790,7.858320
WT,-3.941460,5.212780
WT,-3.532720,7.225380
WT,-4.926440,4.838180
WT,-2.757550,9.196470
WT,-2.369900,7.774720
WT,-2.769740,8.209040
WT,-2.209740,7.870220
WT,-2.468220,7.419820
WT,-3.126120,7.361080
WT,-2.129620,8.763680
WT,-2.432500,9.297990
WT,-3.129280,5.707850
WT,-3.277100,6.178400
WT,-3.278540,4.948890
WT,-3.865430,4.505880
WT,-3.611110,6.219020
WT,-4.071090,4.949810
WT,-3.918370,5.264300
WT,-3.588360,6.497230
WT,-4.012770,5.923290
WT,-4.232020,4.746270
WT,-4.223940,4.181890
WT,-4.051750,4.263040
WT,-3.627150,5.418550
WT,-4.143180,5.446200
WT,-4.332820,5.711030
WT,-3.347440,5.719920
WT,-3.511980,5.596450
WT,-2.927640,6.796180
WT,-3.979640,7.432030
WT,-3.810050,6.744210
WT,-4.109250,3.962850
WT,-4.449810,4.480560
WT,-4.198140,5.500150
WT,-3.019180,6.950430
WT,-4.088180,5.541130
WT,-3.888070,5.215150
WT,-3.620190,6.524450
WT,-3.631430,5.593420
WT,-4.172440,4.490360
WT,-3.416100,5.857610
WT,-3.467840,6.234390
WT,-4.029340,5.405620
WT,-3.135260,6.619620
WT,-3.717420,6.214200
WT,-4.061100,7.762990
WT,-3.854150,6.999450
WT,-3.962720,6.635260
WT,-4.205180,6.527790
WT,-4.272830,6.295200
WT,-3.841440,6.475850
WT,-4.518370,5.706930
WT,-3.812090,6.731770
WT,-3.549870,7.246730
WT,-3.429220,6.056100
WT,-3.616480,6.434550
WT,-3.090780,7.868340
WT,-2.847070,7.809240
WT,-2.935900,7.792890
WT,-2.797940,7.910760
WT,-2.832230,8.076130
WT,-2.764910,8.656910
WT,-3.096190,7.141710
WT,-3.590490,7.303380
WT,-2.970840,7.044510
WT,-3.676890,5.751750
WT,-3.949190,5.242670
WT,-2.575080,7.899130
WT,-3.661540,7.025590
WT,-3.222710,7.477810
WT,-3.000920,7.020200
WT,-3.781420,6.284130
WT,-3.109440,8.064920
WT,-3.547270,7.375030
WT,-3.267270,8.123300
WT,-3.497070,8.087650
WT,-2.924650,7.301780
WT,-3.296950,7.377690
WT,-3.807350,6.466340
WT,-4.095540,5.416510
WT,-4.114170,6.171740
WT,-4.093340,5.796360
WT,-3.357970,6.091050
WT,-3.290570,6.752840
WT,-3.264250,6.091100
WT,-3.602890,5.455750
WT,-3.418690,5.614520
WT,-3.008900,6.229520
WT,-3.180640,6.522820
WT,-3.226630,6.492390
WT,-2.930400,5.420220
WT,-3.180630,5.812260
WT,-2.526460,6.679700
WT,-2.757230,6.880040
WT,-3.039190,5.411320
WT,-4.323420,4.822870
WT,-3.366880,5.442870
WT,-3.030450,7.303940
WT,-2.961580,6.560830
WT,-3.947530,5.861600
WT,-4.110200,6.095260
WT,-2.529510,8.494310
WT,-3.006020,7.266470
WT,-2.977110,7.574570
WT,-2.762550,6.836080
WT,-3.002460,7.271900
WT,-3.261970,6.400530
WT,-3.652470,6.011990
WT,-2.737590,7.755500
WT,-3.175660,6.263910
WT,-3.492610,6.411180
WT,-3.121380,6.714290
WT,-2.793580,7.657010
WT,-3.018370,6.656110
WT,-2.646980,6.530700
WT,-2.682510,6.799930
WT,-2.991110,6.918420
WT,-2.762390,5.859680
WT,-2.875310,6.446520
WT,-3.200260,5.004640
WT,-2.958690,6.484700
WT,-3.947240,5.578970
WT,-3.454820,5.913760
WT,-3.601500,5.209220
WT,-3.638820,4.794060
WT,-3.822510,5.847690
WT,-3.359940,5.271130
WT,-3.094250,5.474410
WT,-3.255640,6.565270
WT,-3.736520,5.719490
WT,-4.420920,6.001090
WT,-3.617490,6.254330
WT,-3.500480,6.734780
WT,-3.136560,8.283330
WT,-3.540330,7.650750
WT,-3.206930,7.153840
WT,-4.000180,6.616460
WT,-3.075100,8.110350
WT,-3.363560,6.968600
WT,-3.279420,7.337820
WT,-2.888260,7.235890
WT,-3.335640,5.791190
WT,-3.603990,5.819390
WT,-3.267540,6.211440
WT,-3.185470,7.851860
WT,-3.696790,6.711150
WT,-3.649550,7.226740
WT,-2.703040,7.377630
WT,-3.401520,5.237610
WT,-3.832480,5.608140
WT,-3.670640,6.132220
WT,-3.315700,7.150800
WT,-3.236150,7.034080
WT,-3.124110,7.139940
WT,-3.477230,7.322890
WT,-2.688480,10.317170
WT,-2.558410,8.864070
WT,-3.356350,7.416880
WT,-2.764020,8.470910
WT,-3.385910,8.111030
WT,-3.785980,7.091760
WT,-3.566170,6.511180
WT,-3.880350,6.350960
WT,-3.917750,5.098520
WT,-3.270980,5.448830
WT,-3.757860,4.913480
WT,-3.843390,5.689560
WT,-3.447980,5.636980
WT,-3.934200,5.102670
WT,-3.788420,4.779430
WT,-4.185070,5.603900
WT,-3.494900,6.425570
WT,-3.315780,6.698310
WT,-4.213050,3.975950
WT,-3.783540,5.275860
WT,-3.579930,5.961320
WT,-3.820510,5.806250
WT,-3.593470,5.022260
WT,-3.492880,5.780180
WT,-3.752420,5.579960
WT,-4.097560,3.612940
WT,-2.898380,6.107670
WT,-3.117670,6.120230
WT,-4.474450,5.546480
WT,-3.723020,7.663400
WT,-4.532110,4.535570
WT,-2.877830,6.669470
WT,-2.517720,7.721680
WT,-3.754450,6.954640
WT,-4.023230,5.657130
WT,-2.930980,5.267470
WT,-3.928680,4.635940
WT,-2.837810,5.966190
WT,-3.762550,4.336470
WT,-2.928160,6.057260
WT,-3.373960,6.242780
WT,-3.451360,5.831620
WT,-3.397230,7.604900
WT,-3.165060,7.172680
WT,-3.236100,7.257580
WT,-2.701840,6.910500
WT,-3.949260,7.282690
WT,-3.733230,7.190960
WT,-4.238720,7.097340
WT,-2.796910,8.182300
WT,-3.171900,7.983080
WT,-3.087480,7.225290
WT,-3.375780,6.219530
WT,-3.496300,6.732120
WT,-3.154490,7.267230
WT,-2.570740,7.974000
WT,-3.746730,6.578430
WT,-3.963190,5.617730
WT,-3.588320,5.786010
WT,-3.440390,6.735130
WT,-3.014640,6.937110
WT,-3.677980,5.687850
WT,-4.008930,5.197470
WT,-3.326160,6.186550
WT,-3.146150,6.770060
WT,-3.629570,4.478560
WT,-3.199360,4.968480
WT,-3.105790,6.847380
WT,-3.617310,5.688650
WT,-3.567070,4.926660
WT,-2.524270,6.342180
WT,-3.769630,4.503340
WT,-3.380290,5.949830
WT,-2.726940,6.043150
WT,-2.935080,6.174650
WT,-3.364810,5.114110
WT,-3.703420,5.519820
WT,-2.964260,6.504170
WT,-3.329900,7.092980
WT,-3.131460,6.750460
WT,-3.891700,6.159000
WT,-3.973140,4.591120
WT,-3.665280,5.759540
WT,-3.417530,5.781840
WT,-3.258600,5.905390
WT,-3.147030,5.929020
WT,-3.011030,3.716050
WT,-3.451720,3.066980
WT,-4.219270,4.944150
WT,-3.975120,4.812410
WT,-4.272040,5.057450
WT,-3.908940,5.670350
WT,-4.078610,7.048440
WT,-4.118800,5.688100
WT,-3.865850,5.681240
WT,-3.784590,6.104830
WT,-4.247910,6.594580
WT,-4.088280,5.485690
WT,-3.768660,6.006240
WT,-3.896440,5.586480
WT,-4.018970,4.221840
WT,-3.648950,5.943630
WT,-3.942130,5.814590
WT,-3.631090,6.125530
WT,-3.255030,4.739190
WT,-3.391490,6.183440
WT,-3.354200,6.384220
WT,-3.744460,5.151970
WT,-4.115570,5.951560
WT,-4.228350,4.720550
WT,-3.757700,5.144820
WT,-3.680360,5.022950
WT,-3.459680,5.307690
WT,-3.746160,6.409050
WT,-3.355290,4.974770
WT,-2.999850,5.632790
WT,-3.350790,7.086320
WT,-3.478280,5.292960
WT,-3.054290,6.319860
WT,-2.945170,7.066940
WT,-2.943980,8.107480
WT,-3.486170,8.014370
WT,-3.298130,6.228230
WT,-3.558910,7.219610
WT,-4.097390,7.195320
WT,-3.700430,5.952140
WT,-3.829810,6.434340
WT,-2.541540,8.121800
WT,-3.486900,6.078290
WT,-2.835690,7.028630
WT,-3.190170,6.751960
WT,-3.477460,6.866470
WT,-3.555530,6.658060
WT,-3.886590,6.295470
WT,-3.432700,7.029880
WT,-3.259520,6.051580
WT,-3.698000,6.685990
WT,-3.649080,7.033490
WT,-3.999110,5.882440
WT,-3.808630,6.410160
WT,-3.626630,5.416270
WT,-2.831790,7.830760
WT,-3.069540,6.640410
WT,-3.887010,5.678110
WT,-3.186860,7.086880
WT,-3.447400,6.708080
WT,-3.559170,6.100930
WT,-4.020670,5.784600
WT,-2.941400,6.829420
WT,-3.892940,5.683960
WT,-3.849620,5.493090
WT,-3.386260,5.704600
WT,-3.240090,5.401490
WT,-3.456450,6.140530
WT,-3.725040,6.019110
WT,-2.647670,7.849080
WT,-2.801260,7.068930
WT,-3.290530,7.025970
WT,-3.141940,8.204230
WT,-3.573230,8.038100
WT,-3.350650,7.400620
WT,-3.546080,6.670190
WT,-3.379040,8.081140
WT,-3.415100,7.696220
WT,-3.514600,6.639980
WT,-3.952730,5.529120
WT,-4.061680,6.788980
WT,-3.933280,6.995870
WT,-3.798760,6.688500
WT,-2.969730,6.821150
WT,-4.124350,6.156170
WT,-2.460930,8.870890
WT,-2.574150,8.746430
WT,-1.908050,8.025520
WT,-3.181310,6.926700
WT,-4.398790,4.928290
WT,-3.081080,5.443380
WT,-2.661590,6.102280
WT,-3.157830,6.569160
WT,-3.858060,5.474340
WT,-2.790530,6.229570
WT,-3.334780,5.552570
WT,-4.027450,5.406490
WT,-3.661530,6.313000
WT,-3.391210,5.438160
WT,-3.062770,5.091840
WT,-4.086970,2.982730
WT,-3.326780,4.214790
WT,-3.724270,4.503550
WT,-4.140250,5.730010
WT,-4.663150,4.765100
WT,-3.846350,6.162930
WT,-4.591790,5.227160
WT,-3.976400,4.819930
WT,-4.093810,4.184770
WT,-4.697040,4.507700
WT,-4.369280,1.658850
WT,-4.896900,0.775250
WT,-3.265360,1.027280
WT,-2.528440,3.505900
WT,-3.307810,3.698830
WT,-2.352100,2.840600
WT,-2.344780,3.431500
WT,-3.718270,2.784510
WT,-4.029300,2.619220
WT,-3.560010,1.798870
WT,-4.779140,1.143460
WT,-3.884310,0.231140
WT,-3.466520,1.537070
WT,-3.052710,2.297890
WT,-2.841670,2.238730
WT,-2.603250,3.196880
WT,-2.856430,4.628230
WT,-2.358860,5.390370
WT,-3.149920,2.721240
WT,-4.137320,2.202350
WT,-3.371000,3.542170
WT,-2.426570,2.716830
WT,-3.921300,1.516410
WT,-3.710050,0.511700
WT,-3.075260,0.152930
WT,-3.794970,1.701280
WT,-2.904550,0.060130
WT,-2.779480,-0.645980
WT,-3.015150,-1.271140
WT,-3.139020,-1.916780
WT,-3.648630,-3.292690
WT,-3.648370,-2.558380
WT,-3.112020,-0.050910
WT,-3.443050,0.415700
WT,-3.930550,-1.130060
WT,-3.212580,0.626660
WT,-4.319630,-2.051270
WT,-4.431370,-1.042000
WT,-5.109360,-2.289940
WT,-3.639030,-2.728150
WT,-4.551020,-4.264250
WT,-3.623460,-2.150280
WT,-3.976520,-1.060320
WT,-3.824520,-0.281410
WT,-3.975160,-1.926280
WT,-3.453080,1.001830
WT,-3.318310,1.864520
WT,-2.727200,0.661890
WT,-2.802590,-0.906310
WT,-3.054110,-1.859770
WT,-3.477180,-0.348730
WT,-4.092050,1.439650
WT,-4.546540,0.334670
WT,-3.880240,-0.353820
WT,-4.485220,0.532740
WT,-4.008660,2.172250
WT,-4.366400,1.608630
WT,-4.259030,2.140980
WT,-3.875620,1.105670
WT,-3.126690,3.898150
WT,-3.762580,4.169810
WT,-3.657350,3.953090
WT,-3.462570,2.606670
WT,-3.852240,2.857880
WT,-3.921830,4.624330
WT,-4.603440,1.858030
WT,-3.553240,4.158340
WT,-4.137190,2.357650
WT,-2.805410,4.262700
WT,-2.462100,6.236440
WT,-2.769710,5.460210
WT,-3.307950,4.383740
WT,-3.653050,5.404400
WT,-4.466710,5.340880
WT,-3.217850,5.935780
WT,-3.380220,7.515750
WT,-3.393420,7.119170
WT,-3.574010,6.508950
WT,-2.980880,7.449860
WT,-3.342600,7.494640
WT,-3.043310,5.898670
WT,-2.948270,5.377860
WT,-2.748000,4.649800
WT,-2.777110,4.355940
WT,-3.070150,3.721510
WT,-3.614160,3.767370
WT,-3.295510,2.836790
WT,-3.600750,4.165830
WT,-2.672470,4.289400
WT,-3.354590,3.966000
WT,-3.149080,4.924350
WT,-3.870040,2.384310
WT,-3.208390,2.877640
WT,-3.074780,2.594250
WT,-3.106270,-0.013780
WT,-3.206000,-0.522590
WT,-2.676590,-0.913900
WT,-3.194830,-0.472530
WT,-2.307090,-2.697550
WT,-3.478110,-3.587090
WT,-1.801680,-2.074050
WT,-3.011790,-1.762880
WT,-3.155160,-1.876060
WT,-4.079220,-5.013330
WT,-2.719640,-4.187760
WT,-2.482420,-2.816910
WT,-1.969600,2.260350
WT,-1.724930,1.808650
WT,-1.846240,5.516370
WT,-2.010080,4.141880
WT,-2.776530,3.137080
WT,-2.261970,6.797910
WT,-2.090210,6.137060
WT,-2.835630,3.121320
WT,-2.644010,4.178960
WT,-1.671900,5.939970
WT,-1.919640,4.731780
WT,-2.560940,1.995400
WT,-1.690830,5.619860
WT,-1.844190,5.955190
WT,-2.709410,4.718530
WT,-3.178510,1.606710
WT,-3.010030,1.384690
WT,-2.789570,-1.613860
WT,-2.202360,-4.386290
WT,-1.616580,-6.807430
WT,-0.509030,-5.786860
WT,-1.459040,-4.277920
WT,-2.597530,-4.883130
WT,-4.235260,-5.717700
WT,-3.616810,-4.971060
WT,-3.702160,-5.022980
WT,-3.814740,-5.580280
WT,-2.515170,-2.859300
WT,-2.575480,-0.691670
WT,-2.822060,0.199610
WT,-3.449690,-2.233250
WT,-3.386680,-2.029820
WT,-3.950840,-1.740160
WT,-3.663610,-4.521990
WT,-3.200750,-4.825210
WT,-3.128460,-3.155400
WT,-4.288530,-4.766030
WT,-3.892670,-1.498380
WT,-2.845860,-2.200830
WT,-2.500280,-1.951130
WT,-2.716950,-2.719780
WT,-2.792640,0.097890
WT,-2.892680,-1.243970
WT,-3.226290,-1.672000
WT,-3.216880,-3.573040
WT,-2.408900,-3.385960
WT,-2.741440,-2.530590
WT,-4.032290,-2.431820
WT,-4.088360,-3.987170
WT,-3.634530,-4.472060
WT,-3.469370,-5.486110
WT,-3.916730,-5.108030
WT,-3.636930,-5.870200
WT,-4.072510,-5.303770
WT,-3.964310,-3.692560
WT,-4.215590,-5.797770
WT,-3.615430,-3.750180
WT,-3.194220,-2.671880
WT,-3.835650,-2.629160
WT,-3.859430,-0.591800
WT,-4.168870,-1.453120
WT,-5.027520,-5.304580
WT,-3.933860,-5.595510
WT,-3.690300,-6.111960
WT,-3.656650,-4.200560
WT,-2.710740,-5.277090
WT,-2.395930,-4.173620
WT,-2.351690,-3.135630
WT,-2.142530,-1.195320
WT,-3.367350,1.219770
WT,-2.897260,3.636690
WT,-3.225660,0.742090
WT,-3.173440,1.906780
WT,-3.285040,-1.684470
WT,-3.876960,-0.774820
WT,-3.406570,0.018000
WT,-2.551640,5.746270
WT,-2.721400,4.884940
WT,-3.785880,4.794420
WT,-3.486340,3.900170
WT,-2.833940,2.661940
WT,-3.301550,1.197690
WT,-3.864640,0.256170
WT,-3.739100,-1.154500
WT,-3.410760,-1.219320
WT,-3.845340,-2.854050
WT,-2.836590,-2.420560
WT,-3.872580,-4.063850
WT,-3.880750,-1.992630
WT,-4.169000,-3.728530
WT,-4.203670,-5.146060
WT,-3.331660,-0.616480
WT,-1.876900,3.145380
WT,-2.846000,1.657440
WT,-3.824900,-1.842050
WT,-2.562930,0.955620
WT,-3.007030,-0.408370
WT,-2.195790,-0.645770
WT,-2.982270,-1.158860
WT,-2.443540,0.612850
WT,-2.256840,-0.170930
WT,-2.078860,1.446810
WT,-3.231110,-1.887270
WT,-3.565270,-1.861590
WT,-3.630370,-1.570230
WT,-3.665270,-2.094680
WT,-3.291070,-1.926000
WT,-3.339360,-2.901440
WT,-3.088920,-2.235860
WT,-3.920820,-3.112650
WT,-3.553420,-1.859670
WT,-3.574820,-0.464520
WT,-4.336900,-1.671200
WT,-3.826670,0.679680
WT,-3.813240,-1.175630
WT,-4.147230,-2.589560
WT,-3.634180,0.188980
WT,-3.281890,0.268010
WT,-3.855180,-0.899180
WT,-3.491720,-0.896120
WT,-3.224900,-1.063280
WT,-2.727680,1.759190
WT,-0.958210,3.395130
WT,-1.711920,1.825190
WT,-2.020050,2.837340
WT,-3.246260,-0.052780
WT,-2.928680,1.858790
WT,-3.586960,2.075580
WT,-4.188800,0.126820
WT,-2.683700,-3.347200
WT,-4.247250,-2.746900
WT,-3.564930,-1.950410
WT,-4.130810,-2.337540
WT,-3.250130,-2.249770
WT,-3.675950,-3.482280
WT,-4.171020,-2.580560
WT,-3.499560,-0.388240
WT,-2.683750,-0.179380
WT,-2.868820,-0.783100
WT,-4.384810,-2.464540
WT,-4.582550,-0.875890
WT,-4.673630,-2.642210
WT,-5.471220,-3.649130
WT,-5.679930,-1.896120
WT,-5.608860,-3.039270
WT,-5.439370,-1.907160
WT,-5.203120,-0.593110
WT,-5.020390,-1.313680
WT,-5.422890,-1.341530
WT,-5.488850,-2.118440
WT,-5.570990,-2.736940
WT,-4.638970,0.003460
WT,-4.378100,0.077790
WT,-3.653370,-1.066200
WT,-3.892030,-1.899280
WT,-4.255090,-0.353870
WT,-4.273250,-1.698550
WT,-4.602060,-2.212490
WT,-5.251100,-3.185500
WT,-4.894680,-1.372820
WT,-4.424530,-1.893490
WT,-4.426190,-1.124200
WT,-4.241720,-1.560620
WT,-4.420230,-0.858880
WT,-3.086200,1.136290
WT,-3.732770,1.984690
WT,-3.888890,1.424820
WT,-3.523510,3.216840
WT,-3.126210,2.995100
WT,-3.409000,3.202930
WT,-3.195950,5.798510
WT,-3.961880,3.547680
WT,-3.703390,2.567690
WT,-3.955960,2.536580
WT,-3.068760,3.697260
WT,-3.538160,2.124860
WT,-4.212120,3.750170
WT,-4.397650,4.781050
WT,-4.725400,2.849540
WT,-4.173170,2.887230
WT,-5.677430,-1.343250
WT,-5.303150,0.804440
WT,-5.842160,1.367090
WT,-5.192640,2.558070
WT,-5.504480,1.575910
WT,-5.670520,0.939360
WT,-5.329260,1.540240
WT,-5.986590,-2.155160
WT,-6.242590,-0.611360
WT,-4.817340,2.621480
WT,-4.924220,1.600470
WT,-4.793830,0.794120
WT,-5.120660,1.551720
WT,-4.461450,1.975440
WT,-4.653170,3.044530
WT,-4.855590,4.297640
WT,-5.167290,1.303750
WT,-5.292040,0.838220
WT,-5.915080,0.171340
WT,-5.878090,0.458630
WT,-5.146450,2.948700
WT,-5.482420,1.963300
WT,-5.089700,1.413730
WT,-4.792410,3.608820
WT,-5.507210,0.700060
WT,-5.252080,2.127880
WT,-4.664090,2.152440
WT,-4.512790,2.451870
WT,-5.187580,2.040830
WT,-4.899900,3.598450
WT,-3.644640,5.789450
WT,-3.892130,4.179730
WT,-3.654950,4.798730
WT,-4.420730,2.353210
WT,-4.674490,2.765820
WT,-4.930620,0.810800
WT,-4.862320,0.834360
WT,-5.214250,0.538900
WT,-4.756930,1.240100
WT,-4.584030,1.717290
WT,-5.270310,1.325610
WT,-5.696920,1.765630
WT,-6.713610,0.553280
WT,-6.143740,1.793920
WT,-5.690190,2.216860
WT,-5.271650,2.509700
WT,-4.895460,2.431020
WT,-3.749410,6.259300
WT,-4.869180,3.565450
WT,-4.078200,4.868760
WT,-5.646220,1.929520
WT,-5.707360,1.562430
WT,-6.343870,2.339650
WT,-6.929720,2.965200
WT,-6.265240,2.498000
WT,-6.453150,2.834050
WT,-5.768910,4.995230
WT,-7.026060,3.643190
WT,-6.018780,3.264920
WT,-6.397780,1.648810
WT,-6.976170,1.655490
WT,-6.522390,3.263230
WT,-6.503570,2.313870
WT,-7.020700,2.349870
WT,-6.041700,2.963600
WT,-6.044660,3.511150
WT,-6.960500,2.590980
WT,-6.174670,2.273710
WT,-7.030640,2.180490
WT,-6.233850,4.479570
WT,-5.805950,4.301340
WT,-5.666690,3.870170
WT,-6.150570,2.516610
WT,-6.129500,3.728810
WT,-6.474210,2.078420
WT,-6.757730,2.665990
WT,-6.421400,2.333840
WT,-6.812960,-0.008290
WT,-7.159370,1.072590
WT,-6.094250,1.813770
WT,-6.388700,1.194400
WT,-6.798030,0.879440
WT,-6.949970,0.421450
WT,-6.938100,0.431990
WT,-7.395340,0.600090
WT,-6.786560,0.340770
WT,-6.749710,3.473880
WT,-6.835050,2.534580
WT,-6.874420,2.750170
WT,-7.001350,1.574920
WT,-7.375690,1.092280
WT,-6.925540,1.884150
WT,-6.328220,2.777220
WT,-6.285450,2.741470
WT,-6.443270,3.617830
WT,-6.312030,2.981320
WT,-5.995480,2.891380
WT,-6.300400,1.906720
WT,-6.561540,1.536550
WT,-6.831550,2.870030
WT,-6.561970,2.657110
WT,-6.501660,3.408620
WT,-6.083930,2.252980
WT,-6.090080,3.080950
WT,-5.666780,4.383390
WT,-5.520640,3.455240
WT,-5.793300,3.787030
WT,-6.224580,2.099540
WT,-6.516850,2.004450
WT,-6.106400,1.198710
WT,-5.438640,2.088680
WT,-6.742960,1.052220
WT,-5.969910,1.326020
WT,-5.739740,1.848490
WT,-5.160320,5.411240
WT,-4.784230,6.095940
WT,-4.969330,5.030220
WT,-5.511620,5.777210
WT,-4.778860,5.108350
WT,-5.183080,6.084580
WT,-4.950960,7.007100
WT,-4.033320,7.634170
WT,-4.150150,7.101540
WT,-4.816730,6.940670
WT,-5.067330,7.172070
WT,-5.161440,5.310920
WT,-4.884770,6.439260
WT,-5.161220,5.671530
WT,-5.347540,6.104420
WT,-5.554450,4.618670
WT,-5.015160,3.619030
WT,-4.594330,3.726140
WT,-5.029560,4.467820
WT,-3.642450,7.053630
WT,-4.493190,5.242020
WT,-4.995000,5.620580
WT,-3.761530,6.843980
WT,-4.455150,6.691970
WT,-5.354050,5.505370
WT,-5.273780,5.678910
WT,-5.797930,4.483740
WT,-5.541570,4.818580
WT,-5.364280,4.901090
WT,45.943100,19.282700
WT,-4.482720,5.420440
WT,-5.339920,4.235040
WT,-5.570970,5.014390
WT,-4.358980,5.054330
WT,-4.840640,4.678230
WT,-5.219750,3.895340
WT,-4.711900,4.859320
WT,-5.771090,3.500370
WT,-5.382890,2.964960
WT,-5.109560,3.067050
WT,-4.242060,4.441960
WT,-4.925570,4.873190
WT,-4.336990,5.121420
WT,-4.734750,6.196570
WT,-5.125600,5.867160
WT,-5.291400,5.315610
WT,-5.456760,6.226790
WT,-4.317480,6.768610
WT,-4.896300,6.802780
WT,-5.072470,7.631760
WT,-3.929040,8.490040
WT,-5.184450,5.540250
WT,-4.632610,7.550620
WT,-4.342920,8.513580
WT,-3.419160,9.588560
WT,-4.095730,7.761170
WT,-3.953330,8.114180
WT,-3.730850,9.307080
WT,-3.754260,9.728120
WT,-2.644200,10.354800
WT,-2.839510,10.339830
WT,-2.163360,12.534630
WT,-3.006020,11.248700
WT,-3.621400,10.084730
WT,-3.181510,10.232180
WT,-4.532270,10.924680
WT,-3.728220,10.065410
WT,-3.603410,9.176300
WT,-4.147300,9.605050
WT,-3.435590,9.498600
WT,-3.855540,7.385010
WT,-4.305770,8.197870
WT,-4.105990,8.147860
WT,-4.496040,7.416310
WT,-4.278150,7.151040
WT,-4.984000,6.163500
WT,-5.431940,5.275640
WT,-4.211940,6.542080
WT,-4.955370,7.047800
WT,-5.302460,4.756300
WT,-5.609660,5.288810
WT,-5.916480,4.014100
WT,-5.466490,6.226970
WT,-5.863350,5.507020
WT,-4.830330,6.361590
WT,-4.461500,7.824710
WT,-4.406870,9.041970
WT,-4.729740,9.174170
WT,-4.582890,6.523630
WT,-4.565460,8.020150
WT,-4.585840,7.805820
WT,-4.287640,8.010580
WT,-3.402310,8.864680
WT,-4.771140,7.262210
WT,-5.000630,5.741340
WT,-5.235030,5.546150
WT,-3.961930,6.532890
WT,-3.737270,6.427770
WT,-2.942440,8.053880
WT,-3.767420,6.851790
WT,-4.365390,5.020030
WT,-3.994190,5.936100
WT,-4.500310,5.037660
WT,-4.803390,4.998590
WT,-4.903240,5.016230
WT,-5.017870,5.978810
WT,-5.392350,4.726210
WT,-5.202610,4.736390
WT,-4.290180,6.494160
WT,-5.652780,5.617650
WT,-5.268020,4.922000
WT,-5.115470,5.160690
WT,-4.249170,6.734600
WT,-5.450420,4.609070
WT,-5.045610,5.187940
WT,-4.463500,5.713530
WT,-4.215510,4.488560
WT,-4.290000,3.409130
WT,-5.231500,4.523700
WT,-3.993310,3.410120
WT,-4.618560,2.596190
WT,-4.296950,3.204160
WT,-3.690370,5.516150
WT,-5.235680,1.042330
WT,-4.672770,2.969360
WT,-3.875170,2.341100
WT,-3.475910,3.923350
WT,-4.044560,2.529970
WT,-3.821330,3.061990
WT,-3.826240,3.937400
WT,-4.936310,2.250730
WT,-5.279710,2.211790
WT,-4.916910,0.537020
WT,-3.912020,1.285910
WT,-5.232230,0.559410
WT,-5.684720,-1.385830
WT,-5.379150,-0.139640
WT,-6.142960,-0.984010
WT,-6.111060,0.778540
WT,-5.539940,2.207730
WT,-5.880640,3.231320
WT,-5.911620,0.395450
WT,-5.724040,0.012380
WT,-5.276390,-0.254390
WT,-5.061420,0.963860
WT,-5.511050,-0.067490
WT,-4.704190,0.853370
WT,-3.917090,1.633490
WT,-4.265920,-1.038000
WT,-4.552670,1.073830
WT,-4.851490,-0.590780
WT,-3.815470,1.452260
WT,-4.967140,0.655450
WT,-5.189760,-0.657840
WT,-4.375220,-0.871590
WT,-2.961910,1.753790
WT,-2.361980,3.462780
WT,-1.929120,3.909340
WT,-2.046450,4.582200
WT,-1.153210,3.992040
WT,-2.049320,2.269500
WT,-2.105270,3.618060
WT,-2.266970,2.825590
WT,-3.113960,2.161130
WT,-2.149310,3.983130
WT,-2.575190,3.310100
WT,-2.434800,3.964780
WT,-2.009150,5.523430
WT,-2.803070,4.385440
WT,-3.851390,1.983950
WT,-3.557070,1.569090
WT,-2.776530,0.377950
WT,-2.539440,-1.167520
WT,-1.501840,0.041250
WT,-1.995260,0.956810
WT,-0.942160,-3.107020
WT,-2.026040,-4.634160
WT,-1.100220,-4.569260
WT,-3.697520,-5.738990
WT,-3.198420,-5.514990
WT,-2.657360,-4.622950
WT,-2.682750,-6.031980
WT,-2.479030,-2.928400
WT,-0.858630,-2.891840
WT,-2.279410,-4.832060
WT,-2.271000,-4.431280
WT,-3.155740,-6.830710
WT,-2.730730,-9.719570
WT,-1.509390,-7.475800
WT,-2.473890,-5.119570
WT,-3.006920,-6.285590
WT,-2.391910,-5.481780
WT,-2.143260,-3.310200
WT,-1.811430,-5.575390
WT,-2.022950,-6.363860
WT,-1.984160,-7.318740
WT,-1.894480,-4.002150
WT,-0.955490,-2.644900
WT,-2.177960,-3.256580
WT,-1.318770,-2.077520
WT,-1.980050,1.440220
WT,-4.061750,-3.008000
WT,-2.848930,-3.618370
WT,-2.117330,-3.243460
WT,-2.109780,-5.539570
WT,-1.607570,-4.276810
WT,-1.886150,-1.369660
WT,-2.088070,-4.086950
WT,-2.299570,-2.899610
WT,-2.038850,-4.823220
WT,-1.466940,-8.334400
WT,-1.829180,-9.615200
WT,-2.595000,-8.204140
WT,-1.111430,-10.639180
WT,-1.946750,-9.382760
WT,-2.415700,-12.132340
WT,-2.457280,-11.452800
WT,-2.424410,-9.901040
WT,-1.548240,-5.150750
WT,-0.575100,-5.194370
WT,-1.900480,-6.788270
WT,-2.845820,-6.192880
WT,-3.006380,-8.293360
WT,-3.481600,-6.060900
WT,-3.398250,-6.377960
WT,-2.693690,-7.243210
WT,-2.747130,-9.758030
WT,-2.282670,-9.339400
WT,-3.892670,-5.224680
WT,-3.659080,-6.422980
WT,-3.232140,-3.033730
WT,54.975620,10.162040
WT,-3.147050,-4.812010
WT,-4.427050,-1.266310
WT,57.490960,8.381980
WT,58.241200,10.278490
WT,-2.649810,-3.063490
WT,55.953060,10.645900
WT,56.204040,10.948250
WT,55.504330,8.501470
WT,57.970630,9.192260
WT,59.070980,8.067540
WT,59.929490,9.389110
WT,-2.933740,-11.431250
WT,61.774710,3.627720
WT,61.963690,1.988110
WT,62.192800,1.321280
WT,62.961240,-3.051980
WT,62.394670,-5.794730
WT,62.806720,-3.827290
WT,62.321230,-6.471670
WT,61.902810,-5.188920
WT,63.493410,-1.540080
WT,65.173140,0.300530
WT,64.422000,0.273540
WT,65.017050,-2.909100
WT,64.264660,1.762070
WT,63.885280,3.614350
WT,64.215190,0.981840
WT,62.293700,2.989990
WT,61.485970,1.594570
WT,64.345000,3.129760
WT,63.578610,5.995460
WT,62.651370,6.050710
WT,63.043530,6.886790
WT,62.238240,2.713550
WT,62.988350,1.322360
WT,61.233280,1.848630
WT,61.278600,5.188450
WT,60.298390,1.749460
WT,63.660190,-0.179700
WT,65.204760,2.028680
WT,66.359990,0.926980
WT,66.766750,2.887490
WT,65.813020,2.681720
WT,65.856830,1.454890
WT,66.717960,-1.169640
WT,66.737770,-3.730360
WT,66.488370,-1.730430
WT,67.487550,-2.888050
WT,66.610850,-1.022270
WT,66.703990,1.593230
WT,67.728160,0.793660
WT,67.569090,1.767320
WT,67.541030,-0.760280
WT,-3.235300,-8.277350
WT,-3.036640,-11.500440
WT,-1.239440,-10.084120
WT,68.681980,-1.136040
WT,70.827060,-1.673110
WT,0.016650,-13.728950
WT,65.019360,-5.997950
WT,-1.313710,-13.408050
WT,70.997860,-2.537800
WT,69.728520,-2.512440
WT,68.513530,-3.526850
WT,68.559330,-4.595780
WT,66.050180,-6.564870
WT,62.346500,-8.728020
WT,66.257300,-6.054680
WT,68.260400,-4.835880
WT,69.584290,-2.495890
WT,69.129330,-3.062600
WT,71.715500,0.281820
WT,-1.259310,-23.207600
WT,-1.062370,-23.892670
WT,-0.903540,-23.079880
WT,-1.976010,-19.276070
WT,64.361520,-4.090800
WT,-1.788110,-14.296220
WT,63.701900,-3.838060
WT,63.576590,-2.959120
WT,61.655720,-1.606440
WT,61.743660,-2.713210
WT,58.919350,-5.000110
WT,59.819800,-4.764790
WT,58.114910,-4.401140
WT,55.898780,-7.357050
WT,56.403260,-7.153940
WT,57.087200,-7.866300
WT,55.098480,-9.692340
WT,55.527920,-8.152770
WT,55.481520,-2.383820
WT,1.099550,-17.798150
WT,49.964910,-8.458010
WT,1.589270,-18.318740
WT,46.836770,-7.103790
WT,48.135200,-8.866750
WT,44.126410,-9.349950
WT,49.700930,-8.374900
WT,48.865560,-8.880540
WT,45.002920,-9.376060
WT,45.211710,-8.877010
WT,47.447250,-8.658540
WT,47.395020,-9.367850
WT,56.210500,-5.265420
WT,52.881640,-6.271670
WT,4.049490,-18.855400
WT,55.638790,-6.747120
WT,54.750100,-5.934100
WT,58.252270,-5.180650
WT,4.058970,-18.040240
WT,57.036350,-5.968530
WT,55.618900,-5.530180
WT,3.158900,-19.770850
WT,2.093110,-20.007680
WT,60.713030,-3.907060
WT,63.001860,-3.115160
WT,63.551590,-2.761060
WT,61.781320,-1.891350
WT,1.656520,-23.017750
WT,64.991930,1.786660
WT,0.570680,-21.355750
WT,0.651270,-19.723740
WT,0.096540,-18.998170
WT,70.403700,-0.247240
WT,0.177620,-17.829530
WT,1.082880,-19.181510
WT,0.055150,-21.477430
WT,-1.185140,-20.705250
WT,76.722530,2.938250
WT,-2.285100,-20.750110
WT,-1.131160,-21.061660
WT,-3.788090,-20.967360
WT,-2.569890,-21.851750
WT,-1.506720,-23.456890
WT,-2.937010,-23.224590
WT,-3.242200,-23.920110
WT,-2.237900,-25.076070
WT,-2.570710,-24.158330
WT,-1.490180,-24.863910
WT,-2.377310,-22.551830
WT,-1.712240,-24.912570
WT,-0.364750,-25.566970
WT,-1.251700,-26.046470
WT,-1.935270,-24.087270
WT,-2.258500,-22.563010
WT,-2.475030,-22.691370
WT,-2.031790,-24.435530
WT,-2.632730,-24.265550
WT,-3.345040,-23.034830
WT,-2.838280,-23.997960
WT,-1.898120,-25.398080
WT,-2.204920,-24.306490
WT,-1.525920,-24.189640
WT,-2.361890,-23.220780
WT,-2.442130,-22.813540
WT,-4.020540,-20.257090
WT,-3.365120,-18.901290
WT,-3.370960,-20.291800
WT,-3.126320,-21.980860
WT,-2.868010,-21.972100
WT,-3.792270,-22.481000
WT,-4.385700,-21.195990
WT,-4.635460,-21.633340
WT,-3.604170,-21.991510
WT,-3.984960,-20.125440
WT,-3.862490,-21.005260
WT,-4.779170,-22.836580
WT,-4.376160,-23.236910
WT,-3.840790,-24.557700
WT,-4.544760,-23.928220
WT,-3.540600,-22.877940
WT,-3.977650,-25.017520
WT,-4.972080,-23.757300
WT,-4.249610,-24.155470
WT,-3.973480,-25.094260
WT,-4.499270,-24.626200
WT,-4.375160,-24.808570
WT,-3.664000,-24.765790
WT,-5.003670,-24.683020
WT,-4.868380,-24.275080
WT,-5.128420,-23.302910
WT,-5.713320,-24.772750
WT,-5.124690,-24.477910
WT,-4.725960,-24.418220
WT,-4.970960,-24.644870
WT,-4.320730,-25.868750
WT,-4.222350,-24.984480
WT,-4.485260,-25.761940
WT,-4.708180,-25.422740
WT,-5.021770,-24.799790
WT,-4.451200,-25.536280
WT,-4.918850,-24.969590
WT,-4.230920,-26.313340
WT,-4.355280,-25.090370
WT,-4.516670,-25.878060
WT,-4.495360,-26.419300
WT,-4.378470,-25.030650
WT,-5.334130,-24.719780
WT,-4.919020,-25.347170
WT,-4.470560,-25.578850
WT,-4.824430,-24.716750
WT,-3.987530,-25.282670
WT,-5.376210,-23.557170
WT,-5.598360,-22.956050
WT,-6.253240,-23.039020
WT,-5.726460,-23.522010
WT,-6.245310,-21.960060
WT,-5.569990,-22.669040
WT,-5.131930,-23.662160
WT,-6.255550,-24.142130
WT,-6.159390,-22.695040
WT,-5.022180,-24.283590
WT,-4.417470,-23.699610
WT,-4.607040,-24.810240
WT,-4.377780,-25.256570
WT,-4.996020,-23.603650
WT,-4.674780,-23.964050
WT,-5.183000,-24.728600
WT,-4.942810,-24.120000
WT,-4.543320,-25.411230
WT,-4.301800,-25.487240
WT,-4.618380,-25.054480
WT,-3.919980,-26.361660
WT,-3.834460,-25.616130
WT,-3.998800,-26.789310
WT,-3.653460,-26.905360
WT,-4.064790,-24.910860
WT,-3.842920,-25.199750
WT,-3.982590,-24.811190
WT,-4.411970,-26.175340
WT,-4.273940,-25.176020
WT,-3.376190,-25.132690
WT,-3.364450,-26.534000
WT,-4.426240,-25.271030
WT,-4.126550,-23.946030
WT,-4.187020,-24.456170
WT,-4.373920,-23.925120
WT,-4.326470,-24.965970
WT,-5.405470,-22.449440
WT,-5.330170,-23.080390
WT,-5.215440,-24.158820
WT,-4.844890,-23.576860
WT,-5.021170,-24.718920
WT,-4.224170,-24.110320
WT,-5.001790,-21.571320
WT,-4.587460,-21.784850
WT,-4.563110,-22.855780
WT,-3.852870,-24.114880
WT,-4.260630,-23.707390
WT,-4.544230,-23.008580
WT,-3.991850,-24.023100
WT,-4.404300,-23.278330
WT,-3.928650,-24.344280
WT,-4.727350,-22.779040
WT,-4.516490,-24.129320
WT,-4.609120,-23.073690
WT,-4.632290,-22.623140
WT,-3.860620,-24.152160
WT,-3.732480,-23.097560
WT,-4.418730,-22.685240
WT,-4.843240,-22.919800
WT,-4.274840,-21.795850
WT,-5.073290,-23.854590
WT,-4.103640,-23.955830
WT,-4.459130,-24.365590
WT,-4.025150,-25.360710
WT,-4.962660,-22.995160
WT,-4.596570,-23.630740
WT,-4.420850,-24.569780
WT,-4.426750,-24.961610
WT,-4.552090,-23.835470
WT,-4.582830,-24.321180
WT,-4.770740,-24.492050
WT,-4.647660,-24.185940
WT,-5.032640,-22.980090
WT,-5.195400,-22.606010
WT,-4.677330,-23.910180
WT,-4.610280,-23.828020
WT,-4.578630,-23.141740
WT,-4.489040,-23.755470
WT,-3.841400,-24.741290
WT,-4.668110,-23.828550
WT,-3.706790,-23.966050
WT,-4.407270,-23.429140
WT,-4.978830,-21.582240
WT,-5.183770,-22.445940
WT,-5.545450,-22.409570
WT,-4.979020,-22.549200
WT,-5.218850,-23.504070
WT,-5.065340,-21.901850
WT,-4.784360,-22.350650
WT,-4.791830,-22.102280
WT,-5.007180,-23.572510
WT,-4.353270,-23.249820
WT,-4.646650,-23.134970
WT,-4.104260,-22.982690
WT,-4.824250,-23.039990
WT,-4.146250,-24.637830
WT,-4.127130,-25.085730
WT,-4.308010,-26.268690
WT,-3.789510,-26.240860
WT,-4.480730,-25.085230
WT,-3.978180,-23.459150
WT,-4.439860,-23.246430
WT,-4.432800,-22.368080
WT,-4.513660,-22.947650
WT,-4.256720,-23.771580
WT,-4.210100,-22.603440
WT,-4.039040,-23.924770
WT,-4.413840,-23.592340
WT,-4.312720,-22.660940
WT,-4.872510,-21.998910
WT,-4.979600,-22.883540
WT,-5.301050,-23.020150
WT,-4.344830,-22.500030
WT,-4.692130,-23.091380
WT,-4.635370,-22.396600
WT,-4.792000,-23.211960
WT,-4.494570,-23.456910
WT,-4.151160,-25.228560
WT,-4.531450,-22.266230
WT,-3.920640,-23.680190
WT,-4.183220,-24.395620
WT,-4.179270,-24.611310
WT,-4.849390,-24.442080
WT,-4.334000,-24.406200
WT,-4.674740,-23.774380
WT,-4.578770,-24.398070
WT,-4.450440,-24.606060
WT,-4.031500,-24.761890
WT,-4.310150,-23.936150
WT,-4.428670,-22.608680
WT,-4.496610,-24.504310
WT,-4.873740,-22.190320
WT,-4.380870,-22.596180
WT,-4.105450,-22.992490
WT,-4.464730,-23.772920
WT,-3.982820,-24.525520
WT,-4.648660,-23.367830
WT,-4.311550,-23.998090
WT,-4.168140,-22.709470
WT,-4.583610,-24.538510
WT,-4.141260,-24.185490
WT,-4.745340,-22.928540
WT,-4.931750,-22.374190
WT,-4.553560,-22.993150
WT,-4.543370,-23.267990
WT,-4.635200,-23.252990
WT,-4.830440,-23.656610
WT,-4.999980,-23.498340
WT,-5.345810,-20.601480
WT,-4.639720,-22.583150
WT,-4.901360,-22.763740
WT,-4.821500,-21.271360
WT,-4.914470,-21.384200
WT,-4.772860,-22.438470
WT,-4.366540,-22.674710
WT,-5.145170,-22.461060
WT,-5.165310,-22.570630
WT,-5.187230,-23.084240
WT,-5.073880,-22.581560
WT,-5.462090,-23.548530
WT,-5.253580,-23.214350
WT,-5.382860,-22.101530
WT,-4.822280,-24.896860
WT,-4.922720,-23.637200
WT,-5.078480,-23.115000
WT,-5.868680,-22.434610
WT,-5.624800,-23.852850
WT,-5.300870,-21.786700
WT,-5.357160,-21.052360
WT,-4.960310,-21.629480
WT,-5.296760,-22.769040
WT,-5.229590,-22.122000
WT,-5.166990,-22.679590
WT,-5.267190,-24.127110
WT,-5.287760,-21.853590
WT,-5.131290,-22.449440
WT,-5.022050,-21.930400
WT,-5.384420,-21.454410
WT,-4.816160,-22.977730
WT,-4.641630,-23.759990
WT,-5.733120,-24.124060
WT,-5.804580,-24.174890
WT,-5.645510,-22.882400
WT,-5.884540,-23.746070
WT,-5.145160,-23.257310
WT,-4.946610,-23.720630
WT,-4.797790,-23.285320
WT,-5.369970,-25.106050
WT,-5.026510,-24.559230
WT,-5.072960,-23.648410
D111A,3.673500,-13.784280
D111A,3.703230,-13.531010
D111A,3.311920,-12.556110
D111A,4.321370,-13.313150
D111A,2.281700,-10.833100
D111A,3.009510,-11.590340
D111A,2.457390,-11.818090
D111A,4.257420,-14.206040
D111A,3.849980,-14.447850
D111A,3.748840,-14.339980
D111A,3.737040,-13.781540
D111A,4.337890,-14.672380
D111A,4.500550,-15.222530
D111A,3.980650,-14.750420
D111A,4.179920,-14.557140
D111A,3.350260,-14.550420
D111A,3.026130,-14.876010
D111A,3.377550,-15.103760
D111A,3.350890,-14.870450
D111A,3.103860,-14.493150
D111A,2.291700,-13.171090
D111A,3.147080,-14.757490
D111A,3.287310,-14.548120
D111A,2.592520,-13.923900
D111A,1.859730,-12.462170
D111A,3.324190,-14.742860
D111A,2.988630,-14.310860
D111A,2.795500,-14.270230
D111A,3.422140,-13.600390
D111A,3.264260,-14.101380
D111A,3.540420,-14.869220
D111A,3.171880,-14.691890
D111A,3.811190,-14.482170
D111A,1.817030,-12.934670
D111A,2.443660,-13.514070
D111A,2.738670,-13.809290
D111A,3.236470,-14.696010
D111A,3.032100,-14.910940
D111A,3.130700,-15.040210
D111A,1.598690,-12.872100
D111A,1.381410,-12.764970
D111A,2.111150,-13.145350
D111A,2.210320,-12.681950
D111A,1.469020,-12.643210
D111A,1.660730,-12.026330
D111A,1.527310,-11.911130
D111A,1.283190,-12.379590
D111A,0.046380,-10.756580
D111A,2.331930,-13.511150
D111A,2.398650,-13.368470
D111A,1.974330,-13.319310
D111A,1.737930,-13.007090
D111A,2.006380,-12.818290
D111A,1.447880,-12.790060
D111A,0.950990,-12.319570
D111A,2.376170,-13.424000
D111A,1.334500,-12.243490
D111A,2.136330,-13.521070
D111A,3.623370,-14.661220
D111A,2.099460,-13.191560
D111A,2.456470,-12.979250
D111A,2.061110,-12.531280
D111A,1.261940,-11.911060
D111A,1.972710,-12.125830
D111A,2.201700,-12.987890
D111A,2.957030,-13.968030
D111A,3.124050,-14.898000
D111A,3.737510,-14.929580
D111A,3.607270,-15.517700
D111A,2.860220,-15.462090
D111A,2.387250,-13.178900
D111A,2.304410,-14.657220
D111A,2.881730,-13.802590
D111A,2.575900,-14.060360
D111A,1.720050,-12.528020
D111A,1.867750,-13.183790
D111A,2.582530,-13.578340
D111A,3.108860,-14.458040
D111A,3.606080,-14.404600
D111A,4.951870,-15.805680
D111A,4.175850,-15.440150
D111A,4.909870,-15.021110
D111A,3.543820,-14.042060
D111A,3.745960,-14.647690
D111A,2.695130,-13.775200
D111A,3.362430,-14.007310
D111A,3.462560,-14.614660
D111A,3.463770,-14.383050
D111A,3.219260,-14.697420
D111A,2.777840,-13.883370
D111A,3.734140,-14.889710
D111A,3.697360,-15.085590
D111A,3.173010,-12.354650
D111A,3.735050,-14.589990
D111A,3.692240,-14.997250
D111A,5.209580,-16.399310
D111A,5.206830,-15.961210
D111A,4.903620,-15.789500
D111A,3.853290,-15.020840
D111A,4.726030,-15.821510
D111A,3.339690,-14.897690
D111A,3.339850,-14.901440
D111A,4.347490,-15.267460
D111A,3.097460,-14.533420
D111A,5.575820,-16.665880
D111A,4.314630,-15.545640
D111A,4.765620,-15.593600
D111A,4.002280,-15.545810
D111A,4.212780,-15.164940
D111A,3.642210,-14.282140
D111A,3.551370,-14.318640
D111A,2.840430,-13.861120
D111A,3.886250,-15.440770
D111A,4.173640,-14.966030
D111A,4.051000,-14.478620
D111A,3.973040,-14.916110
D111A,3.480850,-13.653600
D111A,4.495250,-15.892240
D111A,4.194760,-15.009860
D111A,3.850360,-14.532750
D111A,4.213290,-14.919260
D111A,3.345910,-14.382370
D111A,3.050950,-13.963950
D111A,4.720320,-15.663790
D111A,3.422070,-13.841360
D111A,3.736180,-14.851340
D111A,2.916450,-14.337020
D111A,2.033770,-12.682390
D111A,1.796610,-11.798060
D111A,2.204390,-12.884410
D111A,1.929320,-12.378860
D111A,0.900670,-11.314940
D111A,0.584150,-11.089470
D111A,2.309590,-12.020570
D111A,4.046880,-14.256210
D111A,2.613080,-12.839580
D111A,2.746280,-13.334230
D111A,3.230490,-13.219850
D111A,3.713580,-13.497340
D111A,3.973930,-13.895850
D111A,4.388740,-14.215680
D111A,4.347480,-14.274180
D111A,3.638410,-13.669180
D111A,3.828990,-13.747480
D111A,4.290440,-14.405610
D111A,3.549730,-13.911890
D111A,3.113280,-13.739310
D111A,3.909130,-14.517910
D111A,3.012630,-14.091530
D111A,2.051900,-13.377810
D111A,2.794170,-13.983870
D111A,3.873250,-15.021110
D111A,1.654280,-12.726180
D111A,1.990150,-13.116080
D111A,4.152980,-14.650900
D111A,51.620110,26.485000
D111A,1.893320,-12.263510
D111A,2.064380,-13.031110
D111A,3.783450,-14.425470
D111A,4.071170,-13.544370
D111A,2.271510,-12.215750
D111A,1.666500,-11.834130
D111A,2.291480,-11.534570
D111A,3.068820,-13.251800
D111A,3.514860,-12.934450
D111A,3.916530,-13.725420
D111A,3.864180,-13.749940
D111A,4.597160,-14.093260
D111A,3.791230,-13.550300
D111A,3.341170,-12.982400
D111A,4.076800,-12.930030
D111A,3.469600,-13.174570
D111A,4.913570,-14.365900
D111A,4.253140,-14.551640
D111A,4.483930,-14.330900
D111A,4.257940,-13.692930
D111A,4.018100,-13.705690
D111A,3.921340,-13.303450
D111A,4.268390,-13.427690
D111A,4.485740,-14.159010
D111A,4.336510,-14.019690
D111A,5.285680,-15.167980
D111A,5.087150,-14.679890
D111A,4.851560,-15.035070
D111A,4.692300,-14.349670
D111A,4.540860,-14.659440
D111A,4.828610,-15.001870
D111A,5.087040,-15.447740
D111A,4.535410,-14.765060
D111A,4.318340,-14.550010
D111A,4.727480,-14.835650
D111A,4.896740,-15.266830
D111A,5.784440,-15.930880
D111A,4.824160,-14.465480
D111A,3.510440,-13.173510
D111A,3.815230,-13.858090
D111A,3.250720,-13.000710
D111A,3.069390,-12.435690
D111A,3.000790,-13.380740
D111A,3.154050,-13.512920
D111A,1.615780,-11.751040
D111A,2.560470,-12.773460
D111A,2.495830,-12.233650
D111A,3.099770,-14.064020
D111A,3.508370,-13.548310
D111A,2.843330,-12.720180
D111A,3.113040,-14.280450
D111A,2.654510,-14.114740
D111A,3.271410,-14.297270
D111A,2.532070,-13.033560
D111A,1.120010,-11.140690
D111A,2.830820,-12.470230
D111A,2.948980,-13.317390
D111A,1.389640,-11.235480
D111A,1.086380,-11.380700
D111A,1.440020,-11.490740
D111A,2.439330,-12.273260
D111A,1.396300,-11.171350
D111A,1.727850,-12.166590
D111A,1.723510,-12.228140
D111A,3.830980,-15.226820
D111A,3.024120,-13.604340
D111A,3.169990,-13.678000
D111A,4.436370,-14.863590
D111A,4.437200,-14.675820
D111A,4.740530,-14.708830
D111A,4.409420,-14.422310
D111A,4.372830,-14.606180
D111A,3.385990,-14.032920
D111A,3.955330,-14.467510
D111A,3.189870,-13.939450
D111A,4.572210,-15.541370
D111A,4.902880,-14.329530
D111A,4.577850,-14.157550
D111A,3.554370,-13.309040
D111A,3.330560,-14.178400
D111A,3.318920,-13.539250
D111A,3.147100,-12.090850
D111A,4.079350,-13.985200
D111A,3.941760,-13.476890
D111A,4.925180,-14.818210
D111A,4.112230,-13.569630
D111A,3.251910,-11.934060
D111A,0.649400,-10.048110
D111A,1.717670,-12.214510
D111A,3.863440,-14.010950
D111A,2.106980,-12.847820
D111A,2.478880,-13.055570
D111A,2.728660,-13.158960
D111A,2.830820,-13.186390
D111A,2.869060,-13.402190
D111A,3.115700,-12.895480
D111A,3.350670,-13.006050
D111A,1.614170,-11.801080
D111A,2.688380,-12.280020
D111A,2.184590,-12.356310
D111A,53.321410,25.101530
D111A,54.230340,24.503040
D111A,52.509480,25.396640
D111A,4.248710,-15.417530
D111A,3.206910,-13.827680
D111A,4.234270,-13.963990
D111A,4.669470,-15.766020
D111A,3.867100,-14.598460
D111A,3.292500,-13.853420
D111A,4.263410,-14.812790
D111A,3.595200,-14.139820
D111A,4.263900,-14.771430
D111A,4.718700,-15.735110
D111A,3.832770,-14.123710
D111A,4.005360,-14.682660
D111A,3.827690,-13.992270
D111A,4.045490,-14.343400
D111A,4.530350,-15.105400
D111A,3.754190,-14.514730
D111A,4.487260,-14.840540
D111A,4.673520,-13.479500
D111A,5.093030,-14.563670
D111A,5.576940,-15.328450
D111A,5.107460,-14.033290
D111A,5.256360,-14.944320
D111A,5.183490,-14.705680
D111A,4.791460,-14.040700
D111A,3.528050,-12.268870
D111A,5.357060,-14.022060
D111A,4.612300,-14.020830
D111A,5.425500,-15.034740
D111A,4.877950,-13.853130
D111A,4.841710,-14.165510
D111A,4.853680,-14.150390
D111A,4.043380,-13.206250
D111A,3.876770,-13.814510
D111A,3.946380,-13.723900
D111A,3.273100,-13.710750
D111A,4.167080,-14.035040
D111A,4.356290,-14.465710
D111A,4.018290,-14.820580
D111A,4.031770,-13.265230
D111A,3.474420,-14.162860
D111A,4.455740,-15.519090
D111A,5.299600,-15.390430
D111A,4.092410,-14.490790
D111A,4.343230,-15.333770
D111A,4.307140,-14.751270
D111A,3.890160,-14.303430
D111A,4.241960,-14.876500
D111A,4.674350,-15.827200
D111A,4.896620,-15.614570
D111A,3.978280,-13.920670
D111A,4.237030,-14.650590
D111A,4.544080,-14.743020
D111A,3.962900,-13.834550
D111A,6.008590,-16.715530
D111A,3.949950,-14.701340
D111A,4.664260,-15.108470
D111A,4.384660,-15.662260
D111A,4.749300,-15.120210
D111A,4.160710,-14.549660
D111A,4.224410,-15.453850
D111A,4.268900,-14.525330
D111A,5.135390,-16.063760
D111A,4.838980,-16.783220
D111A,5.619710,-17.143640
D111A,5.314630,-16.598410
D111A,5.626310,-16.766590
D111A,5.912950,-16.355440
D111A,5.838520,-16.105010
D111A,5.457440,-15.625640
D111A,6.225130,-17.118020
D111A,4.897700,-15.990700
D111A,5.281810,-15.846880
D111A,4.957910,-15.390280
D111A,5.903040,-16.603530
D111A,5.028390,-15.186550
D111A,4.523180,-15.359890
D111A,4.019910,-13.988000
D111A,5.280560,-15.471000
D111A,4.431720,-14.392890
D111A,5.435840,-16.080080
D111A,4.244360,-14.690390
D111A,5.074160,-15.182550
D111A,4.643460,-15.792570
D111A,4.827040,-15.906230
D111A,3.877390,-15.818050
D111A,5.743040,-16.524790
D111A,4.771250,-16.535500
D111A,4.347060,-15.848480
D111A,5.576960,-17.099110
D111A,4.749830,-16.044790
D111A,4.567230,-15.765170
D111A,3.921970,-15.056380
D111A,4.146200,-15.125700
D111A,3.890480,-14.626830
D111A,3.777710,-15.149160
D111A,4.009230,-15.577860
D111A,4.288250,-15.659720
D111A,2.840350,-14.359330
D111A,4.016840,-15.613390
D111A,2.870730,-14.800730
D111A,5.009660,-15.677740
D111A,4.386590,-16.214960
D111A,3.660320,-14.520270
D111A,3.837720,-14.912240
D111A,3.316010,-14.248150
D111A,3.286560,-14.554520
D111A,4.151810,-15.833830
D111A,3.505590,-15.101450
D111A,4.098250,-15.372890
D111A,3.336040,-14.647820
D111A,4.100800,-16.043690
D111A,2.970970,-14.546880
D111A,3.459790,-15.329390
D111A,3.244120,-14.779990
D111A,3.624660,-15.715920
D111A,2.885830,-14.236150
D111A,2.737660,-13.902660
D111A,2.210340,-13.667980
D111A,2.303140,-13.604950
D111A,3.722750,-15.468990
D111A,2.994640,-13.723950
D111A,2.703370,-13.726880
D111A,3.375590,-14.671920
D111A,2.796060,-14.113550
D111A,2.684050,-13.922520
D111A,3.553970,-14.497420
D111A,2.469070,-13.411930
D111A,2.868590,-12.793950
D111A,2.906740,-14.051380
D111A,2.143060,-13.345690
D111A,4.315100,-14.472850
D111A,3.580410,-13.931360
D111A,2.907370,-13.104900
D111A,4.055680,-14.492730
D111A,3.181460,-14.427790
D111A,3.205160,-14.114670
D111A,1.821780,-13.122270
D111A,2.784020,-13.818060
D111A,2.735960,-13.524500
D111A,2.894160,-13.093810
D111A,1.474770,-11.634880
D111A,1.526720,-12.231000
D111A,3.239700,-13.376190
D111A,1.447520,-11.775230
D111A,1.964020,-12.391610
D111A,3.012030,-13.545740
D111A,2.683400,-13.935150
D111A,2.676160,-13.325030
D111A,3.521110,-15.054700
D111A,3.586270,-14.787000
D111A,3.557690,-14.755930
D111A,3.035160,-14.150710
D111A,2.563560,-13.159240
D111A,2.851970,-14.638940
D111A,2.125740,-13.983430
D111A,2.992570,-14.290140
D111A,2.376350,-12.942560
D111A,3.514640,-15.834560
D111A,4.097750,-16.102530
D111A,2.509280,-14.042030
D111A,3.111910,-14.569390
D111A,2.437290,-13.544490
D111A,3.595940,-14.829670
D111A,3.818530,-14.910650
D111A,4.482710,-15.436970
D111A,3.645100,-14.477560
D111A,3.309960,-14.468610
D111A,3.320780,-14.676960
D111A,4.745130,-15.820430
D111A,2.904240,-14.457080
D111A,4.060800,-15.140010
D111A,3.387860,-15.107900
D111A,2.560060,-14.016800
D111A,3.473340,-15.193100
D111A,2.889030,-14.002430
D111A,4.448820,-15.224800
D111A,3.576510,-15.055420
D111A,3.966840,-15.710490
D111A,3.488110,-14.697260
D111A,3.929940,-15.168500
D111A,3.996350,-15.483510
D111A,4.045040,-15.376440
D111A,3.794430,-15.265350
D111A,4.019790,-15.145620
D111A,3.475480,-14.564750
D111A,4.364190,-15.955460
D111A,4.426790,-16.280370
D111A,4.527610,-15.772290
D111A,3.916120,-15.184590
D111A,3.372970,-14.652920
D111A,4.050950,-15.418110
D111A,4.260650,-15.181140
D111A,4.161040,-15.099310
D111A,3.003770,-14.236010
D111A,3.339450,-14.914920
D111A,3.719940,-14.822180
D111A,3.338530,-14.160970
D111A,4.049690,-14.606710
D111A,3.923900,-15.401440
D111A,4.136380,-15.896530
D111A,3.816570,-14.948890
D111A,4.511970,-15.462320
D111A,3.987910,-15.093510
D111A,3.229670,-14.312840
D111A,4.159190,-15.342590
D111A,3.957260,-15.166170
D111A,3.575340,-15.001950
D111A,3.916820,-15.067120
D111A,3.472340,-14.907980
D111A,3.561090,-15.047360
D111A,3.718440,-14.374850
D111A,0.755660,-12.695610
D111A,0.710850,-12.863340
D111A,1.844790,-14.341770
D111A,2.529710,-14.320610
D111A,2.756710,-14.110230
D111A,2.178160,-13.988510
D111A,2.876880,-14.617670
D111A,1.139330,-13.081320
D111A,2.041830,-13.046540
D111A,2.370220,-13.808500
D111A,1.641280,-12.953200
D111A,1.090830,-13.648760
D111A,0.312360,-12.178270
D111A,0.661800,-11.930090
D111A,0.497080,-12.216580
D111A,1.524860,-13.850360
D111A,2.251540,-13.955180
D111A,2.866920,-14.663870
D111A,3.491750,-15.191240
D111A,2.030270,-14.536440
D111A,2.723640,-14.888730
D111A,2.236340,-14.448820
D111A,2.565930,-14.353320
D111A,3.362830,-15.594740
D111A,1.909260,-13.661180
D111A,2.069450,-14.587110
D111A,2.228780,-13.875680
D111A,1.419730,-12.737970
D111A,2.258040,-14.258650
D111A,1.715310,-13.178680
D111A,1.874360,-13.728690
D111A,1.814180,-13.601200
D111A,1.779560,-12.771780
D111A,0.146320,-12.216830
D111A,0.147500,-11.164220
D111A,1.392390,-12.569310
D111A,1.530830,-12.370430
D111A,2.331470,-12.619730
D111A,3.436360,-15.224720
D111A,3.123050,-14.782770
D111A,3.632700,-14.694770
D111A,2.228650,-13.267390
D111A,1.897290,-12.709610
D111A,1.767570,-13.281210
D111A,1.482480,-12.310760
D111A,0.902700,-12.359700
D111A,2.295650,-13.638720
D111A,2.602780,-13.794070
D111A,2.603460,-14.065800
D111A,3.059010,-14.501170
D111A,2.423690,-14.405540
D111A,2.595280,-13.901210
D111A,3.392070,-14.433960
D111A,3.275360,-14.887170
D111A,2.007300,-13.848600
D111A,0.971720,-13.541240
D111A,0.352280,-12.331510
D111A,0.608960,-12.659850
D111A,-0.611080,-12.138410
D111A,0.859440,-12.070710
D111A,1.734310,-13.566860
D111A,2.827450,-14.695310
D111A,2.544000,-14.731470
D111A,3.442070,-15.677590
D111A,3.645380,-15.122920
D111A,3.635450,-15.677080
D111A,2.000790,-12.883020
D111A,1.444570,-12.639430
D111A,1.139630,-12.490870
D111A,2.032720,-13.273240
D111A,1.590460,-14.064550
D111A,1.891370,-12.909410
D111A,1.614340,-12.674280
D111A,0.803100,-12.091060
D111A,2.216870,-13.278230
D111A,1.342270,-12.174930
D111A,2.542860,-14.794980
D111A,1.313050,-12.403820
D111A,1.468950,-12.611350
D111A,0.636740,-12.016100
D111A,1.939240,-13.528670
D111A,1.341320,-12.759830
D111A,1.122660,-12.478290
D111A,1.662560,-13.200540
D111A,2.280590,-13.926840
D111A,1.440470,-13.015890
D111A,1.481980,-12.439200
D111A,1.654110,-12.845130
D111A,1.966250,-12.470340
D111A,1.455270,-12.520320
D111A,1.359840,-11.657760
D111A,2.123840,-11.888900
D111A,1.329310,-11.845970
D111A,0.987430,-12.101750
D111A,0.235860,-10.819780
D111A,2.733320,-13.726370
D111A,0.833350,-11.219840
D111A,54.777220,23.521770
D111A,1.911090,-13.118330
D111A,0.506200,-11.844440
D111A,1.971450,-13.104180
D111A,1.808640,-13.208330
D111A,2.899690,-14.308410
D111A,3.213470,-15.093490
D111A,2.785260,-15.145350
D111A,3.221940,-15.616970
D111A,3.904280,-16.243600
D111A,2.864290,-15.486340
D111A,3.119930,-15.766980
D111A,3.403560,-16.675330
D111A,3.624470,-15.168310
D111A,3.573030,-15.989790
D111A,53.137750,24.677450
D111A,4.230750,-16.271550
D111A,3.733660,-15.778340
D111A,3.895430,-15.618900
D111A,2.946390,-14.305810
D111A,3.190480,-14.979780
D111A,2.774170,-13.880160
D111A,2.498090,-14.101870
D111A,2.536740,-13.996850
D111A,2.301300,-14.226630
D111A,3.907450,-15.173400
D111A,3.194350,-14.101420
D111A,3.657990,-14.943160
D111A,2.587000,-13.460700
D111A,2.500540,-13.894120
D111A,3.713150,-14.961680
D111A,3.495210,-14.135060
D111A,3.873000,-14.974340
D111A,3.499770,-14.543720
D111A,3.802360,-15.316380
D111A,4.929940,-16.095330
D111A,3.918750,-15.133470
D111A,3.347390,-14.303790
D111A,3.399910,-15.055210
D111A,4.045920,-15.404570
D111A,3.689370,-14.872010
D111A,2.582380,-13.644610
D111A,3.729450,-14.779060
D111A,4.605130,-16.225990
D111A,3.938220,-15.664480
D111A,4.544620,-15.924530
D111A,4.280240,-15.858290
D111A,4.088560,-14.920290
D111A,5.088790,-16.342930
D111A,4.097270,-16.038430
D111A,4.689510,-15.863260
D111A,4.308790,-16.375420
D111A,5.050180,-16.003400
D111A,4.308420,-15.428740
D111A,2.940930,-13.046420
D111A,2.770850,-13.387190
D111A,3.087630,-14.164260
D111A,2.708980,-12.915880
D111A,2.476350,-13.012420
D111A,1.128520,-11.551730
D111A,2.961540,-13.753510
D111A,1.615080,-12.614260
D111A,1.683570,-12.432560
D111A,2.512650,-13.662180
D111A,2.052950,-12.217400
D111A,1.684410,-12.258620
D111A,2.724940,-13.185840
D111A,3.655220,-13.485210
D111A,1.420690,-11.722390
D111A,2.469700,-12.670680
D111A,3.237040,-13.577610
D111A,2.562660,-12.692310
D111A,1.261260,-11.800850
D111A,1.301690,-11.458250
D111A,2.975930,-13.381180
D111A,2.674540,-13.623790
D111A,2.728690,-13.369000
D111A,1.936250,-12.605530
D111A,2.942760,-13.239900
D111A,1.342260,-11.441130
D111A,1.691790,-12.420560
D111A,3.174820,-14.107490
D111A,2.273350,-13.173280
D111A,0.734720,-11.492960
D111A,0.845350,-11.682370
D111A,2.046250,-13.010980
D111A,2.218180,-12.726930
D111A,3.413120,-13.654310
D111A,2.645490,-13.728670
D111A,3.444430,-14.005030
D111A,2.875910,-13.121620
D111A,3.069990,-13.829060
D111A,2.514410,-13.634040
D111A,1.920510,-12.920030
D111A,3.391250,-14.027100
D111A,2.649410,-13.216160
D111A,3.355940,-14.381570
D111A,3.363220,-13.748100
D111A,3.958960,-14.579570
D111A,3.389110,-14.116030
D111A,3.911180,-14.227780
D111A,3.474910,-14.458480
D111A,4.026180,-15.275260
D111A,3.881260,-13.798820
D111A,3.607300,-14.344330
D111A,3.741340,-14.111900
D111A,3.808100,-14.238250
D111A,4.301480,-14.760390
D111A,4.742660,-14.943300
D111A,3.831650,-14.289430
D111A,3.846120,-14.507090
D111A,3.579670,-14.090540
D111A,2.922930,-13.234040
D111A,3.628310,-13.494740
D111A,2.198050,-11.561790
D111A,1.157850,-11.755840
D111A,2.192250,-12.731430
D111A,2.505450,-12.554680
D111A,2.653400,-13.220520
D111A,3.366440,-13.168230
D111A,2.872640,-12.966430
D111A,2.616800,-12.500740
D111A,2.929150,-13.265940
D111A,2.968120,-14.064550
D111A,3.225360,-14.075170
D111A,3.467750,-14.342940
D111A,1.342900,-12.108770
D111A,3.228710,-12.868110
D111A,2.136450,-12.446440
D111A,4.011460,-14.534490
D111A,3.236560,-14.048660
D111A,2.942990,-13.929580
D111A,3.688610,-14.692240
D111A,3.821810,-14.779300
D111A,3.485390,-13.571220
D111A,2.295460,-12.806470
D111A,4.827450,-15.308040
D111A,4.046150,-14.470480
D111A,3.835040,-14.711090
D111A,3.073010,-14.097350
D111A,2.910190,-13.962700
D111A,3.813240,-14.920550
D111A,4.318080,-15.473660
D111A,4.296680,-14.657060
D111A,3.380350,-14.922720
D111A,2.839720,-14.148930
D111A,3.413550,-14.571460
D111A,3.646770,-14.399560
D111A,3.091010,-13.400170
D111A,2.870990,-13.531930
D111A,2.567460,-13.270960
D111A,3.264290,-13.844290
D111A,0.647070,-11.487790
D111A,1.107130,-12.372840
D111A,0.446710,-11.258600
D111A,-0.017870,-10.383980
D111A,0.562160,-10.617780
D111A,1.197650,-12.044650
D111A,1.849280,-12.042280
D111A,1.406270,-11.899560
D111A,1.123490,-11.320320
D111A,0.834720,-11.210230
D111A,0.670190,-10.708750
D111A,2.012920,-11.945010
D111A,1.822340,-11.784640
D111A,2.302430,-12.415710
D111A,2.233420,-12.903000
D111A,2.803100,-13.811990
D111A,1.162130,-12.100710
D111A,1.734240,-12.522500
D111A,2.151500,-13.356270
D111A,1.908610,-13.121400
D111A,2.430090,-13.380580
D111A,2.133680,-12.553910
D111A,0.772390,-10.239990
D111A,1.849550,-10.473000
D111A,2.119930,-10.258430
D111A,2.229290,-9.830610
D111A,0.848850,-9.532680
D111A,-0.285970,-9.186530
D111A,0.763750,-9.600490
D111A,-0.282460,-9.438560
D111A,-0.673320,-8.622210
D111A,-0.212330,-8.103280
D111A,-0.660910,-7.435310
D111A,-1.991540,-6.957150
D111A,55.158530,22.087480
D111A,54.822110,22.613930
D111A,56.077560,22.900090
D111A,-0.476150,-8.590280
D111A,55.942280,22.363490
D111A,55.372810,23.313310
D111A,54.917200,23.850780
D111A,54.233690,24.567260
D111A,54.823000,24.773130
D111A,54.585160,25.108170
D111A,55.061440,24.715570
D111A,1.286510,-9.636790
D111A,0.521510,-9.055110
D111A,57.116720,23.516080
D111A,55.833330,23.600770
D111A,57.143860,23.256810
D111A,2.546920,-11.880020
D111A,1.729090,-10.818560
D111A,1.298210,-10.353340
D111A,57.355400,21.689720
D111A,56.057260,22.918560
D111A,56.923890,22.491070
D111A,57.359650,22.864950
D111A,56.510190,23.808110
D111A,55.985020,23.677400
D111A,56.284690,24.651010
D111A,1.045410,-9.985710
D111A,1.332520,-10.342660
D111A,2.052450,-10.233460
D111A,56.793580,24.090650
D111A,1.302870,-9.903040
D111A,0.784330,-9.422340
D111A,1.405850,-10.608520
D111A,1.086680,-9.635460
D111A,1.100360,-9.410410
D111A,1.306450,-9.973060
D111A,1.010760,-10.255180
D111A,2.217120,-10.364290
D111A,56.854850,22.447640
D111A,3.439270,-12.443950
D111A,2.903200,-11.466940
D111A,2.551250,-11.364390
D111A,2.117760,-10.443060
D111A,1.363330,-9.888040
D111A,2.392650,-10.891220
D111A,2.968570,-11.842920
D111A,2.592400,-10.670600
D111A,2.332230,-11.443810
D111A,1.611430,-10.883340
D111A,2.938090,-12.178950
D111A,2.262180,-11.278170
D111A,3.786850,-12.711600
D111A,1.948830,-10.573440
D111A,2.689540,-11.314820
D111A,1.234210,-9.933590
D111A,2.141650,-10.959790
D111A,1.982930,-9.392780
D111A,2.238460,-10.984620
D111A,2.956930,-11.676960
D111A,2.878940,-11.280430
D111A,2.135550,-10.297530
D111A,3.180490,-12.077080
D111A,3.679350,-12.270030
D111A,2.765500,-10.673080
D111A,3.951230,-12.294430
D111A,4.478130,-13.086000
D111A,3.770270,-12.587610
D111A,3.403580,-12.231820
D111A,3.695200,-12.824400
D111A,2.790610,-11.659510
D111A,3.632570,-12.303150
D111A,4.496920,-12.145980
D111A,3.673130,-11.304130
D111A,2.041360,-9.206160
D111A,2.763590,-9.639280
D111A,3.615830,-10.805160
D111A,4.056930,-9.831410
D111A,3.658050,-11.321090
D111A,3.025010,-9.560600
D111A,3.903320,-11.042960
D111A,3.198230,-9.520460
D111A,2.817920,-10.271300
D111A,3.590270,-10.192320
D111A,3.699920,-10.872510
D111A,4.203620,-10.507770
D111A,3.937050,-10.924480
D111A,4.825380,-11.502260
D111A,4.027420,-11.289870
D111A,4.670400,-12.328760
D111A,4.127960,-12.133530
D111A,3.718120,-11.489780
D111A,5.185290,-12.014850
D111A,3.631260,-10.961800
D111A,3.565150,-10.817240
D111A,3.439380,-9.732850
D111A,4.316810,-11.043740
D111A,3.686350,-10.423180
D111A,4.453430,-10.758230
D111A,3.693220,-9.977360
D111A,3.685150,-11.030670
D111A,2.866220,-10.181790
D111A,3.198430,-9.671810
D111A,3.718190,-9.744730
D111A,2.209380,-8.059000
D111A,42.763810,24.716830
D111A,2.086150,-8.453990
D111A,2.127890,-8.653290
D111A,3.261170,-9.226090
D111A,2.968070,-9.830760
D111A,3.970150,-11.224100
D111A,2.778900,-10.023020
D111A,3.435260,-10.184460
D111A,3.203920,-10.429250
D111A,42.343930,23.468280
D111A,3.138950,-9.643800
D111A,43.407050,23.808940
D111A,43.277230,22.573660
D111A,43.501750,21.401010
D111A,4.461790,-10.525050
D111A,3.076140,-9.572660
D111A,2.040670,-9.626210
D111A,3.109280,-10.488940
D111A,2.123490,-9.089250
D111A,1.995090,-8.511010
D111A,2.791990,-8.733840
D111A,3.746870,-10.585670
D111A,2.745900,-9.799630
D111A,2.377040,-9.361290
D111A,1.778070,-8.842220
D111A,2.348360,-9.320460
D111A,2.615540,-10.316410
D111A,49.780510,27.321440
D111A,3.218960,-9.804750
D111A,49.101300,27.004430
D111A,3.397900,-10.914130
D111A,2.387160,-8.992530
D111A,2.904250,-9.711090
D111A,2.783610,-10.058810
D111A,3.627610,-10.388970
D111A,2.731880,-8.967290
D111A,1.970020,-9.080300
D111A,3.412930,-9.381060
D111A,3.599890,-10.091460
D111A,4.489060,-11.269150
D111A,5.264450,-13.570100
D111A,4.723410,-12.342700
D111A,4.448670,-13.686590
D111A,3.949480,-12.575900
D111A,3.755240,-11.523450
D111A,4.391290,-12.565170
D111A,3.962430,-11.373410
D111A,4.453540,-11.109670
D111A,3.964200,-10.918360
D111A,3.515700,-10.402430
D111A,4.001030,-11.583450
D111A,3.421260,-10.699480
D111A,2.875940,-10.995710
D111A,2.935480,-10.745640
D111A,3.765680,-9.710300
D111A,1.955350,-8.499450
D111A,3.050790,-9.599700
D111A,3.416450,-10.892700
D111A,4.191430,-12.149810
D111A,3.716110,-11.892360
D111A,3.567940,-10.190810
D111A,3.320150,-10.525560
D111A,3.144230,-10.111330
D111A,3.209240,-10.657150
D111A,3.422840,-10.223090
D111A,2.673670,-9.098860
D111A,3.273690,-9.673940
D111A,3.734130,-10.209390
D111A,3.457520,-10.050600
D111A,2.907930,-7.409920
D111A,1.582350,-6.406910
D111A,1.237460,-6.282430
D111A,2.133070,-7.842420
D111A,2.645640,-9.318580
D111A,3.084950,-10.222620
D111A,2.724280,-8.649070
D111A,1.299330,-6.787960
D111A,1.136280,-6.475270
D111A,1.288710,-5.990440
D111A,2.152260,-8.197730
D111A,2.059390,-7.892100
D111A,2.961680,-10.870890
D111A,2.029170,-10.307390
D111A,2.635530,-9.411380
D111A,2.053630,-7.176000
D111A,1.218180,-5.120080
D111A,1.937120,-6.307790
D111A,1.295430,-6.731170
D111A,2.891880,-9.956070
D111A,3.367300,-9.750740
D111A,2.814770,-8.608810
D111A,3.435590,-9.597860
D111A,3.455300,-9.620280
D111A,3.625090,-9.477230
D111A,3.742350,-9.678390
D111A,2.846310,-8.275690
D111A,3.514750,-9.122630
D111A,2.767550,-7.321330
D111A,3.996110,-9.444810
D111A,4.784150,-12.195250
D111A,4.065820,-10.909910
D111A,4.833100,-11.814290
D111A,4.521960,-11.276770
D111A,4.432620,-12.343380
D111A,4.792910,-11.559890
D111A,3.662450,-11.774630
D111A,4.681460,-12.639130
D111A,5.296570,-12.798730
D111A,4.795460,-12.831340
D111A,4.929620,-13.942850
D111A,5.199050,-14.511480
D111A,5.300770,-14.420030
D111A,4.720470,-14.375480
D111A,3.678390,-12.861390
D111A,3.998580,-12.965720
D111A,3.297940,-12.534810
D111A,4.204410,-12.899970
D111A,4.206450,-12.344960
D111A,4.048260,-12.231930
D111A,4.447640,-12.059990
D111A,4.483800,-11.651150
D111A,4.791500,-12.076850
D111A,4.208700,-11.613360
D111A,46.736620,27.431630
D111A,3.396760,-9.620740
D111A,4.795770,-12.152070
D111A,5.894990,-14.132470
D111A,4.613800,-12.623180
D111A,3.918790,-11.274740
D111A,4.428280,-12.264130
D111A,5.086190,-12.566200
D111A,4.015290,-12.807890
D111A,3.984380,-11.939260
D111A,4.917260,-12.502780
D111A,3.187870,-10.719340
D111A,4.492630,-12.303260
D111A,4.835550,-12.435550
D111A,3.514180,-10.119410
D111A,4.396790,-11.617380
D111A,4.129730,-10.934870
D111A,3.568820,-9.555820
D111A,4.140450,-11.082650
D111A,4.786110,-11.773030
D111A,4.567520,-12.094720
D111A,3.787310,-10.674930
D111A,3.170010,-9.919550
D111A,2.799020,-8.416240
D111A,2.378100,-8.533830
D111A,1.869990,-7.588360
D111A,1.915190,-8.283450
D111A,44.208270,26.124890
D111A,3.569510,-10.339320
D111A,3.544490,-9.801280
D111A,4.355810,-12.595660
D111A,4.000490,-11.454790
D111A,4.273940,-13.086010
D111A,4.363360,-12.853160
D111A,4.771250,-13.582620
D111A,4.571810,-13.559510
D111A,4.584070,-12.956380
D111A,3.590340,-12.055200
D111A,4.352550,-13.089280
D111A,4.855570,-13.932440
D111A,5.330120,-14.343370
D111A,3.303770,-12.395350
D111A,3.750420,-12.199210
D111A,4.153730,-13.242620
D111A,4.767530,-14.312330
D111A,4.604960,-13.762150
D111A,3.830150,-13.035280
D111A,5.045000,-13.376080
D111A,4.738340,-13.821280
D111A,5.083770,-13.850000
D111A,4.152240,-12.837760
D111A,3.616090,-11.248950
D111A,45.824670,22.937150
D111A,46.791550,24.033800
D111A,2.922660,-10.968980
D111A,3.888980,-11.964790
D111A,46.697840,26.434770
D111A,47.460730,26.625490
D111A,46.096310,27.786280
D111A,3.276460,-9.900480
D111A,2.560120,-10.111960
D111A,47.401740,27.404520
D111A,49.414150,27.309910
D111A,47.197510,27.919250
D111A,46.589440,27.891520
D111A,49.603320,28.829870
D111A,49.600640,28.698390
D111A,3.533780,-11.839870
D111A,50.459700,28.195820
D111A,50.501320,28.182620
D111A,50.156090,27.817470
D111A,51.022970,28.418340
D111A,51.762740,28.832000
D111A,54.309860,27.451640
D111A,54.824920,27.414790
D111A,53.961730,26.755160
D111A,53.750510,27.702350
D111A,53.144260,27.443980
D111A,53.080890,26.170010
D111A,51.953330,25.471230
D111A,53.233750,24.907460
D111A,52.184100,24.807150
D111A,49.783360,24.436350
D111A,51.850640,23.850490
D111A,50.534720,25.134760
D111A,49.417680,24.768630
D111A,51.769920,24.226270
D111A,52.445920,24.385660
D111A,52.525970,24.501650
D111A,51.919840,27.048570
D111A,51.249080,27.152560
D111A,50.204630,27.047290
D111A,3.187820,-10.714580
D111A,4.425480,-11.751090
D111A,3.857020,-11.302890
D111A,3.437120,-9.718590
D111A,4.024280,-10.975050
D111A,3.653740,-10.558610
D111A,3.984420,-11.243720
D111A,3.706020,-11.396260
D111A,3.813770,-11.610140
D111A,4.191270,-11.566170
D111A,49.288620,23.581630
D111A,50.833680,24.307930
D111A,50.013530,25.259920
D111A,4.115960,-9.142490
D111A,51.371540,25.930980
D111A,1.889300,-6.793610
D111A,52.337970,26.501110
D111A,53.559670,26.767980
D111A,52.853280,26.528630
D111A,52.103020,26.878600
D111A,51.442750,27.105010
D111A,52.923160,27.282840
D111A,51.400890,27.221560
D111A,4.010530,-9.252960
D111A,50.678970,26.435580
D111A,50.382290,25.974930
D111A,52.693160,26.665560
D111A,52.659400,26.220070
D111A,50.028140,26.463480
D111A,3.324570,-9.343850
D111A,4.453850,-10.488300
D111A,4.126000,-10.423200
D111A,3.842130,-10.356550
D111A,3.355650,-9.858340
D111A,2.643910,-10.204070
D111A,3.661890,-11.311680
D111A,3.920280,-11.143850
D111A,2.113020,-9.346240
D111A,2.714570,-10.780840
D111A,3.632090,-12.318670
D111A,3.245200,-11.731650
D111A,2.599800,-10.981830
D111A,3.404720,-12.258850
D111A,1.196040,-10.067430
D111A,-0.191310,-9.034570
D111A,1.427680,-11.105630
D111A,52.319430,25.917420
D111A,3.109480,-12.024580
D111A,52.456360,25.762510
D111A,52.438800,26.062260
D111A,49.694960,26.836650
D111A,47.462620,27.136830
D111A,47.153800,27.057930
D111A,47.072700,26.589570
D111A,49.099630,27.309760
D111A,46.651080,26.974590
D111A,48.938380,27.232750
D111A,50.778790,26.950010
D111A,51.612800,26.351310
D111A,51.002870,26.701310
D111A,51.401230,26.022190
D111A,49.517380,26.094490
D111A,46.974280,26.414500
D111A,44.409650,26.889980
D111A,46.715940,27.131980
D111A,46.180690,27.180780
D111A,45.942020,26.934590
D111A,45.699830,26.681960
D111A,47.367830,27.329240
D111A,48.984390,26.745330
D111A,51.369050,26.539030
D111A,50.286140,26.672080
D111A,53.417640,26.035140
D111A,50.432930,26.585170
D111A,51.670470,25.564890
D111A,50.976700,26.218520
D111A,48.415270,26.319570
D111A,46.584020,27.106450
D111A,43.717740,26.339940
D111A,43.192810,26.445370
D111A,43.224840,26.132170
D111A,42.149310,25.712790
D111A,40.612750,24.136880
D111A,40.792760,23.526480
D111A,40.684500,23.272630
D111A,41.638440,23.045550
D111A,-1.491920,-3.389320
D111A,-3.165560,0.429160
D111A,-2.547790,0.146970
D111A,-1.524630,-1.199300
D111A,-3.256510,1.645690
D111A,-3.134620,2.271300
D111A,-1.478340,-1.074650
D111A,-2.559480,-1.256560
D111A,-3.106090,-1.096920
D111A,-3.036640,-2.490310
D111A,-4.565610,-1.709570
D111A,-4.206360,-2.565660
D111A,-3.708030,-2.444780
D111A,-4.353770,-0.642680
D111A,-4.054370,-2.459480
D111A,-3.029980,-2.988440
D111A,-2.569580,-3.847070
D111A,-2.926460,-3.636440
D111A,-2.945620,-4.290840
D111A,-4.354150,0.144640
D111A,-4.622790,-0.122740
D111A,-5.602060,0.047570
D111A,-4.301050,-2.235830
D111A,-2.822640,-3.066560
D111A,-3.246650,-2.478610
D111A,-3.528490,-2.022930
D111A,-3.960830,-1.817890
D111A,-3.205720,-3.498450
D111A,-4.447900,0.037410
D111A,-5.181680,0.909370
D111A,-4.537500,0.358650
D111A,-6.595700,2.737780
D111A,-7.902240,4.983640
D111A,-6.924130,3.440510
D111A,-6.631600,2.723850
D111A,-6.294410,3.030850
D111A,-7.686050,4.206620
D111A,-6.516040,3.079860
D111A,-6.175040,3.457380
D111A,-7.235920,3.171560
D111A,-7.280200,3.136460
D111A,-9.498570,6.435450
D111A,-9.888550,6.993360
D111A,-11.219000,7.793010
D111A,-10.300290,7.142540
D111A,-10.173880,7.377360
D111A,-10.397950,5.603440
D111A,-9.620320,5.993580
D111A,-10.543820,6.091340
D111A,-11.893280,8.376920
D111A,-11.399240,8.926200
D111A,-12.292760,9.846240
D111A,-12.220460,10.156000
D111A,-12.306470,10.875230
D111A,-12.829830,10.274440
D111A,-11.814830,9.330330
D111A,-11.757910,8.699340
D111A,-11.521300,8.490620
D111A,-11.558790,9.095210
D111A,-11.557130,8.820070
D111A,-10.819250,8.421190
D111A,-11.144440,9.674400
D111A,-11.649490,9.918660
D111A,-11.616030,9.105410
D111A,-11.417410,9.241480
D111A,-11.142700,8.603820
D111A,-10.812220,7.577270
D111A,-11.136250,5.718510
D111A,-10.490780,6.353970
D111A,-11.088000,6.499950
D111A,-9.634600,5.662580
D111A,-10.179200,6.342680
D111A,-9.335830,5.681450
D111A,-10.431200,7.286550
D111A,-10.506830,6.453470
D111A,-10.088750,6.769260
D111A,-10.015890,5.981820
D111A,-10.995890,7.771040
D111A,-10.703580,6.691810
D111A,-12.056550,8.050930
D111A,-11.763780,7.682750
D111A,-11.981810,10.151820
D111A,-11.699450,8.511200
D111A,-11.209690,7.803240
D111A,-11.723350,7.966070
D111A,-11.492480,9.270520
D111A,-11.598110,8.580400
D111A,-11.978070,9.309900
D111A,-12.036130,9.295170
D111A,-11.515980,8.737020
D111A,-11.054500,9.262950
D111A,-11.588380,9.215180
D111A,-11.205980,8.616410
D111A,-12.038020,8.402430
D111A,-12.194530,7.582270
D111A,-11.737530,8.111050
D111A,-12.088010,8.258780
D111A,-12.057130,8.305920
D111A,-12.109120,7.740750
D111A,-12.748670,9.040850
D111A,-12.135680,8.013230
D111A,-12.089170,8.417910
D111A,-12.058910,7.359510
D111A,-12.282140,8.738080
D111A,-12.116820,8.424790
D111A,-12.123610,8.226860
D111A,-12.400170,9.194780
D111A,-12.574090,8.675400
D111A,-12.011570,9.307490
D111A,-12.256520,8.525690
D111A,-12.329640,9.036680
D111A,-12.518980,8.362950
D111A,-12.689100,9.190690
D111A,-12.704240,8.842590
D111A,-12.686910,8.510370
D111A,-12.650160,8.698430
D111A,-11.823340,8.413240
D111A,-11.822980,7.285660
D111A,-11.552380,7.566310
D111A,-11.968510,7.888440
D111A,-11.601350,7.387010
D111A,-12.314020,7.856310
D111A,-13.114560,9.089510
D111A,-11.792510,8.305030
D111A,-11.602830,8.952650
D111A,-11.711840,8.489150
D111A,-11.898950,10.041700
D111A,-11.810570,8.344550
D111A,-11.616480,8.628040
D111A,-12.687720,9.113710
D111A,-12.731810,8.251760
D111A,-12.142550,8.298550
D111A,-11.075940,5.799240
D111A,-12.025130,8.718430
D111A,-12.479000,8.323180
D111A,-12.616010,8.422130
D111A,-12.932120,8.590630
D111A,-12.639680,8.124790
D111A,-13.100210,9.540970
D111A,-13.270570,9.828200
D111A,-13.156540,10.087880
D111A,-13.144000,10.215590
D111A,-13.200180,10.418050
D111A,-12.924800,9.954230
D111A,-13.503480,11.964210
D111A,-12.891340,12.010560
D111A,-12.849140,11.470230
D111A,-13.211300,12.274750
D111A,-13.661050,11.901770
D111A,-12.767650,10.442090
D111A,-12.624390,9.846060
D111A,-13.216090,11.346790
D111A,-13.277930,11.231270
D111A,-13.433830,10.761000
D111A,-12.903240,12.800840
D111A,-13.229520,12.247460
D111A,-12.981190,11.393190
D111A,-12.981900,11.943710
D111A,-12.899930,11.699290
D111A,-13.117930,11.512040
D111A,-12.747910,11.014970
D111A,-12.699250,10.376470
D111A,-12.634870,10.311260
D111A,-12.663130,10.933080
D111A,-12.667830,10.502050
D111A,-12.845720,10.584120
D111A,-13.202150,12.769020
D111A,-13.455870,11.520390
D111A,-13.232910,11.996290
D111A,-12.897560,11.086680
D111A,-13.279080,11.141920
D111A,-12.991780,11.248930
D111A,-13.422850,11.893870
D111A,-12.870810,12.782980
D111A,-13.356040,12.387020
D111A,-12.853360,13.065320
D111A,-13.331590,13.065350
D111A,-13.014650,11.993890
D111A,-13.202200,12.867310
D111A,-13.133850,12.640250
D111A,-13.175480,12.398780
D111A,-13.522960,13.333990
D111A,-13.317130,11.304520
D111A,-12.531800,10.451860
D111A,-13.144500,11.878210
D111A,-12.363930,11.141610
D111A,-11.586370,10.545670
D111A,-12.474940,12.272380
D111A,-12.913860,12.358630
D111A,-12.972710,13.724180
D111A,-12.994400,13.392300
D111A,-12.728660,12.890180
D111A,-12.914510,13.558540
D111A,-12.910240,13.463250
D111A,-12.755910,14.435660
D111A,-12.633190,12.602470
D111A,-12.058760,12.850810
D111A,-11.977790,12.310660
D111A,-12.975860,14.071770
D111A,-13.179320,13.512850
D111A,-13.719520,13.165660
D111A,-13.017960,13.949000
D111A,-13.431120,14.433740
D111A,-13.632430,14.813200
D111A,-13.154820,14.513220
D111A,-13.281310,14.837340
D111A,-12.882220,12.820430
D111A,-13.318410,14.414220
D111A,-12.575660,13.908680
D111A,-12.902750,13.878830
D111A,-12.322300,12.190110
D111A,-12.384140,12.973060
D111A,-12.877010,12.313660
D111A,-12.762090,11.597640
D111A,-11.970870,12.155960
D111A,-12.687670,12.616160
D111A,-12.898400,12.730230
D111A,-12.407970,12.225480
D111A,-13.053850,12.710190
D111A,-12.840250,13.336690
D111A,-13.326960,13.214630
D111A,-12.967870,12.980720
D111A,-12.644620,13.661720
D111A,-12.873540,14.265960
D111A,-12.310220,13.270360
D111A,-12.264290,12.891700
D111A,-12.259730,12.471190
D111A,-12.382490,12.471610
D111A,-12.424790,13.530490
D111A,-12.667400,12.422130
D111A,-12.950110,13.833540
D111A,-12.814420,11.673750
D111A,-13.168300,12.615610
D111A,-12.960190,12.096010
D111A,-12.879930,11.140710
D111A,-12.605450,13.161270
D111A,-12.911810,12.615760
D111A,-12.842730,12.795970
D111A,-13.122410,12.138140
D111A,-12.983760,13.063130
D111A,-12.486060,13.193970
D111A,-12.663000,13.073420
D111A,-13.118050,13.265730
D111A,-13.080660,12.600520
D111A,-13.189910,12.702430
D111A,-12.965810,11.856450
D111A,-12.919480,12.564580
D111A,-13.323610,12.998200
D111A,-13.005110,12.733320
D111A,-12.532320,12.737630
D111A,-12.769900,11.947870
D111A,-13.034530,12.852120
D111A,-12.975320,13.087560
D111A,-13.425420,12.590790
D111A,-13.201540,12.933880
D111A,-13.370510,13.365450
D111A,-12.785020,12.866050
D111A,-12.563400,13.208000
D111A,-13.252530,13.445320
D111A,-12.519470,13.308410
D111A,-12.840380,11.856910
D111A,-12.879800,12.023600
D111A,-13.119630,12.401000
D111A,-13.044890,12.577320
D111A,-12.730690,12.479440
D111A,-13.268170,13.407460
D111A,-13.261080,13.122980
D111A,-13.098940,14.267290
D111A,-12.912320,14.275430
D111A,-12.656460,12.743850
D111A,-12.773030,13.545870
D111A,-13.071030,12.818930
D111A,-13.206100,12.565320
D111A,-12.774530,12.836220
D111A,-13.167610,13.743320
D111A,-13.203980,13.822940
D111A,-12.823500,13.291740
D111A,-12.708000,11.684090
D111A,-12.842150,11.909000
D111A,-12.816360,11.613910
D111A,-13.542760,12.745830
D111A,-12.874710,11.860050
D111A,-13.099430,13.092330
D111A,-13.405550,12.995200
D111A,-13.645330,12.550090
D111A,-13.476600,11.923000
D111A,-13.116390,12.001630
D111A,-13.349850,12.307750
D111A,-12.837340,13.611050
D111A,-13.280740,12.189790
D111A,-13.439060,13.265200
D111A,-12.986330,12.836350
D111A,-13.273200,13.676080
D111A,-13.206580,13.346990
D111A,-12.999700,12.905370
D111A,-12.754080,13.280300
D111A,-12.900540,13.854690
D111A,-12.871760,13.143360
D111A,-12.885400,14.009330
D111A,-12.985970,13.515230
D111A,-13.424470,13.722550
D111A,-12.960540,13.136330
D111A,-12.831490,13.099400
D111A,-12.819670,12.952180
D111A,-13.156500,13.320390
D111A,-12.146190,12.488460
D111A,-12.268960,12.930450
D111A,-12.791400,12.415630
D111A,-12.774680,12.763920
D111A,-12.931530,12.026460
D111A,-12.262830,11.599130
D111A,-12.683570,12.885290
D111A,-12.601850,12.505240
D111A,-12.856540,12.936610
D111A,-12.678500,13.861070
D111A,-13.068050,13.374830
D111A,-12.458640,13.797940
D111A,-12.357490,13.204940
D111A,-12.992900,13.724940
D111A,-13.057290,12.665580
D111A,-13.705040,12.627030
D111A,-13.223950,12.899390
D111A,-13.255280,12.285140
D111A,-13.117010,13.209300
D111A,-13.345600,13.089970
D111A,-12.836290,12.158350
D111A,-13.375080,12.484400
D111A,-13.061470,11.840070
D111A,-12.556250,11.921990
D111A,-12.876680,11.983050
D111A,-13.622560,12.868810
D111A,-12.811040,12.616180
D111A,-13.402270,11.626920
D111A,-13.257130,11.304550
D111A,-13.595430,11.824800
D111A,-12.794290,11.552700
D111A,-12.553550,13.286820
D111A,-12.536560,11.484540
D111A,-12.191840,11.940580
D111A,-12.255770,12.314040
D111A,-12.618370,12.455680
D111A,-13.048190,12.973690
D111A,-12.711630,12.610030
D111A,-12.521430,12.971080
D111A,-12.567900,13.200960
D111A,-12.708340,12.837210
D111A,-12.963900,13.542930
D111A,-12.578960,13.385800
D111A,-12.640130,13.179140
D111A,-12.848010,13.243580
D111A,-12.864050,13.337660
D111A,-12.413270,13.168670
D111A,-12.413500,13.060880
D111A,-12.836470,13.523390
D111A,-13.112650,12.984700
D111A,-12.720460,11.587700
D111A,-13.242790,12.675660
D111A,-13.255910,12.819990
D111A,-13.322290,11.864830
D111A,-12.469810,13.131370
D111A,-12.977770,12.142940
D111A,-12.684820,12.027910
D111A,-12.879530,12.204110
D111A,-12.589200,11.511550
D111A,-12.961540,12.096310
D111A,-12.717260,12.605160
D111A,-12.535380,12.433670
D111A,-12.128100,11.582790
D111A,-12.351310,12.020420
D111A,-12.327690,12.102020
D111A,-12.602550,11.679160
D111A,-12.899810,12.152800
D111A,-12.712130,11.498990
D111A,-12.469660,12.570030
D111A,-12.116490,12.874080
D111A,-12.483930,13.822260
D111A,-12.522790,13.628150
D111A,-12.736190,13.641510
D111A,-12.444670,12.745890
D111A,-13.079620,13.266100
D111A,-12.694700,14.000060
D111A,-13.237810,14.520210
D111A,-13.056200,13.178350
D111A,-12.635360,13.743790
D111A,-12.854190,13.006250
D111A,-12.258580,14.073970
D111A,-12.023570,13.676750
D111A,-12.398480,14.007410
D111A,-12.607480,13.663230
D111A,-12.588920,13.431430
D111A,-12.850780,13.919360
D111A,-12.259690,13.167630
D111A,-12.688710,13.807070
D111A,-12.681680,13.459860
D111A,-12.804990,15.018340
D111A,-13.008420,13.569010
D111A,-12.388580,12.656790
D111A,-12.547470,13.858410
D111A,-12.861270,13.684660
D111A,-12.575230,13.785460
D111A,-12.841430,15.103420
D111A,-13.520820,14.333140
D111A,-12.498640,13.254450
D111A,-12.793080,11.891020
D111A,-12.823520,12.884780
D111A,-12.908920,12.874730
D111A,-13.100670,13.128460
D111A,-12.894570,13.269190
D111A,-13.365510,13.845340
D111A,-12.749980,12.695190
D111A,-12.913340,13.213560
D111A,-12.812990,13.097760
D111A,-12.736720,12.560210
D111A,-12.273680,12.547870
D111A,-13.019010,12.817690
D111A,-12.972870,13.461320
D111A,-13.101070,12.560400
D111A,-12.571190,13.151680
D111A,-12.744540,12.952610
D111A,-12.841150,13.802850
D111A,-12.721970,12.773580
D111A,-13.184130,13.519330
D111A,-12.628170,12.601350
D111A,-12.942100,12.701960
D111A,-12.904340,13.146310
D111A,-12.701310,12.418750
D111A,-12.479970,12.104110
D111A,-12.500840,12.693530
D111A,-12.806610,13.369650
D111A,-12.268570,14.151810
D111A,-13.049510,12.759050
D111A,-13.268080,12.614200
D111A,-12.781870,12.989310
D111A,-12.865220,13.379510
D111A,-12.826170,13.448690
D111A,-12.475820,14.064000
D111A,-12.962300,13.264390
D111A,-13.089920,13.057230
D111A,-12.505930,12.514680
D111A,-12.651980,13.342460
D111A,-13.188770,13.517450
D111A,-12.464880,12.873210
D111A,-12.331710,12.439120
D111A,-13.075630,13.096510
D111A,-12.751540,13.186370
D111A,-13.017990,12.644720
D111A,-12.820070,13.961650
D111A,-12.947380,12.054140
D111A,-12.913930,11.852140
D111A,-13.357530,12.192270
D111A,-13.131420,13.507490
D111A,-13.520470,13.238470
D111A,-13.127560,12.561580
D111A,-13.086570,13.344080
D111A,-13.461430,12.063390
D111A,-13.348820,13.481060
D111A,-12.927480,13.567800
D111A,-13.449950,13.421710
D111A,-12.774990,13.836990
D111A,-12.865450,12.481260
D111A,-12.833780,12.258100
D111A,-12.898130,12.902030
D111A,-12.998770,13.940360
D111A,-12.418640,11.937840
D111A,-13.150150,13.253240
D111A,-13.245870,12.859540
D111A,-12.989460,12.564170
D111A,-12.782190,13.898880
D111A,-12.654870,13.790610
D111A,-12.414460,12.469050
D111A,-12.354250,11.795720
D111A,-13.002040,12.945010
D111A,-12.920220,13.788100
D111A,-12.468610,12.477390
D111A,-12.510400,13.452480
D111A,-12.539300,13.244070
D111A,-12.350380,13.624310
D111A,-12.858760,13.860980
D111A,-12.773560,12.767520
D111A,-13.029550,13.980480
D111A,-12.975710,13.772330
D111A,-12.737260,13.599980
D111A,-12.578600,13.661020
D111A,-12.839520,13.963850
D111A,-12.635270,13.338100
D111A,-13.000390,12.817510
D111A,-12.676200,13.385600
D111A,-12.725780,14.557820
D111A,-12.727900,14.356170
D111A,-12.487230,13.718250
D111A,-13.282000,13.777990
D111A,-12.660630,13.667970
D111A,-12.406430,13.642720
D111A,-13.084820,13.582760
D111A,-12.623330,12.766770
D111A,-12.695450,14.277210
D111A,-13.038340,14.224630
D111A,-13.114810,14.228870
D111A,-13.458770,14.570800
D111A,-12.959190,13.386410
D111A,-13.203310,13.478390
D111A,-12.977340,12.028920
D111A,-12.737950,11.316590
D111A,-12.673080,12.100520
D111A,-12.674250,12.794630
D111A,-13.223090,13.629600
D111A,-12.457340,13.799180
D111A,-13.047910,12.449210
D111A,-12.242850,13.354900
D111A,-12.437220,13.815380
D111A,-12.573800,14.072510
D111A,-12.292340,14.836190
D111A,-12.695270,14.315640
D111A,-12.582790,12.888180
D111A,-12.902960,13.553730
D111A,-13.085760,13.738730
D111A,-13.287840,13.076710
D111A,-12.820890,13.625310
D111A,-12.918620,13.455650
D111A,-12.874710,13.695930
D111A,-12.883030,13.196330
D111A,-12.690620,13.136320
D111A,-12.929910,13.314690
D111A,-12.717010,13.455420
D111A,-12.764420,12.018310
D111A,-12.425830,12.651770
D111A,-13.383700,12.625630
D111A,-13.258620,12.765590
D111A,-12.947100,13.720270
D111A,-12.502440,13.323460
D111A,-13.244950,14.069020
D111A,-12.635990,12.462500
D111A,-12.725300,13.376750
D111A,-13.229720,13.592700
D111A,-13.223810,13.445620
D111A,-13.212870,12.660010
D111A,-13.589560,12.197810
D111A,-13.377750,13.753760
D111A,-12.881980,12.445110
D111A,-13.381760,12.697310
D111A,-12.857920,12.591200
D111A,-12.768940,13.158310
D111A,-13.036530,13.929970
D111A,-12.962650,13.837360
D111A,-13.133680,14.286760
D111A,-13.171380,14.408790
D111A,-12.416720,14.508810
D111A,-13.020450,13.847260
D111A,-12.597700,14.380380
D111A,-12.882840,14.392390
D111A,-12.839440,14.438860
D111A,-12.807330,14.802060
D111A,-13.317310,14.273400
D111A,-13.118500,14.254370
D111A,-13.058220,14.139310
D111A,-12.691220,13.834810
D111A,-12.551330,15.292300
D111A,-12.502620,14.596820
D111A,-12.289830,14.361070
D111A,-12.393690,13.036790
D111A,-12.523380,13.966310
D111A,-12.796780,14.599090
D111A,-12.482610,14.607330
D111A,-12.507400,14.320540
D111A,-12.732310,14.749560
D111A,-12.072850,12.491920
D111A,-12.372200,13.843660
D111A,-12.583600,14.023930
D111A,-12.683490,14.285160
D111A,-12.229450,14.360710
D111A,-12.543240,14.390790
D111A,-12.568830,15.082330
D111A,-12.802830,14.298700
D111A,-12.842460,14.703930
D111A,-12.172080,14.955180
D111A,-12.792070,15.194550
D111A,-12.941350,14.314500
D111A,-12.937510,15.046890
D111A,-12.811590,15.096450
D111A,-12.949130,15.339490
D111A,-13.087980,14.426090
D111A,-12.777050,15.204870
D111A,-12.871570,14.357170
D111A,-12.465110,14.849620
D111A,-12.449060,14.404320
D111A,-12.480000,14.384100
D111A,-12.755960,14.761100
D111A,-12.877590,15.207270
D111A,-12.626220,14.524790
D111A,-12.442110,14.942190
D111A,-11.629950,13.925320
D111A,-12.370060,13.561220
D111A,-12.906410,14.538830
D111A,-12.774390,13.463670
D111A,-12.789540,14.669270
D111A,-11.767690,12.909660
D111A,-11.950670,13.464340
D111A,-12.320620,13.652720
D111A,-12.646350,13.791840
D111A,-12.984040,14.428230
D111A,-13.009920,13.844240
D111A,-12.768980,13.365790
D111A,-12.636740,13.941380
D111A,-12.921740,14.272640
D111A,-12.534290,15.034500
D111A,-12.846940,13.894700
D111A,-13.057880,13.609450
D111A,-12.644130,14.111210
D111A,-12.122990,13.426740
D111A,-12.479260,14.146920
D111A,-12.232750,13.738150
D111A,-11.906310,13.368980
D111A,-12.117140,13.846320
D111A,-12.190150,13.692950
D111A,-12.421790,14.578670
D111A,-12.512550,13.514650
D111A,-12.315210,13.389920
D111A,-12.038440,13.411310
D111A,-11.825300,13.056100
D111A,-12.699380,13.282720
D111A,-12.503290,13.198690
D111A,-11.712480,12.631100
D111A,-12.134100,13.107760
D111A,-12.672730,13.935540
D111A,-12.681450,13.384280
D111A,-12.141200,13.993640
D111A,-12.654270,13.797680
D111A,-12.747880,14.514130
D111A,-12.429170,12.919320
D111A,-12.646490,13.810360
D111A,-12.692640,13.168090
D111A,-12.847890,13.526050
D111A,-12.689430,13.761100
D111A,-12.712320,13.074800
D111A,-12.658770,13.133690
D111A,-12.520240,13.129280
D111A,-12.351530,12.676240
D111A,-13.054520,12.496080
D111A,-12.782650,12.503560
D111A,-12.031480,12.133940
D111A,-12.718110,11.998490
D111A,-12.881990,12.215700
D111A,-12.572410,12.421140
D111A,-12.669800,12.835150
D111A,-13.126430,12.100470
D111A,-12.995600,12.665440
D111A,-13.028100,12.953570
D111A,-12.540380,12.457200
D111A,-12.927480,12.569930
D111A,-12.736230,13.192200
D111A,-12.975610,13.092120
D111A,-12.969310,12.909320
D111A,-12.960760,13.310840
D111A,-13.156870,13.862760
D111A,-12.989240,13.574280
D111A,-13.095220,13.003150
D111A,-13.137860,13.544950
D111A,-12.734640,13.437570
D111A,-13.097540,12.402670
D111A,-13.110300,13.553970
D111A,-13.005890,13.650270
D111A,-13.135970,13.563840
D111A,-13.240800,13.394980
D111A,-12.879960,13.897230
D111A,-13.406870,13.104810
D111A,-13.585260,12.587710
D111A,-13.319150,13.587450
D111A,-13.244110,12.273030
D111A,-12.811150,13.405330
D111A,-13.036700,12.730620
D111A,-12.718690,13.008160
D111A,-12.776480,12.131420
D111A,-13.185600,12.242740
D111A,-12.762100,12.519410
D111A,-13.100200,12.523010
D111A,-13.156270,13.105570
D111A,-13.198740,13.078320
D111A,-12.762830,12.541990
D111A,-13.210670,13.146140
D111A,56.277910,17.985620
D111A,-12.944830,13.099710
D111A,-13.395520,13.433870
D111A,-13.397030,12.976200
D111A,-13.651910,13.950720
D111A,-13.087650,12.218300
D111A,-13.611650,12.391810
D111A,-12.928800,12.838460
D111A,-13.398220,12.906430
D111A,-13.152900,12.811240
D111A,-13.402300,13.675550
D111A,-13.463310,13.818280
D111A,-13.886370,13.412250
D111A,52.616120,15.105780
D111A,-14.056290,14.716890
D111A,-13.786750,13.259540
D111A,-13.769140,13.689260
D111A,-13.768530,13.720050
D111A,-13.425960,13.950180
D111A,-13.363580,12.646290
D111A,-13.973270,13.798190
D111A,-13.371990,13.472550
D111A,-13.310670,13.262830
D111A,-12.610710,13.899540
D111A,-13.179220,12.685520
D111A,-12.975560,12.565470
D111A,-13.056780,11.356200
D111A,-12.616980,11.344930
D111A,-12.043940,10.849350
D111A,-12.968220,12.988100
D111A,-12.822980,12.242840
D111A,-12.682510,12.290510
D111A,-13.019660,12.629660
D111A,-13.296200,12.847850
D111A,52.935550,17.803610
D111A,57.223840,13.098330
D111A,56.708460,13.913940
D111A,58.485180,9.809610
D111A,57.625280,19.038630
D111A,-12.828480,13.084730
D111A,-12.890930,13.967640
D111A,-12.873560,13.626420
D111A,53.322360,14.997750
D111A,-12.941000,13.787520
D111A,-12.586420,14.663530
D111A,53.789250,12.335310
D111A,52.023040,14.063240
D111A,-12.778470,14.391840
D111A,-13.184600,14.789910
D111A,-13.156680,13.969620
D111A,-12.806800,13.991080
D111A,-12.589150,14.559630
D111A,-13.161740,13.903800
D111A,-13.278730,13.322550
D111A,-13.417490,14.896410
D111A,-12.924320,13.899310
D111A,-13.392560,14.469600
D111A,-13.166340,14.912280
D111A,-12.951420,14.208420
D111A,-13.221370,13.603430
D111A,-13.110040,14.769270
D111A,-13.176470,15.240040
D111A,-13.992360,16.433280
D111A,-13.347760,14.635080
D111A,-13.457610,13.777980
D111A,-13.245590,14.177160
D111A,-13.546150,14.590400
D111A,-13.003760,14.150940
D111A,-13.059600,13.645070
D111A,-13.780600,14.687850
D111A,-13.168040,13.530650
D111A,-13.505120,14.715420
D111A,-13.121070,14.055190
D111A,-13.418210,14.318210
D111A,-12.959290,13.519720
D111A,-13.367090,14.683630
D111A,-12.850820,14.161190
D111A,-13.417400,15.045960
D111A,-13.671770,15.087230
D111A,-13.274900,14.198650
D111A,-13.413880,13.327600
D111A,-13.514290,13.966810
D111A,-13.937760,15.232670
D111A,-13.942510,14.832040
D111A,-13.922880,14.234060
D111A,-13.602810,15.154980
D111A,-14.003470,15.638300
D111A,-14.104310,14.630630
D111A,-13.472540,14.045040
D111A,-13.378300,14.099650
D111A,-13.559020,15.279970
D111A,-13.741890,14.640730
D111A,-14.068120,13.366520
D111A,-13.608170,14.304870
D111A,-13.869310,13.202690
D111A,-13.761410,12.427990
D111A,-13.741390,13.110950
D111A,-13.920630,14.402990
D111A,-13.497700,13.700610
D111A,-13.379020,14.872710
D111A,-13.593190,14.009190
D111A,-13.630410,14.023300
D111A,-13.490120,13.860400
D111A,-13.444980,13.047310
D111A,-13.924610,14.165400
D111A,-13.807010,14.198130
D111A,-14.127570,14.636150
D111A,-13.959470,14.294010
D111A,-13.305790,15.679660
D111A,-12.847820,14.432050
D111A,-13.072650,14.604080
D111A,-12.453020,14.300250
D111A,-12.351050,14.598560
D111A,-12.947800,14.265790
D111A,-12.776680,13.926060
D111A,-12.658840,13.625390
D111A,-12.947510,15.116340
D111A,-12.259740,14.355430
D111A,-12.134150,13.930280
D111A,-12.655890,14.714260
D111A,-12.801600,15.268380
D111A,-12.670550,13.865760
D111A,-12.467340,14.777330
D111A,-11.800750,13.594510
D111A,-12.336660,13.664230
D111A,-12.586850,14.873200
D111A,-12.938900,15.382280
D111A,-12.823580,15.680070
D111A,-12.020420,15.702570
D111A,-11.886170,14.900740
D111A,-12.423240,14.651660
D111A,-12.200890,16.469390
D111A,-12.691200,16.343390
D111A,-12.594780,15.494610
D111A,-11.671220,15.192710
D111A,-12.462660,16.122140
D111A,-12.629310,15.232750
D111A,-11.976770,14.514120
D111A,-12.100300,15.448670
D111A,-12.258400,15.860970
D111A,-11.903620,15.639390
D111A,-11.511670,14.683940
D111A,-11.956410,14.317550
D111A,-11.567960,13.492010
D111A,-11.527460,14.765140
D111A,-11.362800,14.808040
D111A,-11.052660,14.617710
D111A,-11.975840,16.061060
D111A,-11.916910,15.619350
D111A,-11.687160,15.567670
D111A,-11.552020,16.168060
D111A,-11.765970,16.025000
D111A,-11.506960,14.978570
D111A,-11.639340,15.596300
D111A,-11.481660,14.977810
D111A,-10.968900,15.023930
D111A,-11.524540,15.424420
D111A,-11.142150,15.120910
D111A,-11.380410,14.304300
D111A,-11.930730,15.307910
D111A,-12.246370,15.478220
D111A,-11.671590,16.077300
D111A,-11.627660,15.371460
D111A,-11.807210,15.723350
T110A_D111A,-9.531590,5.851050
T110A_D111A,-8.885190,6.623760
T110A_D111A,-9.515830,4.557160
T110A_D111A,-9.273220,5.922320
T110A_D111A,-8.964000,6.957100
T110A_D111A,-8.030630,7.375630
T110A_D111A,-8.348190,7.263510
T110A_D111A,-8.579050,6.831490
T110A_D111A,-9.487010,6.238140
T110A_D111A,-8.499070,7.118780
T110A_D111A,45.330730,-1.372540
T110A_D111A,-8.147890,6.599910
T110A_D111A,-8.678710,6.440240
T110A_D111A,-9.830190,5.593830
T110A_D111A,-8.854290,5.677390
T110A_D111A,-8.530140,6.016390
T110A_D111A,-8.844270,5.150010
T110A_D111A,-8.798080,5.703080
T110A_D111A,-8.001650,6.215570
T110A_D111A,-9.265770,5.657960
T110A_D111A,-8.899210,5.124980
T110A_D111A,-8.559670,6.095280
T110A_D111A,-8.490160,6.630170
T110A_D111A,-8.855240,6.600360
T110A_D111A,-8.444540,6.675170
T110A_D111A,-6.208590,9.296340
T110A_D111A,-6.638210,8.734500
T110A_D111A,-7.452100,7.786840
T110A_D111A,-7.451570,7.211260
T110A_D111A,-6.549530,8.287020
T110A_D111A,-6.849100,8.464140
T110A_D111A,-6.528490,9.111320
T110A_D111A,-6.343420,8.805030
T110A_D111A,-8.005830,7.495580
T110A_D111A,-7.874710,7.252970
T110A_D111A,-7.895050,6.753900
T110A_D111A,-8.239960,6.548600
T110A_D111A,-7.167980,7.968990
T110A_D111A,-8.205900,7.053220
T110A_D111A,-9.028970,5.571680
T110A_D111A,-9.083210,5.663850
T110A_D111A,-8.304910,6.333430
T110A_D111A,-9.029800,5.486130
T110A_D111A,-8.441920,5.821060
T110A_D111A,-9.398670,5.943680
T110A_D111A,-9.904290,4.937760
T110A_D111A,-9.238030,5.201980
T110A_D111A,-9.834250,4.595150
T110A_D111A,-9.383960,5.457350
T110A_D111A,-9.755290,4.142960
T110A_D111A,-10.200860,4.750630
T110A_D111A,-12.240100,2.205250
T110A_D111A,-11.454330,2.739820
T110A_D111A,-11.600520,3.236590
T110A_D111A,-11.624060,2.764380
T110A_D111A,-11.003010,3.483250
T110A_D111A,-11.582990,3.381200
T110A_D111A,-10.855060,4.076610
T110A_D111A,-10.280220,4.897600
T110A_D111A,-9.977500,4.085120
T110A_D111A,-10.544330,4.366580
T110A_D111A,-9.289520,5.273090
T110A_D111A,-7.994000,6.589540
T110A_D111A,-7.342000,7.245360
T110A_D111A,-8.622850,5.223870
T110A_D111A,-8.434940,5.222860
T110A_D111A,-9.485650,4.884890
T110A_D111A,-9.115460,5.419750
T110A_D111A,-8.710800,5.508800
T110A_D111A,-10.021860,4.661040
T110A_D111A,-7.856990,6.131190
T110A_D111A,-8.555870,6.998450
T110A_D111A,-7.755490,7.144040
T110A_D111A,-8.775170,6.193850
T110A_D111A,-8.854800,5.405050
T110A_D111A,-8.381540,4.904300
T110A_D111A,-8.386470,5.064680
T110A_D111A,-7.642280,6.155380
T110A_D111A,-7.674290,5.302870
T110A_D111A,-7.882630,6.363420
T110A_D111A,-8.999280,4.964530
T110A_D111A,-7.993050,5.621780
T110A_D111A,-8.320480,5.238080
T110A_D111A,-8.486840,4.802620
T110A_D111A,-9.142410,3.917140
T110A_D111A,-9.147320,5.785600
T110A_D111A,-8.832620,5.346060
T110A_D111A,-10.135050,4.681460
T110A_D111A,-9.245640,5.305620
T110A_D111A,-8.704140,6.231690
T110A_D111A,-9.013320,5.745730
T110A_D111A,-8.693980,5.587840
T110A_D111A,-7.739230,6.616340
T110A_D111A,-6.637630,7.518480
T110A_D111A,-7.259440,6.746670
T110A_D111A,-6.604420,6.022830
T110A_D111A,-8.209400,4.446620
T110A_D111A,-8.694890,4.473090
T110A_D111A,42.780740,-22.157610
T110A_D111A,-7.107680,5.890730
T110A_D111A,42.260320,-25.097440
T110A_D111A,-8.329750,5.763840
T110A_D111A,-7.360630,5.952600
T110A_D111A,40.370860,-26.104860
T110A_D111A,40.839080,-26.263870
T110A_D111A,-8.292930,5.589200
T110A_D111A,42.177750,-25.073860
T110A_D111A,-8.248370,5.225930
T110A_D111A,-6.753260,7.524480
T110A_D111A,-8.643100,5.052620
T110A_D111A,-6.062720,6.607150
T110A_D111A,-8.741980,5.390440
T110A_D111A,-8.076910,5.304510
T110A_D111A,-8.959920,5.531820
T110A_D111A,-8.118640,6.589150
T110A_D111A,42.279300,-24.660770
T110A_D111A,-9.154600,6.579620
T110A_D111A,-9.738560,6.345340
T110A_D111A,-9.718650,5.882500
T110A_D111A,-9.986290,5.102310
T110A_D111A,-10.059390,5.040720
T110A_D111A,-10.181240,5.847810
T110A_D111A,-9.902290,5.342520
T110A_D111A,-10.562390,4.864310
T110A_D111A,-11.012190,5.195970
T110A_D111A,-10.899940,5.120190
T110A_D111A,-10.682240,5.361730
T110A_D111A,43.260040,-19.123780
T110A_D111A,-10.856930,3.423580
T110A_D111A,44.280190,-16.150690
T110A_D111A,-10.545150,4.342400
T110A_D111A,45.011660,-16.463890
T110A_D111A,-11.088940,3.410930
T110A_D111A,-9.547350,2.896360
T110A_D111A,45.112810,-21.670450
T110A_D111A,-10.082110,2.976740
T110A_D111A,-10.580360,3.803430
T110A_D111A,-11.176480,3.687320
T110A_D111A,-11.074390,2.996370
T110A_D111A,-10.802980,4.240000
T110A_D111A,-11.024570,5.472890
T110A_D111A,-10.722460,4.682190
T110A_D111A,-10.041560,6.122620
T110A_D111A,-10.917060,4.752010
T110A_D111A,44.642800,-14.515330
T110A_D111A,43.693840,-22.114260
T110A_D111A,44.125140,-19.362320
T110A_D111A,-11.174740,5.262040
T110A_D111A,-11.123490,5.408610
T110A_D111A,-9.768770,5.451860
T110A_D111A,-10.112460,4.521740
T110A_D111A,-9.487480,4.478910
T110A_D111A,-10.299580,3.963620
T110A_D111A,-11.522950,3.659360
T110A_D111A,-10.690150,4.698310
T110A_D111A,-10.867610,4.223590
T110A_D111A,-9.202660,4.985890
T110A_D111A,-10.156920,4.804610
T110A_D111A,-9.985350,4.762840
T110A_D111A,-9.933710,4.140590
T110A_D111A,-9.066780,4.941830
T110A_D111A,-10.571450,4.775950
T110A_D111A,-9.895070,4.216130
T110A_D111A,-10.587650,3.689780
T110A_D111A,-11.109720,3.011970
T110A_D111A,-11.278010,3.199230
T110A_D111A,-11.054330,3.709520
T110A_D111A,-10.495720,3.425960
T110A_D111A,-9.469870,4.757550
T110A_D111A,-9.210610,4.618760
T110A_D111A,-10.414210,4.402540
T110A_D111A,-10.914970,4.143990
T110A_D111A,-10.189320,4.544020
T110A_D111A,-10.378470,3.014900
T110A_D111A,-10.154380,3.596630
T110A_D111A,-9.159420,4.659230
T110A_D111A,-9.808510,4.110870
T110A_D111A,-9.990650,3.473810
T110A_D111A,-10.375100,3.070640
T110A_D111A,-10.521470,2.970640
T110A_D111A,-8.417720,5.609000
T110A_D111A,-8.235540,4.428170
T110A_D111A,-8.148240,5.049270
T110A_D111A,45.045120,-14.412510
T110A_D111A,45.187270,-15.671150
T110A_D111A,-9.753620,5.456790
T110A_D111A,-10.323200,3.795040
T110A_D111A,-10.086330,4.567440
T110A_D111A,-9.803950,4.304870
T110A_D111A,-7.943430,6.048930
T110A_D111A,-8.718970,6.049220
T110A_D111A,-8.810970,5.909380
T110A_D111A,-7.546120,6.365300
T110A_D111A,-8.190490,6.025860
T110A_D111A,-9.187040,5.507640
T110A_D111A,-8.425990,6.234910
T110A_D111A,-8.735030,5.692340
T110A_D111A,-9.133870,5.414830
T110A_D111A,-9.796090,4.470680
T110A_D111A,-9.259660,5.304420
T110A_D111A,-9.230460,4.852480
T110A_D111A,-8.488470,6.009410
T110A_D111A,-8.148500,6.118610
T110A_D111A,-6.985160,8.413380
T110A_D111A,42.023700,-19.632580
T110A_D111A,-6.432360,8.243740
T110A_D111A,-7.777660,6.561760
T110A_D111A,-7.806600,6.537020
T110A_D111A,-7.317840,7.185660
T110A_D111A,-7.097540,7.946910
T110A_D111A,42.167040,-22.624180
T110A_D111A,-8.901810,6.291810
T110A_D111A,-9.060340,5.561500
T110A_D111A,-9.150420,4.751870
T110A_D111A,-10.866980,4.334960
T110A_D111A,-10.687810,4.005190
T110A_D111A,-10.363650,4.864980
T110A_D111A,-9.674270,5.317990
T110A_D111A,-8.394390,6.998470
T110A_D111A,-10.479840,4.212670
T110A_D111A,-8.657470,5.854960
T110A_D111A,-8.701870,6.458660
T110A_D111A,-8.750130,6.490960
T110A_D111A,-8.999440,7.008930
T110A_D111A,-9.143520,6.583430
T110A_D111A,-8.721000,6.703750
T110A_D111A,-8.206910,7.071390
T110A_D111A,-8.955050,6.781070
T110A_D111A,-9.196890,6.313430
T110A_D111A,-9.239800,5.933570
T110A_D111A,-11.284790,4.327570
T110A_D111A,-11.026770,4.550960
T110A_D111A,-10.089120,5.112740
T110A_D111A,-10.307340,4.792980
T110A_D111A,-9.017700,6.711720
T110A_D111A,-9.114580,6.185110
T110A_D111A,-9.088440,6.322880
T110A_D111A,-9.745860,5.225880
T110A_D111A,-9.911970,5.720560
T110A_D111A,-10.212870,5.364420
T110A_D111A,-9.754600,5.494880
T110A_D111A,-10.149740,4.896110
T110A_D111A,-9.512010,5.093030
T110A_D111A,-10.064590,5.521400
T110A_D111A,-10.189830,4.809650
T110A_D111A,-9.819020,6.517420
T110A_D111A,-9.418440,6.408890
T110A_D111A,-9.647960,5.817950
T110A_D111A,-10.742150,4.127750
T110A_D111A,44.412750,-23.724580
T110A_D111A,-9.984940,5.630750
T110A_D111A,45.416950,-16.553830
T110A_D111A,43.692420,-14.289190
T110A_D111A,44.420370,-11.726980
T110A_D111A,45.069480,-13.163420
T110A_D111A,45.651840,-16.354330
T110A_D111A,45.282740,-19.348560
T110A_D111A,44.873880,-20.788190
T110A_D111A,44.406560,-21.262910
T110A_D111A,43.648990,-26.364050
T110A_D111A,44.864360,-23.058480
T110A_D111A,43.858660,-25.818950
T110A_D111A,-10.341080,5.725620
T110A_D111A,-11.279660,4.377530
T110A_D111A,43.961900,-23.723670
T110A_D111A,44.499180,-28.308340
T110A_D111A,44.255060,-28.376050
T110A_D111A,44.259870,-28.197020
T110A_D111A,44.248670,-28.666200
T110A_D111A,44.530040,-26.674220
T110A_D111A,-10.261520,5.729360
T110A_D111A,44.442620,-28.555170
T110A_D111A,42.970310,-26.943580
T110A_D111A,44.641700,-27.958720
T110A_D111A,44.009330,-26.855830
T110A_D111A,-9.793040,6.048330
T110A_D111A,44.372900,-24.027450
T110A_D111A,-10.586850,5.830620
T110A_D111A,-10.443540,5.872060
T110A_D111A,45.231370,-24.113800
T110A_D111A,-10.414700,5.139580
T110A_D111A,-11.163430,4.420120
T110A_D111A,46.600340,-25.280790
T110A_D111A,-11.574300,3.870330
T110A_D111A,-11.800750,4.018020
T110A_D111A,-11.142070,3.786650
T110A_D111A,-11.596240,2.878440
T110A_D111A,-10.982020,3.466000
T110A_D111A,-11.076700,4.063710
T110A_D111A,-9.842510,5.127280
T110A_D111A,-9.584240,5.842190
T110A_D111A,-10.242640,5.571200
T110A_D111A,-10.889200,5.799030
T110A_D111A,-10.214750,5.367350
T110A_D111A,-11.176410,4.439840
T110A_D111A,-11.910330,4.328630
T110A_D111A,-11.085920,5.871040
T110A_D111A,-11.102470,6.030710
T110A_D111A,-10.993820,5.879390
T110A_D111A,-10.457780,6.193800
T110A_D111A,-11.047760,5.015010
T110A_D111A,-10.837770,5.051060
T110A_D111A,-10.798290,5.327700
T110A_D111A,-10.462050,5.858510
T110A_D111A,-10.317740,5.167630
T110A_D111A,-10.461810,5.094080
T110A_D111A,-10.198020,4.283710
T110A_D111A,-11.144710,3.908880
T110A_D111A,-10.271050,5.250460
T110A_D111A,-10.048770,5.359710
T110A_D111A,-11.459350,4.409150
T110A_D111A,-11.436810,4.296130
T110A_D111A,-10.386320,5.654600
T110A_D111A,-10.569740,4.443200
T110A_D111A,-10.890200,4.832050
T110A_D111A,-11.053410,5.136700
T110A_D111A,-10.855810,4.228310
T110A_D111A,-10.481470,4.990190
T110A_D111A,-10.704080,3.926830
T110A_D111A,-11.887270,3.669570
T110A_D111A,-11.796840,4.011100
T110A_D111A,-11.807220,3.787520
T110A_D111A,-11.697220,4.668630
T110A_D111A,-10.868340,5.572830
T110A_D111A,-11.451560,4.366670
T110A_D111A,-11.088810,5.150800
T110A_D111A,-11.294220,5.298850
T110A_D111A,-11.415560,5.726270
T110A_D111A,-11.645100,4.257610
T110A_D111A,-11.367090,4.477700
T110A_D111A,-10.777520,4.912200
T110A_D111A,-10.980940,4.182980
T110A_D111A,-12.273530,3.412590
T110A_D111A,-11.987410,3.611930
T110A_D111A,-11.478120,4.251340
T110A_D111A,-11.570410,3.043080
T110A_D111A,-11.114660,3.916740
T110A_D111A,-11.628670,3.221650
T110A_D111A,-11.084130,3.490660
T110A_D111A,-10.730980,3.786200
T110A_D111A,-11.432670,3.141730
T110A_D111A,-11.507150,3.260140
T110A_D111A,-11.367670,4.006090
T110A_D111A,-11.868720,2.439180
T110A_D111A,-12.023380,2.810750
T110A_D111A,-12.023020,2.177450
T110A_D111A,-12.181760,0.956760
T110A_D111A,-11.823720,1.768490
T110A_D111A,-12.718450,2.850000
T110A_D111A,-11.961710,2.290710
T110A_D111A,-11.775520,3.143890
T110A_D111A,-11.642890,2.464970
T110A_D111A,-11.870830,2.525830
T110A_D111A,-12.588220,1.868560
T110A_D111A,-12.011150,2.166940
T110A_D111A,-12.212310,2.104420
T110A_D111A,-12.693190,1.201110
T110A_D111A,-12.668540,0.951870
T110A_D111A,-12.539980,0.888150
T110A_D111A,-11.918950,1.787970
T110A_D111A,-12.206950,0.613180
T110A_D111A,-12.505560,0.915330
T110A_D111A,-11.543060,2.111800
T110A_D111A,-11.118810,1.262020
T110A_D111A,-11.380950,1.512840
T110A_D111A,-11.927800,1.168970
T110A_D111A,-12.307040,0.810870
T110A_D111A,-12.316770,0.921260
T110A_D111A,-12.517220,-0.270900
T110A_D111A,-13.907490,-0.606980
T110A_D111A,-13.495390,-1.371700
T110A_D111A,-13.017550,-1.346900
T110A_D111A,-14.051770,-0.771070
T110A_D111A,-13.664600,-1.911140
T110A_D111A,-13.423460,-1.822480
T110A_D111A,-13.523750,-0.953190
T110A_D111A,-13.895480,-1.801450
T110A_D111A,-13.514190,-1.442430
T110A_D111A,-12.700160,-1.275230
T110A_D111A,48.655310,4.756590
T110A_D111A,-14.145680,-1.780970
T110A_D111A,47.700460,3.434960
T110A_D111A,47.125550,3.925980
T110A_D111A,47.661950,5.455130
T110A_D111A,47.534160,5.757850
T110A_D111A,47.541070,5.504990
T110A_D111A,48.014390,6.005650
T110A_D111A,-13.283970,-0.920990
T110A_D111A,45.809620,0.011120
T110A_D111A,-12.762790,-1.901490
T110A_D111A,47.877130,3.971390
T110A_D111A,-13.116830,-1.277730
T110A_D111A,-13.155790,-0.964570
T110A_D111A,-13.686450,-0.873020
T110A_D111A,-13.757300,-1.192120
T110A_D111A,50.521470,10.069830
T110A_D111A,49.654790,4.837570
T110A_D111A,48.659440,5.800990
T110A_D111A,-13.861200,-1.260540
T110A_D111A,-14.045370,-1.549810
T110A_D111A,-14.205160,-1.176880
T110A_D111A,49.371280,8.798790
T110A_D111A,-14.062380,-1.209280
T110A_D111A,49.748260,8.871760
T110A_D111A,49.039100,5.146670
T110A_D111A,50.515530,10.023880
T110A_D111A,48.118240,4.243250
T110A_D111A,46.947870,-1.974040
T110A_D111A,45.979650,-4.257800
T110A_D111A,45.517840,-5.538550
T110A_D111A,-14.616750,-0.683220
T110A_D111A,-14.085480,0.044150
T110A_D111A,44.338440,-8.421740
T110A_D111A,-13.580400,-0.911750
T110A_D111A,40.523500,-8.092260
T110A_D111A,41.392360,-8.982490
T110A_D111A,-13.729910,-0.794490
T110A_D111A,-13.984360,-0.848930
T110A_D111A,-14.279180,-0.769620
T110A_D111A,-14.095840,-0.246400
T110A_D111A,-14.731600,-1.573360
T110A_D111A,-14.375430,-1.237880
T110A_D111A,-13.986970,-1.073970
T110A_D111A,-14.234960,-1.398890
T110A_D111A,-14.450440,-1.319690
T110A_D111A,-14.117590,-0.703460
T110A_D111A,-14.105710,-0.789080
T110A_D111A,-13.391990,-0.400970
T110A_D111A,-13.911040,-0.395770
T110A_D111A,-13.554230,-0.317350
T110A_D111A,-12.707860,-0.151070
T110A_D111A,-13.630990,-0.483140
T110A_D111A,-13.630140,-1.120990
T110A_D111A,-14.010080,-1.002490
T110A_D111A,-13.574280,-0.712760
T110A_D111A,-13.967020,-1.323330
T110A_D111A,-14.051930,-0.212310
T110A_D111A,-14.004490,-0.404840
T110A_D111A,-13.480110,-0.313460
T110A_D111A,-14.317420,-0.455640
T110A_D111A,-14.148510,-0.955410
T110A_D111A,-14.101150,-1.109730
T110A_D111A,-14.246250,-0.320210
T110A_D111A,-14.073460,-0.695300
T110A_D111A,-13.660720,-0.376200
T110A_D111A,-13.643150,-1.154030
T110A_D111A,-14.178790,-0.808420
T110A_D111A,-13.962280,-0.643710
T110A_D111A,-14.054940,-0.687170
T110A_D111A,-14.251790,-0.788740
T110A_D111A,-14.275020,-0.852540
T110A_D111A,-14.220730,-0.735780
T110A_D111A,-14.391820,-0.938580
T110A_D111A,-14.208820,-1.161060
T110A_D111A,-14.525270,-1.132090
T110A_D111A,-14.036320,-0.735710
T110A_D111A,-13.979010,-0.867260
T110A_D111A,-13.719800,-0.674230
T110A_D111A,-14.072140,-0.471200
T110A_D111A,-14.326350,-1.000040
T110A_D111A,-13.891420,-0.534890
T110A_D111A,-14.358140,-0.958690
T110A_D111A,-13.931430,-0.479340
T110A_D111A,-14.404610,-0.674700
T110A_D111A,-14.397790,-0.566490
T110A_D111A,-14.325380,-1.205920
T110A_D111A,-14.228470,-1.167260
T110A_D111A,-14.248240,-1.147470
T110A_D111A,-14.107120,-0.682610
T110A_D111A,-14.050410,-1.022310
T110A_D111A,-14.116990,-1.000990
T110A_D111A,-14.223750,-0.783620
T110A_D111A,-14.360280,-1.358640
T110A_D111A,-14.322630,-1.189880
T110A_D111A,-14.439320,-0.797860
T110A_D111A,-14.216610,-0.953360
T110A_D111A,-14.276490,-1.256450
T110A_D111A,-14.131600,-1.277770
T110A_D111A,-14.342150,-1.546570
T110A_D111A,-14.218200,-1.220420
T110A_D111A,-14.023210,-1.486490
T110A_D111A,-14.033950,-1.359360
T110A_D111A,-14.386400,-1.421990
T110A_D111A,-14.503650,-1.015570
T110A_D111A,-14.258050,-1.062210
T110A_D111A,-14.562250,-1.565200
T110A_D111A,-14.098610,-1.156270
T110A_D111A,-14.182640,-1.292360
T110A_D111A,-13.864250,-1.260120
T110A_D111A,-14.149540,-0.686580
T110A_D111A,-13.916650,-0.939930
T110A_D111A,-14.206660,-1.123240
T110A_D111A,-14.063450,-0.866340
T110A_D111A,-14.327120,-1.045430
T110A_D111A,48.115090,-21.906290
T110A_D111A,-13.918090,-1.155510
T110A_D111A,-14.065260,-0.811500
T110A_D111A,-13.739560,-1.204880
T110A_D111A,-13.400620,-0.571790
T110A_D111A,-13.107720,0.388090
T110A_D111A,-13.542900,-0.696930
T110A_D111A,-13.809790,-0.150910
T110A_D111A,-14.110100,-1.025510
T110A_D111A,-13.815700,-1.272550
T110A_D111A,-13.860530,-0.428390
T110A_D111A,-13.763770,-1.196250
T110A_D111A,-13.100300,-0.617500
T110A_D111A,-13.583800,-1.464940
T110A_D111A,-13.679840,-0.568220
T110A_D111A,-14.108090,-0.868240
T110A_D111A,-13.930350,-0.736990
T110A_D111A,-13.847910,-0.508800
T110A_D111A,-13.901540,-0.538870
T110A_D111A,-13.575870,-1.207200
T110A_D111A,-14.365260,-1.247340
T110A_D111A,-13.697620,-0.487540
T110A_D111A,47.349720,-31.408880
T110A_D111A,47.966700,-31.524760
T110A_D111A,47.798570,-31.559930
T110A_D111A,47.396870,-30.852940
T110A_D111A,-13.693490,-0.614330
T110A_D111A,46.570300,-31.205900
T110A_D111A,46.740200,-29.124580
T110A_D111A,47.274480,-25.446650
T110A_D111A,47.691330,-28.018310
T110A_D111A,48.604720,-22.648920
T110A_D111A,48.804330,-16.501930
T110A_D111A,48.483630,-20.479760
T110A_D111A,-13.288520,-0.576400
T110A_D111A,48.785440,-26.501890
T110A_D111A,-13.725360,-1.052300
T110A_D111A,-13.515010,-1.065180
T110A_D111A,-13.429920,-1.275610
T110A_D111A,-13.842640,-0.402630
T110A_D111A,-14.274240,-0.862710
T110A_D111A,47.871380,-11.674580
T110A_D111A,47.748010,-16.780510
T110A_D111A,46.864940,-10.620400
T110A_D111A,47.756530,-8.127510
T110A_D111A,47.315600,-13.772920
T110A_D111A,47.814580,-16.528410
T110A_D111A,48.041500,-3.032580
T110A_D111A,47.958000,-9.684710
T110A_D111A,48.061130,-8.854060
T110A_D111A,48.298270,-14.620180
T110A_D111A,47.735100,-19.453980
T110A_D111A,48.088230,-19.103170
T110A_D111A,48.652870,-7.630330
T110A_D111A,47.812810,-8.692220
T110A_D111A,47.246560,-18.296340
T110A_D111A,49.055100,-5.000220
T110A_D111A,49.532960,8.710350
T110A_D111A,49.050240,5.072390
T110A_D111A,49.097210,25.337200
T110A_D111A,48.986430,28.949230
T110A_D111A,49.260040,13.644190
T110A_D111A,49.268780,14.440480
T110A_D111A,49.680230,11.711260
T110A_D111A,49.137170,-0.186010
T110A_D111A,47.181490,-25.925880
T110A_D111A,47.119400,-25.628420
T110A_D111A,46.007790,-28.394310
T110A_D111A,47.243580,-24.186760
T110A_D111A,49.027360,-12.732340
T110A_D111A,47.660040,-23.714320
T110A_D111A,46.968990,-29.107560
T110A_D111A,46.299970,-24.988130
T110A_D111A,47.022680,1.685350
T110A_D111A,48.008780,17.529730
T110A_D111A,45.786460,-25.261350
T110A_D111A,47.245860,27.189500
T110A_D111A,47.242970,4.207300
T110A_D111A,49.588730,29.733370
T110A_D111A,50.084760,21.402720
T110A_D111A,50.682640,14.345110
T110A_D111A,48.972650,-7.184470
T110A_D111A,48.908310,-17.342030
T110A_D111A,47.048820,-14.819620
T110A_D111A,46.805130,-5.936780
T110A_D111A,50.279350,27.959120
T110A_D111A,49.974430,27.359950
T110A_D111A,46.524170,-7.432370
T110A_D111A,47.371280,6.053140
T110A_D111A,50.932980,25.312060
T110A_D111A,49.235440,-11.089240
T110A_D111A,46.089570,-25.033190
T110A_D111A,47.532350,-24.070690
T110A_D111A,47.254960,-26.533660
T110A_D111A,47.253440,-30.595940
T110A_D111A,47.481470,-28.557540
T110A_D111A,47.303410,-24.829210
T110A_D111A,46.846700,-30.632270
T110A_D111A,47.089790,-29.542120
T110A_D111A,-13.851270,-0.536770
T110A_D111A,48.076160,-17.393100
T110A_D111A,47.435760,-26.559040
T110A_D111A,46.754250,-29.960010
T110A_D111A,46.830630,-31.065530
T110A_D111A,46.901020,-30.350030
T110A_D111A,49.301220,-8.269700
T110A_D111A,49.640410,29.539530
T110A_D111A,49.202960,-9.966060
T110A_D111A,49.342640,-7.211070
T110A_D111A,47.034300,-26.156310
T110A_D111A,50.498330,24.441350
T110A_D111A,48.500660,30.407120
T110A_D111A,50.666860,4.587350
T110A_D111A,50.234830,28.926000
T110A_D111A,51.313180,24.324900
T110A_D111A,48.839230,30.731950
T110A_D111A,49.155750,24.424100
T110A_D111A,47.943160,29.326250
T110A_D111A,48.355220,28.747620
T110A_D111A,47.513450,31.275720
T110A_D111A,48.143610,22.997610
T110A_D111A,46.535290,30.252220
T110A_D111A,45.612800,31.957740
T110A_D111A,45.682690,32.672350
T110A_D111A,-14.402220,-1.397890
T110A_D111A,46.034900,29.983390
T110A_D111A,-14.102120,-1.596870
T110A_D111A,47.210300,19.464450
T110A_D111A,-14.075290,-1.202300
T110A_D111A,-14.419590,-1.960820
T110A_D111A,47.490240,17.173560
T110A_D111A,47.541430,16.164190
T110A_D111A,-14.649400,-1.177660
T110A_D111A,-14.339160,-0.960460
T110A_D111A,47.573100,5.599300
T110A_D111A,47.600620,4.189810
T110A_D111A,47.809470,19.099470
T110A_D111A,47.617450,6.764180
T110A_D111A,-14.766420,-1.968800
T110A_D111A,-14.434100,-1.066030
T110A_D111A,-14.569710,-1.236930
T110A_D111A,48.036760,-1.000100
T110A_D111A,48.013080,-6.673440
T110A_D111A,-14.035760,-1.240060
T110A_D111A,46.847080,30.404170
T110A_D111A,-14.369620,-0.916870
T110A_D111A,47.685240,-5.943790
T110A_D111A,46.848360,29.907180
T110A_D111A,47.839570,22.161400
T110A_D111A,47.434940,26.912820
T110A_D111A,45.839390,32.014170
T110A_D111A,47.930920,26.047560
T110A_D111A,46.952550,29.066310
T110A_D111A,46.352260,31.563100
T110A_D111A,48.109130,13.726270
T110A_D111A,47.932610,7.758020
T110A_D111A,48.177090,28.882520
T110A_D111A,48.350550,28.215900
T110A_D111A,48.419580,28.726410
T110A_D111A,48.893500,15.593050
T110A_D111A,49.942600,24.714670
T110A_D111A,49.993340,21.453360
T110A_D111A,49.325900,29.450100
T110A_D111A,49.013510,28.975750
T110A_D111A,48.924150,26.053250
T110A_D111A,48.959790,27.332640
T110A_D111A,47.640920,29.559880
T110A_D111A,45.359550,-23.436980
T110A_D111A,47.720850,31.495590
T110A_D111A,46.266020,26.965000
T110A_D111A,43.139760,23.146570
T110A_D111A,-13.904090,-0.267840
T110A_D111A,-14.033100,-0.391160
T110A_D111A,43.348170,14.186620
T110A_D111A,42.867480,15.185960
T110A_D111A,-13.900500,-0.875970
T110A_D111A,-14.449400,-0.187540
T110A_D111A,43.664200,24.329120
T110A_D111A,-13.842390,0.088210
T110A_D111A,-14.085820,-0.694010
T110A_D111A,-13.885810,-0.720360
T110A_D111A,47.114730,-26.555630
T110A_D111A,-14.072610,-0.751650
T110A_D111A,-14.353030,-0.994740
T110A_D111A,-14.006360,-0.539270
T110A_D111A,49.636810,11.164960
T110A_D111A,46.551860,28.788770
T110A_D111A,-14.273420,-0.240810
T110A_D111A,48.965710,-16.882630
T110A_D111A,-14.474740,-0.752350
T110A_D111A,-14.338600,-0.311040
T110A_D111A,-14.133010,-0.865850
T110A_D111A,-14.205240,-0.605040
T110A_D111A,-13.644160,-0.549840
T110A_D111A,-13.631620,-0.749330
T110A_D111A,-14.080110,-0.816220
T110A_D111A,50.797580,22.505060
T110A_D111A,45.887260,-6.529520
T110A_D111A,48.119920,22.206640
T110A_D111A,43.888370,-8.019070
T110A_D111A,47.286230,21.156160
T110A_D111A,-14.397190,-0.246030
T110A_D111A,51.280160,5.721160
T110A_D111A,51.423820,24.275330
T110A_D111A,47.352420,-11.439290
T110A_D111A,51.370370,23.886710
T110A_D111A,50.573780,23.719950
T110A_D111A,49.299130,16.573650
T110A_D111A,50.130780,16.668330
T110A_D111A,50.564460,24.102620
T110A_D111A,49.280450,16.753300
T110A_D111A,-14.112390,-1.448280
T110A_D111A,50.466580,27.644900
T110A_D111A,50.563590,25.366010
T110A_D111A,49.916960,27.407390
T110A_D111A,49.278640,27.859950
T110A_D111A,50.180910,24.021380
T110A_D111A,50.971080,25.316830
T110A_D111A,51.137940,24.177550
T110A_D111A,50.883630,22.697230
T110A_D111A,51.567320,21.131780
T110A_D111A,-14.009370,-1.231680
T110A_D111A,-14.104560,-1.759070
T110A_D111A,-14.161280,-1.249410
T110A_D111A,-14.334020,-0.823670
T110A_D111A,51.816190,23.972220
T110A_D111A,48.117330,11.149580
T110A_D111A,-14.852830,-1.123370
T110A_D111A,-14.548110,-1.400240
T110A_D111A,-14.637640,-1.432750
T110A_D111A,48.339380,20.015070
T110A_D111A,45.987190,-24.656900
T110A_D111A,46.003220,-25.773620
T110A_D111A,48.942490,-7.774140
T110A_D111A,49.212810,29.408080
T110A_D111A,-14.685820,-1.858510
T110A_D111A,-14.470560,-2.635440
T110A_D111A,-14.272310,-2.272420
T110A_D111A,-14.664060,-2.035240
T110A_D111A,-15.086630,-1.703290
T110A_D111A,-14.751230,-1.769060
T110A_D111A,-14.263740,-2.282070
T110A_D111A,45.882120,-21.461070
T110A_D111A,-14.319340,-2.092600
T110A_D111A,48.768640,-8.592780
T110A_D111A,-14.320120,-2.365520
T110A_D111A,-13.979450,-2.022430
T110A_D111A,-14.301490,-1.417850
T110A_D111A,-14.306160,-2.408780
T110A_D111A,-14.323610,-1.680950
T110A_D111A,-14.772820,-1.678810
T110A_D111A,-14.393210,-1.400340
T110A_D111A,-14.384640,-1.626110
T110A_D111A,-14.230580,-1.531350
T110A_D111A,-14.408050,-1.711250
T110A_D111A,-14.617500,-1.751130
T110A_D111A,-14.670070,-1.448470
T110A_D111A,48.282400,-0.084000
T110A_D111A,-14.396010,-1.584590
T110A_D111A,-14.567350,-1.316090
T110A_D111A,-14.345880,-1.991220
T110A_D111A,-14.660210,-2.015340
T110A_D111A,-14.646000,-1.839010
T110A_D111A,-14.624610,-2.073890
T110A_D111A,-14.007640,-2.020070
T110A_D111A,-14.249300,-2.115300
T110A_D111A,-14.603780,-1.779290
T110A_D111A,-13.810400,-1.872370
T110A_D111A,-14.483100,-1.681710
T110A_D111A,-14.081610,-1.799900
T110A_D111A,-14.313720,-1.271410
T110A_D111A,-14.284860,-2.612820
T110A_D111A,-14.021230,-2.408480
T110A_D111A,-14.095370,-2.139450
T110A_D111A,-14.351430,-1.978590
T110A_D111A,-14.460410,-1.576800
T110A_D111A,-14.947900,-1.989890
T110A_D111A,-14.650720,-1.593230
T110A_D111A,-14.742170,-1.064840
T110A_D111A,-14.204310,-1.844210
T110A_D111A,-13.968300,-1.799440
T110A_D111A,-14.168560,-1.078080
T110A_D111A,-13.745250,-0.618130
T110A_D111A,-13.877550,-2.111330
T110A_D111A,-14.121530,-1.791230
T110A_D111A,-13.897790,-1.326640
T110A_D111A,-14.166680,-1.504500
T110A_D111A,-14.095970,-1.762140
T110A_D111A,-13.401690,-1.449290
T110A_D111A,47.928990,-3.860670
T110A_D111A,49.968430,15.489850
T110A_D111A,49.819080,-2.494420
T110A_D111A,51.886510,19.791600
T110A_D111A,51.308960,15.148220
T110A_D111A,51.826700,17.829940
T110A_D111A,50.631280,8.504160
T110A_D111A,49.952030,6.337500
T110A_D111A,50.777630,13.534520
T110A_D111A,51.583350,15.769460
T110A_D111A,49.549890,11.593570
T110A_D111A,49.301680,4.369150
T110A_D111A,49.868320,7.427690
T110A_D111A,-13.914610,-1.896300
T110A_D111A,49.244610,8.017410
T110A_D111A,49.129740,5.065060
T110A_D111A,-12.995840,-2.299460
T110A_D111A,51.216020,15.515900
T110A_D111A,46.608410,-19.560100
T110A_D111A,47.888840,-13.241070
T110A_D111A,47.184640,-15.327420
T110A_D111A,46.774960,-15.250900
T110A_D111A,49.451890,-1.871540
T110A_D111A,50.826970,17.287610
T110A_D111A,50.809080,15.290930
T110A_D111A,50.630170,12.223190
T110A_D111A,49.153780,8.017150
T110A_D111A,49.712110,8.988400
T110A_D111A,49.298780,9.189090
T110A_D111A,-14.109860,-1.446800
T110A_D111A,-14.065760,-2.027000
T110A_D111A,-14.299930,-1.577120
T110A_D111A,49.120360,0.332100
T110A_D111A,50.551190,13.876580
T110A_D111A,49.293990,4.827270
T110A_D111A,48.695400,-1.306180
T110A_D111A,-14.570330,-1.623140
T110A_D111A,-14.077240,-1.929420
T110A_D111A,-14.006510,-1.392490
T110A_D111A,-14.241060,-1.971980
T110A_D111A,-14.032770,-1.618280
T110A_D111A,-14.313030,-2.122270
T110A_D111A,-14.220500,-1.689610
T110A_D111A,-14.409860,-1.228140
T110A_D111A,-14.475300,-1.779340
T110A_D111A,-14.242630,-1.832120
T110A_D111A,-14.489820,-1.803850
T110A_D111A,47.153240,-23.450030
T110A_D111A,48.259250,-16.349550
T110A_D111A,46.709930,-23.854190
T110A_D111A,47.086010,-25.870770
T110A_D111A,47.017740,-23.856810
T110A_D111A,-14.901470,-1.861720
T110A_D111A,-14.491250,-1.938300
T110A_D111A,-14.501160,-1.950490
T110A_D111A,-14.714700,-2.107960
T110A_D111A,-14.446920,-1.698060
T110A_D111A,-14.677800,-1.384540
T110A_D111A,46.546580,-30.186200
T110A_D111A,46.255360,-27.514890
T110A_D111A,46.206560,-18.517750
T110A_D111A,45.951130,-9.291840
T110A_D111A,45.622710,-25.296650
T110A_D111A,44.426130,-11.889580
T110A_D111A,46.231040,3.595700
T110A_D111A,49.194220,28.359680
T110A_D111A,46.564690,-7.070600
T110A_D111A,45.645240,-18.234290
T110A_D111A,45.567010,-20.660990
T110A_D111A,48.856200,20.419150
T110A_D111A,48.114000,18.594360
T110A_D111A,48.625170,23.528480
T110A_D111A,45.526640,-11.280900
T110A_D111A,50.000600,-8.115410
T110A_D111A,51.181170,10.923110
T110A_D111A,49.621310,29.908140
T110A_D111A,50.800970,8.386950
T110A_D111A,49.754100,26.993400
T110A_D111A,50.306840,7.667380
T110A_D111A,46.859070,-27.500260
T110A_D111A,47.389480,-22.952410
T110A_D111A,49.985370,19.715640
T110A_D111A,48.833710,-10.322940
T110A_D111A,48.532600,-14.984960
T110A_D111A,47.858450,-23.383560
T110A_D111A,45.788060,-27.502050
T110A_D111A,47.093160,-25.827130
T110A_D111A,48.508170,-13.074300
T110A_D111A,45.454830,5.936180
T110A_D111A,46.474430,-29.321610
T110A_D111A,49.599030,0.404640
T110A_D111A,49.798290,19.373140
T110A_D111A,49.630970,12.511790
T110A_D111A,48.907170,-14.969320
T110A_D111A,47.880370,-27.012590
T110A_D111A,47.255690,-30.134200
T110A_D111A,-15.142090,-1.100110
T110A_D111A,-14.673190,-1.228550
T110A_D111A,46.971430,-31.787580
T110A_D111A,-15.033860,-1.703960
T110A_D111A,-14.375560,-1.279630
T110A_D111A,-14.656220,-0.677130
T110A_D111A,-14.294400,-0.674060
T110A_D111A,47.206870,-28.286770
T110A_D111A,45.947560,-28.838790
T110A_D111A,-14.363920,-0.210800
T110A_D111A,-14.019290,-0.474680
T110A_D111A,-14.332510,-1.121670
T110A_D111A,-14.037770,-1.061000
T110A_D111A,-14.176950,-1.503290
T110A_D111A,-14.582760,-1.497990
T110A_D111A,-14.354890,-1.275730
T110A_D111A,-14.435990,-1.003410
T110A_D111A,-14.111970,-2.089780
T110A_D111A,-14.450300,-1.971280
T110A_D111A,-14.306890,-1.993860
T110A_D111A,-14.394770,-1.319460
T110A_D111A,-13.952930,-1.461710
T110A_D111A,-14.484690,-1.435210
T110A_D111A,-14.509760,-1.842280
T110A_D111A,-14.190530,-0.994450
T110A_D111A,-14.253830,-1.431140
T110A_D111A,-13.551610,-0.949030
T110A_D111A,-14.010110,-1.469570
T110A_D111A,-14.532270,-1.379150
T110A_D111A,-14.514460,-0.922370
T110A_D111A,-14.689980,-1.095990
T110A_D111A,-14.491380,-1.104300
T110A_D111A,-14.860500,-1.573420
T110A_D111A,-14.926400,-1.366730
T110A_D111A,-14.989080,-0.670640
T110A_D111A,-15.167290,-0.143760
T110A_D111A,-14.700240,-0.821400
T110A_D111A,-14.679150,-1.325330
T110A_D111A,-14.882320,-1.371680
T110A_D111A,-14.641350,-1.619190
T110A_D111A,-15.447950,-0.821610
T110A_D111A,-14.681860,-2.438240
T110A_D111A,-14.277560,-2.035260
T110A_D111A,-14.570920,-1.547790
T110A_D111A,-14.770170,-1.487610
T110A_D111A,-14.565560,-1.452630
T110A_D111A,-14.722000,-1.711650
T110A_D111A,-14.178650,-1.394690
T110A_D111A,47.293270,-6.971940
T110A_D111A,47.158650,0.137150
T110A_D111A,-15.030390,-1.727180
T110A_D111A,-14.942600,-1.080710
T110A_D111A,-14.859560,-1.489280
T110A_D111A,-14.624550,-1.189730
T110A_D111A,-14.489500,-1.325440
T110A_D111A,-14.650100,-1.426320
T110A_D111A,-14.637760,-0.830900
T110A_D111A,-14.637530,-0.608530
T110A_D111A,-14.377810,-0.564200
T110A_D111A,-14.699080,-1.117990
T110A_D111A,-15.110060,-1.382730
T110A_D111A,-14.511660,-0.810590
T110A_D111A,-15.198530,-1.146490
T110A_D111A,-15.325370,-1.145680
T110A_D111A,-15.074320,-1.755880
T110A_D111A,-14.704130,-1.674580
T110A_D111A,-14.170000,-1.939920
T110A_D111A,-14.451400,-1.863510
T110A_D111A,-14.417550,-1.274710
T110A_D111A,-14.406160,-1.523490
T110A_D111A,-14.447350,-0.963660
T110A_D111A,-14.184110,-1.700910
T110A_D111A,-14.077160,-1.115300
T110A_D111A,-14.766850,-1.532510
T110A_D111A,-14.286830,-0.998080
T110A_D111A,-14.013100,-1.406640
T110A_D111A,-14.179450,-0.610790
T110A_D111A,-14.587530,-1.061020
T110A_D111A,-14.438010,-1.622760
T110A_D111A,-14.071430,-1.275330
T110A_D111A,-14.069810,-1.187010
T110A_D111A,-14.270920,-1.385510
T110A_D111A,-14.421260,-2.000520
T110A_D111A,-14.060080,-1.094960
T110A_D111A,-13.841120,-1.624910
T110A_D111A,-14.286230,-1.643890
T110A_D111A,-14.340240,-1.209490
T110A_D111A,-14.493130,-0.839250
T110A_D111A,-14.823100,-0.773210
T110A_D111A,-14.555460,-1.375630
T110A_D111A,-14.664940,-0.376280
T110A_D111A,-14.531930,-1.104170
T110A_D111A,-14.654770,-0.759900
T110A_D111A,-14.605270,-0.934460
T110A_D111A,-14.318680,-0.774940
T110A_D111A,-13.992150,-1.001520
T110A_D111A,-14.356380,-0.847600
T110A_D111A,-14.202700,-0.700670
T110A_D111A,-14.029150,-1.029170
T110A_D111A,-14.393620,-0.946200
T110A_D111A,-14.388520,-0.686650
T110A_D111A,-14.037920,-1.049520
T110A_D111A,-14.145260,-1.061720
T110A_D111A,-14.202290,-0.735170
T110A_D111A,-13.948640,-0.674470
T110A_D111A,-14.044460,-0.758640
T110A_D111A,-13.822990,-0.733490
T110A_D111A,-13.587370,-0.375740
T110A_D111A,-14.001860,-0.916610
T110A_D111A,-14.065610,-0.381850
T110A_D111A,-14.220170,-1.190650
T110A_D111A,-14.341320,-0.896170
T110A_D111A,-13.956820,-0.919990
T110A_D111A,-14.116620,-0.384850
T110A_D111A,-13.889460,-0.848830
T110A_D111A,-14.009560,-0.946390
T110A_D111A,-14.109320,-1.617620
T110A_D111A,-13.917280,-1.027900
T110A_D111A,-14.301850,-1.153390
T110A_D111A,-14.078760,-1.259130
T110A_D111A,-14.549750,-1.494230
T110A_D111A,-14.028200,-0.954390
T110A_D111A,-13.960090,-1.808630
T110A_D111A,-13.845160,-1.659390
T110A_D111A,-13.891590,-1.127270
T110A_D111A,-14.190810,-0.837320
T110A_D111A,-14.172290,-0.858130
T110A_D111A,-13.787900,-1.269040
T110A_D111A,-13.901220,-1.509980
T110A_D111A,-13.886020,-1.063040
T110A_D111A,-13.849430,-1.403870
T110A_D111A,-14.077250,-1.678850
T110A_D111A,-14.485630,-0.997860
T110A_D111A,-14.437940,-1.273850
T110A_D111A,-13.698160,-0.863790
T110A_D111A,-13.585510,-0.721010
T110A_D111A,-14.587350,-1.341170
T110A_D111A,-14.286200,-1.460290
T110A_D111A,-14.218650,-1.852070
T110A_D111A,-14.239520,-2.153660
T110A_D111A,-13.642600,-1.011100
T110A_D111A,-14.127590,-1.311610
T110A_D111A,-14.071080,-1.238500
T110A_D111A,46.905750,-31.196100
T110A_D111A,-13.112490,-0.882590
T110A_D111A,-13.931780,-1.250320
T110A_D111A,-13.660520,-0.843130
T110A_D111A,-13.307910,-0.407020
T110A_D111A,-14.167550,-1.428890
T110A_D111A,-13.984560,-0.993260
T110A_D111A,-13.196010,-0.333990
T110A_D111A,-12.985700,0.458040
T110A_D111A,-12.763710,0.149130
T110A_D111A,-13.256030,-0.245070
T110A_D111A,-13.584420,-1.194490
T110A_D111A,-14.644580,-1.687440
T110A_D111A,-13.590650,-1.749910
T110A_D111A,-14.140860,-1.318390
T110A_D111A,40.320050,20.818450
T110A_D111A,-14.054970,-1.435400
T110A_D111A,-14.143400,-1.210520
T110A_D111A,-14.344410,-1.846500
T110A_D111A,-14.483310,-2.223610
T110A_D111A,-14.613810,-2.189520
T110A_D111A,-14.988550,-1.719040
T110A_D111A,-14.381870,-1.481080
T110A_D111A,48.947000,16.678250
T110A_D111A,-14.267390,-1.855110
T110A_D111A,-13.891920,-0.912730
T110A_D111A,47.133750,-16.463430
T110A_D111A,48.012560,6.038180
T110A_D111A,46.248570,30.974350
T110A_D111A,48.023370,29.900100
T110A_D111A,50.222070,5.941470
T110A_D111A,48.053290,-14.756570
T110A_D111A,47.103200,-16.260450
T110A_D111A,45.320410,-20.994530
T110A_D111A,51.212390,9.779620
T110A_D111A,48.921010,29.150250
T110A_D111A,51.184620,6.703790
T110A_D111A,49.885320,28.636840
T110A_D111A,47.588520,25.400880
T110A_D111A,48.629310,28.630230
T110A_D111A,44.084080,16.829460
T110A_D111A,43.247640,20.875340
T110A_D111A,44.355980,26.165040
T110A_D111A,40.351650,12.684510
T110A_D111A,43.982110,27.458270
T110A_D111A,45.262850,28.466250
T110A_D111A,-12.902290,-0.297480
T110A_D111A,46.175900,28.677690
T110A_D111A,45.497680,6.958610
T110A_D111A,43.848640,-26.876590
T110A_D111A,47.872670,18.769980
T110A_D111A,47.918770,25.342820
T110A_D111A,46.513950,29.342130
T110A_D111A,46.585090,-22.968800
T110A_D111A,44.145500,-30.257340
T110A_D111A,44.762110,-27.620260
T110A_D111A,45.813220,12.904830
T110A_D111A,45.656340,7.688290
T110A_D111A,46.952610,27.308940
T110A_D111A,46.349990,30.057110
T110A_D111A,44.289220,17.429590
T110A_D111A,-12.523610,-0.448740
T110A_D111A,-12.419290,-0.658400
T110A_D111A,46.842350,15.833500
T110A_D111A,51.187550,22.844190
T110A_D111A,51.647530,18.825950
T110A_D111A,51.525150,13.981720
T110A_D111A,51.347130,11.144870
T110A_D111A,51.240530,15.346260
T110A_D111A,49.723130,26.827990
T110A_D111A,50.970420,21.499210
T110A_D111A,45.551630,-16.879440
T110A_D111A,50.727260,24.490880
T110A_D111A,51.442150,22.071610
T110A_D111A,51.406170,11.441300
T110A_D111A,49.273200,27.079580
T110A_D111A,51.321490,17.293180
T110A_D111A,-13.382140,-1.105150
T110A_D111A,50.981080,14.539910
T110A_D111A,49.596400,10.832040
T110A_D111A,50.419940,21.184910
T110A_D111A,-13.463450,-0.884440
T110A_D111A,46.643930,-5.174960
T110A_D111A,44.266900,-11.160370
T110A_D111A,44.063230,-12.076750
T110A_D111A,45.226130,-10.669230
T110A_D111A,43.826940,-14.244000
T110A_D111A,50.313800,24.628290
T110A_D111A,48.228160,-5.320730
T110A_D111A,49.547650,-0.687780
T110A_D111A,50.972510,15.540770
T110A_D111A,43.647200,7.383690
T110A_D111A,-14.102500,-1.484360
T110A_D111A,-13.945960,-1.563220
T110A_D111A,-13.504530,-0.363440
T110A_D111A,-14.307290,-0.853370
T110A_D111A,-14.113430,-1.249250
T110A_D111A,-13.831900,-1.417630
T110A_D111A,-13.742820,-1.475720
T110A_D111A,-13.707820,-0.987230
T110A_D111A,-13.724200,-0.361960
T110A_D111A,-13.893690,-0.496020
T110A_D111A,-13.554060,-1.060140
T110A_D111A,-12.964600,0.064220
T110A_D111A,-13.673540,0.122420
T110A_D111A,-13.780360,-0.596680
T110A_D111A,-13.976430,-0.794350
T110A_D111A,-13.521740,-0.884960
T110A_D111A,-13.718110,-1.663520
T110A_D111A,-14.173130,-1.300600
T110A_D111A,-14.376130,-1.431040
T110A_D111A,-14.078320,-1.431210
T110A_D111A,-13.917860,-0.768490
T110A_D111A,-13.628880,-1.293870
T110A_D111A,-13.137070,-0.446900
T110A_D111A,-13.614350,-0.907190
T110A_D111A,-13.594160,-1.317940
T110A_D111A,-13.737710,-0.845920
T110A_D111A,-13.416300,-0.606730
T110A_D111A,-14.243900,-1.622690
T110A_D111A,-13.870100,-1.179730
T110A_D111A,-14.027000,-0.640280
T110A_D111A,-13.524200,-1.093260
T110A_D111A,-13.599720,-0.556950
T110A_D111A,-13.345430,-0.758080
T110A_D111A,-13.950240,-0.865810
T110A_D111A,-14.004440,-1.095030
T110A_D111A,-13.899520,-1.183510
T110A_D111A,-14.105750,-1.535490
T110A_D111A,-14.230800,-1.466620
T110A_D111A,-13.987780,-0.729140
T110A_D111A,-13.660810,-0.655300
T110A_D111A,-13.904820,-1.200120
T110A_D111A,-13.728840,-0.695410
T110A_D111A,-13.733960,-1.736790
T110A_D111A,-14.045180,-0.803750
T110A_D111A,-13.786040,-0.611570
T110A_D111A,-14.163170,-0.394300
T110A_D111A,-14.123520,-0.609460
T110A_D111A,-14.119480,-0.338690
T110A_D111A,-14.279480,-0.478100
T110A_D111A,-14.361420,-1.024620
T110A_D111A,-14.302430,-0.114040
T110A_D111A,-14.059890,-0.169630
T110A_D111A,-13.807340,-0.215330
T110A_D111A,-14.146200,0.199300
T110A_D111A,-13.728270,0.727190
T110A_D111A,-14.110940,-0.117830
T110A_D111A,-13.594040,0.678690
T110A_D111A,-13.812690,0.224250
T110A_D111A,-14.147500,0.509800
T110A_D111A,-14.255490,0.299200
T110A_D111A,-14.035820,0.096800
T110A_D111A,-13.670440,0.489780
T110A_D111A,-14.193350,-0.523640
T110A_D111A,42.338620,-15.815290
T110A_D111A,-14.043170,-0.660260
T110A_D111A,-14.188120,-0.411330
T110A_D111A,-13.893770,-0.832010
T110A_D111A,44.157440,-15.766510
T110A_D111A,42.776010,-18.891560
T110A_D111A,-14.155390,-0.693400
T110A_D111A,40.443610,3.752860
T110A_D111A,39.378780,-3.211970
T110A_D111A,42.373730,23.342430
T110A_D111A,-13.591950,0.167880
T110A_D111A,-13.806550,-0.785000
T110A_D111A,44.131740,32.014350
T110A_D111A,46.855540,32.723210
T110A_D111A,44.526610,28.426390
T110A_D111A,47.517010,31.873330
T110A_D111A,48.557520,28.953120
T110A_D111A,49.493170,21.016890
T110A_D111A,49.343050,27.447870
T110A_D111A,49.855040,14.266120
T110A_D111A,49.724930,8.251040
T110A_D111A,48.247080,-11.936470
T110A_D111A,49.675990,2.469070
T110A_D111A,47.403950,-30.818670
T110A_D111A,47.567220,-26.108870
T110A_D111A,47.191810,-30.131120
T110A_D111A,46.407420,-30.057070
T110A_D111A,46.860220,-28.466820
T110A_D111A,47.928420,-23.569900
T110A_D111A,45.853210,-28.383950
T110A_D111A,51.462880,24.524110
T110A_D111A,46.397850,-26.733770
T110A_D111A,48.244290,6.718380
T110A_D111A,47.496030,-11.996010
T110A_D111A,47.003720,-21.585890
T110A_D111A,47.456340,-12.391630
T110A_D111A,48.782310,3.469750
T110A_D111A,47.521990,-12.440450
T110A_D111A,47.531310,-14.300680
T110A_D111A,47.066860,-20.228280
T110A_D111A,47.172740,-20.846040
T110A_D111A,47.018090,-23.622040
T110A_D111A,47.829290,-18.453990
T110A_D111A,47.645910,-18.369860
T110A_D111A,47.989220,-16.076160
T110A_D111A,47.430180,-15.036960
T110A_D111A,48.682040,-4.850320
T110A_D111A,-13.644460,-1.540790
T110A_D111A,48.721190,-9.897400
T110A_D111A,-14.077600,-1.823110
T110A_D111A,48.788380,-8.891660
T110A_D111A,48.995910,-3.466010
T110A_D111A,-14.713890,-1.792310
T110A_D111A,-14.559180,-2.052280
T110A_D111A,-14.159540,-1.951850
T110A_D111A,-14.013090,-1.481140
T110A_D111A,-14.364010,-0.557990
T110A_D111A,-14.271520,-0.855480
T110A_D111A,-14.200510,-0.944240
T110A_D111A,46.256420,-28.256400
T110A_D111A,-14.097430,-0.952380
T110A_D111A,-14.446170,-1.133800
T110A_D111A,-14.172690,-0.970520
T110A_D111A,-13.712170,-0.408380
T110A_D111A,46.871330,-20.769370
T110A_D111A,-14.111390,-0.245560
T110A_D111A,-14.428410,-0.291570
T110A_D111A,-14.057720,-0.025520
T110A_D111A,-14.231070,0.030360
T110A_D111A,47.350170,-23.122310
T110A_D111A,47.018510,-16.936120
T110A_D111A,46.419760,-21.955960
T110A_D111A,-14.096270,-1.270710
T110A_D111A,-14.514690,-1.465940
T110A_D111A,-14.086420,-0.917340
T110A_D111A,-14.084910,-0.740710
T110A_D111A,-14.072470,-1.079780
T110A_D111A,-14.057470,-1.137200
T110A_D111A,-14.352430,-1.084070
T110A_D111A,-14.128030,-0.928200
T110A_D111A,-13.729340,-1.401260
T110A_D111A,-14.309540,-0.705790
T110A_D111A,-14.418330,-0.179410
T110A_D111A,-14.130890,0.301790
T110A_D111A,-14.030040,0.077550
T110A_D111A,-13.844910,-0.188550
T110A_D111A,-13.961380,-0.689240
T110A_D111A,46.821000,-24.044050
T110A_D111A,46.838290,-22.431040
T110A_D111A,-13.982900,0.023180
T110A_D111A,-13.669020,-0.941800
T110A_D111A,47.476360,-24.716420
T110A_D111A,47.709040,-19.004420
T110A_D111A,-13.864420,-1.447730
T110A_D111A,-13.796250,-1.012980
T110A_D111A,-13.772430,-0.897140
T110A_D111A,-13.699070,-1.869050
T110A_D111A,-14.084700,-0.898590
T110A_D111A,-14.331380,-0.579020
T110A_D111A,-14.649530,-0.496910
T110A_D111A,-14.288440,0.085000
T110A_D111A,-14.612720,-0.751210
T110A_D111A,-14.114670,-0.146880
T110A_D111A,-14.145260,0.053760
T110A_D111A,-14.429220,0.016120
T110A_D111A,-14.554670,-0.431820
T110A_D111A,-14.124330,-0.560510
T110A_D111A,-14.037030,-0.762940
T110A_D111A,-13.878240,-0.504880
T110A_D111A,-13.571770,-0.453400
T110A_D111A,-13.506460,0.361340
T110A_D111A,-13.622010,-0.765270
T110A_D111A,-13.727580,-1.238110
T110A_D111A,-13.922050,-0.474460
T110A_D111A,-14.290390,-0.427060
T110A_D111A,-13.963200,-0.670870
T110A_D111A,-14.018090,-0.938070
T110A_D111A,-13.869310,-0.685170
T110A_D111A,-14.296100,-0.491410
T110A_D111A,-13.998950,-1.275000
T110A_D111A,-13.827960,-1.781870
T110A_D111A,-14.023370,-1.329750
T110A_D111A,-13.693420,-1.071330
T110A_D111A,-13.986370,-1.148610
T110A_D111A,-13.138680,-0.658840
T110A_D111A,-13.846380,-0.560280
T110A_D111A,-13.437030,-0.899530
T110A_D111A,-13.608970,-0.810360
T110A_D111A,-13.569650,-0.532450
T110A_D111A,-13.819560,-1.092480
T110A_D111A,-13.823500,-1.503730
T110A_D111A,-13.512560,-0.980150
T110A_D111A,-14.252310,-1.879820
T110A_D111A,-13.458610,-0.726110
T110A_D111A,-13.343530,-0.705090
T110A_D111A,-13.293280,-0.421550
T110A_D111A,-12.176620,-0.374490
T110A_D111A,-12.594210,-0.525850
T110A_D111A,-13.124140,-2.012810
T110A_D111A,-12.952090,-1.488280
T110A_D111A,-12.810790,-0.963770
T110A_D111A,-12.455180,-1.533140
T110A_D111A,-13.017340,-1.309440
T110A_D111A,-13.584420,-1.176970
T110A_D111A,-13.121520,-1.480210
T110A_D111A,-12.897820,-1.828700
T110A_D111A,-13.020330,-1.390440
T110A_D111A,-13.381730,-1.308800
T110A_D111A,-13.001680,-0.978690
T110A_D111A,-12.832310,-1.277210
T110A_D111A,-12.360960,-1.603860
T110A_D111A,-12.702260,-0.772550
T110A_D111A,-12.009310,-1.770850
T110A_D111A,-13.175700,-0.964020
T110A_D111A,-12.596730,-1.401320
T110A_D111A,-12.621920,-0.917120
T110A_D111A,-12.916660,-1.470610
T110A_D111A,-12.202290,-0.958670
T110A_D111A,-12.191680,-0.841340
T110A_D111A,-12.439140,-1.564200
T110A_D111A,-12.301970,-1.866790
T110A_D111A,-12.305290,-0.842630
T110A_D111A,-12.885370,-1.164530
T110A_D111A,-12.323020,-0.866940
T110A_D111A,-12.345370,-1.796460
T110A_D111A,-12.400200,-1.960360
T110A_D111A,-12.628810,-2.396000
T110A_D111A,-12.526010,-1.963010
T110A_D111A,-12.976690,-1.684180
T110A_D111A,-12.508420,-2.027730
T110A_D111A,-12.373460,-1.705680
T110A_D111A,-12.751340,-1.620680
T110A_D111A,-12.114960,-1.569280
T110A_D111A,-12.239280,-0.985840
T110A_D111A,-12.551550,-0.430770
T110A_D111A,-12.824760,-1.606330
T110A_D111A,-13.242710,-1.910990
T110A_D111A,-13.327150,-2.552600
T110A_D111A,-14.100320,-2.267790
T110A_D111A,-13.697640,-1.767250
T110A_D111A,-13.479240,-2.222280
T110A_D111A,-13.225630,-1.834620
T110A_D111A,-13.434930,-1.544530
T110A_D111A,-13.486720,-1.478840
T110A_D111A,-12.870770,-1.430200
T110A_D111A,-13.177260,-2.431920
T110A_D111A,-13.377600,-1.051270
T110A_D111A,-12.981840,-1.074790
T110A_D111A,-12.499380,-0.272270
T110A_D111A,-12.964000,-1.322140
T110A_D111A,-13.444140,-0.618640
T110A_D111A,-13.645340,-0.446560
T110A_D111A,-13.332110,-0.748010
T110A_D111A,-13.816990,-0.488530
T110A_D111A,-13.962950,0.370370
T110A_D111A,-13.482130,0.288090
T110A_D111A,-13.606810,-0.136700
T110A_D111A,-13.836510,-0.997710
T110A_D111A,-14.313960,-0.747520
T110A_D111A,-13.078760,-0.028800
T110A_D111A,-13.420080,-0.710420
T110A_D111A,-13.930840,-1.604720
T110A_D111A,-13.696680,-0.892210
T110A_D111A,-13.584420,-1.301920
T110A_D111A,-13.584390,-0.827280
T110A_D111A,-14.257980,-0.967270
T110A_D111A,-14.235620,-1.308570
T110A_D111A,-14.280420,-1.271960
T110A_D111A,-14.629980,-1.411260
T110A_D111A,-13.989310,-1.394910
T110A_D111A,-14.028640,-1.119450
T110A_D111A,-14.238160,-1.637200
T110A_D111A,-14.215390,-1.153990
T110A_D111A,-14.406650,-1.399430
T110A_D111A,-14.566740,-1.311400
T110A_D111A,-14.649280,-0.702730
T110A_D111A,-14.538420,-1.745950
T110A_D111A,-14.641960,-1.173900
T110A_D111A,-14.256480,-0.616330
T110A_D111A,-14.156060,-1.617210
T110A_D111A,-14.164100,-1.347130
T110A_D111A,-14.075630,-2.330740
T110A_D111A,-14.380200,-1.736500
T110A_D111A,-14.845990,-1.515920
T110A_D111A,-14.970360,-1.851630
T110A_D111A,-15.006840,-1.563980
T110A_D111A,-14.623770,-0.668450
T110A_D111A,-14.693720,-1.167530
T110A_D111A,-14.235680,-1.519720
T110A_D111A,-14.560630,-1.476080
T110A_D111A,-14.046780,-1.284440
T110A_D111A,-14.103660,-1.233960
T110A_D111A,-14.428820,-1.657270
T110A_D111A,-14.290080,-1.143100
T110A_D111A,-14.604530,-1.838770
T110A_D111A,-15.009580,-1.392800
T110A_D111A,-14.393200,-1.443920
T110A_D111A,-14.817020,-1.014540
T110A_D111A,-14.523960,-1.241430
T110A_D111A,-14.837690,-1.534840
T110A_D111A,-14.385840,-1.194490
T110A_D111A,-14.067770,-1.150590
T110A_D111A,-14.197100,-0.953060
T110A_D111A,-14.417890,-1.500830
T110A_D111A,-13.844290,-1.419530
T110A_D111A,-13.228760,-0.990720
T110A_D111A,-13.353590,-1.751890
T110A_D111A,-13.500180,-1.846420
T110A_D111A,-14.419340,-1.463760
T110A_D111A,-14.230430,-1.389510
T110A_D111A,-14.200830,-1.597770
T110A_D111A,-13.603470,-1.100100
T110A_D111A,-13.971770,-1.242160
T110A_D111A,-14.633010,-1.454080
T110A_D111A,-14.568810,-1.171510
T110A_D111A,-14.439420,-1.951480
T110A_D111A,-14.530050,-1.694640
T110A_D111A,-14.275140,-1.809170
T110A_D111A,-14.221140,-1.502510
T110A_D111A,-13.637890,-0.726390
T110A_D111A,-13.521330,-0.806200
T110A_D111A,-13.656750,-1.097630
T110A_D111A,-13.973230,-1.078440
T110A_D111A,-14.065930,-1.325170
T110A_D111A,-14.361350,-1.523270
T110A_D111A,-13.962840,-1.411430
T110A_D111A,-14.370590,-1.598500
T110A_D111A,-14.335460,-0.975040
T110A_D111A,-14.466420,-1.058460
T110A_D111A,-13.813160,-0.499470
T110A_D111A,-13.733700,-1.076740
T110A_D111A,-14.316900,-1.082560
T110A_D111A,-13.659480,-1.336960
T110A_D111A,-14.513270,-1.435980
T110A_D111A,-14.657140,-1.662170
T110A_D111A,-14.739700,-1.798430
T110A_D111A,-14.733760,-1.780870
T110A_D111A,-14.579480,-1.661090
T110A_D111A,-14.776030,-1.360530
T110A_D111A,-14.546850,-0.806700
T110A_D111A,-14.872330,-1.303500
T110A_D111A,-14.294440,-1.706000
T110A_D111A,-14.712190,-1.412950
T110A_D111A,-14.225470,-1.325300
T110A_D111A,-14.248140,-1.891040
T110A_D111A,-13.795460,-1.680930
T110A_D111A,-13.948720,-1.399780
T110A_D111A,-13.496310,-1.676940
T110A_D111A,-13.985870,-1.446810
T110A_D111A,-14.011320,-1.183440
T110A_D111A,-13.888370,-1.320430
T110A_D111A,-14.131640,-0.701210
T110A_D111A,-14.209290,-0.605840
T110A_D111A,-14.122770,-0.908580
T110A_D111A,-14.073700,-1.172180
T110A_D111A,-13.718360,0.266850
T110A_D111A,-13.992050,0.033410
T110A_D111A,-12.937820,-0.452320
T110A_D111A,-13.859990,-1.543070
T110A_D111A,-13.051310,0.111410
T110A_D111A,-13.366980,-0.420820
T110A_D111A,-13.836820,0.243900
T110A_D111A,-14.111260,-0.528110
T110A_D111A,-13.606450,-0.590610
T110A_D111A,-13.973270,-0.366380
T110A_D111A,-14.289280,-1.543560
T110A_D111A,-14.520580,-0.972310
T110A_D111A,-14.545840,-1.268010
T110A_D111A,-14.291560,-1.706880
T110A_D111A,-14.924070,-1.562990
T110A_D111A,-14.508330,-1.116750
T110A_D111A,-13.707290,-1.540840
T110A_D111A,-14.243340,-1.260890
T110A_D111A,-14.360200,-1.491860
T110A_D111A,-14.341120,-1.600130
T110A_D111A,-13.630050,-1.866230
T110A_D111A,-13.778350,-1.423900
T110A_D111A,-14.333880,-0.555840
T110A_D111A,-14.463950,-0.954420
T110A_D111A,-14.321190,-1.840050
T110A_D111A,-13.729800,-0.765760
T110A_D111A,-14.078470,-1.795860
T110A_D111A,-14.431140,-1.456450
T110A_D111A,-13.772170,-1.498810
T110A_D111A,-14.085690,-1.506550
T110A_D111A,-14.103820,-0.635350
T110A_D111A,-13.886770,-0.876490
T110A_D111A,-14.226080,-1.020750
T110A_D111A,-14.433350,-0.863150
T110A_D111A,-14.578350,-0.983580
T110A_D111A,-14.188900,-0.741520
T110A_D111A,-13.613740,-0.266900
T110A_D111A,-14.251440,-0.458250
T110A_D111A,-14.634960,-0.953510
T110A_D111A,-14.132130,-1.275570
T110A_D111A,-13.567790,-1.298590
T110A_D111A,-13.391680,-1.686280
T110A_D111A,-13.800470,-1.819410
T110A_D111A,-13.548970,-1.121740
T110A_D111A,-13.201950,-0.396120
T110A_D111A,-13.421840,-0.555470
T110A_D111A,-13.189640,-0.126930
T110A_D111A,-13.354160,-0.677140
T110A_D111A,-13.929600,-0.156930
T110A_D111A,-13.865870,-1.850810
T110A_D111A,-14.529120,-1.853990
T110A_D111A,-14.420570,-2.188690
T110A_D111A,-14.506000,-2.307700
T110A_D111A,-14.947040,-2.219140
T110A_D111A,-14.823080,-2.494100
T110A_D111A,-14.479830,-2.033820
T110A_D111A,-14.154620,-2.448270
T110A_D111A,-14.391150,-1.923450
T110A_D111A,-14.264100,-2.062370
T110A_D111A,-14.296790,-1.688220
T110A_D111A,-14.219120,-1.597680
T110A_D111A,-14.274350,-1.791310
T110A_D111A,-14.244870,-0.634280
T110A_D111A,-14.032930,-0.570260
T110A_D111A,-14.576450,-0.835010
T110A_D111A,-14.847920,-0.974180
T110A_D111A,-14.703680,-1.143410
T110A_D111A,-15.097620,-0.564310
T110A_D111A,-14.131260,0.439910
T110A_D111A,-14.479960,-1.305530
T110A_D111A,-14.987230,-1.392230
T110A_D111A,-14.780910,-1.332780
T110A_D111A,-15.065900,-1.489140
T110A_D111A,-15.095950,-1.268010
T110A_D111A,-15.042680,-0.871970
T110A_D111A,-14.499540,0.109150
T110A_D111A,-15.069470,-1.771050
T110A_D111A,-14.936930,-1.671040
T110A_D111A,-14.802470,-0.783510
T110A_D111A,-15.024620,-1.008930
T110A_D111A,-15.206780,-0.713850
T110A_D111A,-15.059960,-0.610900
T110A_D111A,-15.018680,-1.511490
T110A_D111A,-14.716790,-1.202020
T110A_D111A,-14.953340,-1.696040
T110A_D111A,-15.370060,-1.915040
T110A_D111A,-15.028410,-1.885940
T110A_D111A,-14.796730,-1.063290
T110A_D111A,-14.649900,-1.382980
T110A_D111A,-15.107520,-1.641780
T110A_D111A,-14.897800,-1.663030
T110A_D111A,-14.791580,-1.445390
T110A_D111A,-14.691270,-1.579480
T110A_D111A,-14.836920,-1.270710
T110A_D111A,-14.408960,-0.991540
T110A_D111A,-14.381850,-1.142540
T110A_D111A,-13.832050,-0.544090
T110A_D111A,-14.604850,-1.337210
T110A_D111A,-14.533190,-2.000430
T110A_D111A,-14.174520,-1.478340
T110A_D111A,-14.790220,-1.137260
T110A_D111A,-13.836540,-1.823400
T110A_D111A,-13.784140,-1.949610
T110A_D111A,-14.479670,-1.338720
T110A_D111A,-13.875100,-1.715670
T110A_D111A,-13.762110,-0.233690
T110A_D111A,-13.383670,-0.792430
T110A_D111A,-13.438070,-1.414540
T110A_D111A,-13.573530,-0.321580
T110A_D111A,-12.800940,-1.088260
T110A_D111A,-12.860900,-1.159480
T110A_D111A,-13.321830,-0.653970
T110A_D111A,-13.633140,-0.062870
T110A_D111A,-13.881330,-0.327850
T110A_D111A,-14.133900,-0.314330
T110A_D111A,-13.747640,-0.939190
T110A_D111A,-13.846220,-0.732620
T110A_D111A,-13.769870,0.065330
T110A_D111A,-14.177710,-0.406920
T110A_D111A,-13.914320,0.121230
T110A_D111A,-13.488820,-0.461900
T110A_D111A,-13.147480,-0.884140
T110A_D111A,-13.960200,-0.668490
T110A_D111A,-13.881620,-1.374190
T110A_D111A,-13.834570,-0.692260
T110A_D111A,-13.594310,-1.237230
T110A_D111A,-13.399170,-1.394840
T110A_D111A,-13.327910,-1.410460
T110A_D111A,-13.288170,-1.421060
T110A_D111A,-13.269180,-1.232330
T110A_D111A,-14.023660,-0.915250
T110A_D111A,-13.957270,-0.806590
T110A_D111A,-13.882170,-1.364930
T110A_D111A,-14.688750,-1.225720
T110A_D111A,-13.793430,-1.350000
T110A_D111A,-13.420510,-0.653660
T110A_D111A,-12.916200,0.512430
T110A_D111A,-12.846890,-0.326940
T110A_D111A,-13.272540,0.239980
T110A_D111A,-13.269800,-0.614480
T110A_D111A,-13.435970,-1.296770
T110A_D111A,-13.272160,-0.412420
T110A_D111A,-14.230630,-0.582250
T110A_D111A,-14.206580,-0.282800
T110A_D111A,-12.795730,-1.029000
T110A_D111A,-12.987490,-0.606190
T110A_D111A,-13.639080,-0.885380
T110A_D111A,-13.037340,-0.465830
T110A_D111A,-13.279720,-1.570150
T110A_D111A,-13.003350,-0.509390
T110A_D111A,-12.775570,-0.386240
T110A_D111A,-12.210010,-0.033790
T110A_D111A,-13.180460,-0.096290
T110A_D111A,-12.640750,-0.591810
T110A_D111A,-13.155400,-0.133770
T110A_D111A,-13.860370,-0.040280
T110A_D111A,-13.633770,-0.517310
T110A_D111A,-13.817750,-0.380520
T110A_D111A,-13.264530,-0.338930
T110A_D111A,-13.981060,-0.223210
T110A_D111A,-14.420500,-0.124480
T110A_D111A,-14.331390,-0.552180
T110A_D111A,-13.677690,0.100650
T110A_D111A,-14.246800,0.115660
T110A_D111A,-12.957850,-0.570300
T110A_D111A,-13.364690,-0.771870
T110A_D111A,-14.041160,-0.586650
T110A_D111A,-14.132080,-0.690720
T110A_D111A,-13.984380,-1.021610
T110A_D111A,-14.136610,-0.926650
T110A_D111A,-14.002010,-1.041360
T110A_D111A,-14.397330,-1.187970
T110A_D111A,-13.657070,-1.742120
T110A_D111A,-13.807750,-1.874250
T110A_D111A,-13.814220,-1.825590
T110A_D111A,-14.132210,-1.992140
T110A_D111A,-13.695810,-2.220660
T110A_D111A,-13.447010,-1.749020
T110A_D111A,-13.940870,-1.509120
T110A_D111A,-13.630670,-1.498210
T110A_D111A,-13.608550,-1.421730
T110A_D111A,-13.873330,-1.821310
T110A_D111A,-14.079290,-2.084480
T110A_D111A,-13.961430,-1.571150
T110A_D111A,-14.055280,-1.755880
T110A_D111A,-13.798940,-1.612820
T110A_D111A,-14.365830,-2.085740
T110A_D111A,-13.858730,-1.930990
T110A_D111A,-14.021040,-1.828030
T110A_D111A,-13.919960,-1.445700
T110A_D111A,-13.308720,-0.413390
T110A_D111A,-13.823420,-1.534410
T110A_D111A,-13.673450,-0.843770
T110A_D111A,-13.363150,-0.479110
T110A_D111A,-14.325940,-0.585710
T110A_D111A,-14.395660,-1.052690
T110A_D111A,-14.102810,-0.794360
T110A_D111A,-14.438340,-0.900470
T110A_D111A,-14.258070,-1.159660
T110A_D111A,-13.943020,-1.079300
T110A_D111A,-14.334970,-0.633230
T110A_D111A,-13.382330,-0.839390
T110A_D111A,-14.099760,-0.724010
T110A_D111A,-13.885370,-1.373290
T110A_D111A,-14.373360,-1.366320
T110A_D111A,-13.533630,-1.152300
T110A_D111A,-13.525150,-1.522030
T110A_D111A,-13.269030,-1.012740
T110A_D111A,-13.439730,-1.394560
T110A_D111A,-13.002650,-1.787880
T110A_D111A,-13.004500,-0.960310
T110A_D111A,-12.461190,-0.496340
T110A_D111A,-12.174880,-0.851330
T110A_D111A,-12.148840,-1.962130
T110A_D111A,-13.001310,-2.031770
T110A_D111A,-13.370360,-1.934360
T110A_D111A,-13.687540,-1.852920
T110A_D111A,-13.519020,-1.731190
T110A_D111A,-13.384020,-1.040140
T110A_D111A,-13.305950,-1.285270
T110A_D111A,-13.061980,-1.068090
T110A_D111A,-13.436040,-2.041400
T110A_D111A,-12.996910,-1.418800
T110A_D111A,-14.022420,-1.479180
T110A_D111A,-14.173960,-1.437340
T110A_D111A,-13.454130,-2.030570
T110A_D111A,-13.555590,-1.186300
T110A_D111A,-13.657280,-1.817820
T110A_D111A,-13.821960,-2.621960
T110A_D111A,-13.543460,-2.558190
T110A_D111A,-13.403370,-1.956820
T110A_D111A,-13.963540,-2.131980
T110A_D111A,-14.525630,-1.158150
T110A_D111A,-14.397910,-1.321010
T110A_D111A,-14.653500,-1.559270
T110A_D111A,-14.686630,-1.302470
T110A_D111A,-14.342280,-1.538270
T110A_D111A,-14.104670,-1.876460
T110A_D111A,-14.208440,-1.496400
T110A_D111A,-14.345770,-1.493160
T110A_D111A,-13.918940,-1.306150
T110A_D111A,-14.673990,-1.734510
T110A_D111A,-14.308200,-1.570150
T110A_D111A,-14.123420,-1.113000
T110A_D111A,-14.713490,-1.788550
T110A_D111A,-14.412520,-1.376070
T110A_D111A,-14.239670,-1.721250
T110A_D111A,-14.156690,-1.582740
T110A_D111A,-13.817650,-1.482570
T110A_D111A,-14.098680,-1.283820
T110A_D111A,-14.213090,-1.282790
T110A_D111A,-14.556730,-1.085530
T110A_D111A,-14.097040,-0.533490
T110A_D111A,-14.022690,-1.807540
T110A_D111A,-13.465200,-0.612350
T110A_D111A,-13.548740,-1.659820
T110A_D111A,-13.645810,-0.747530
T110A_D111A,-13.521700,-1.194570
T110A_D111A,-13.696640,-0.747150
T110A_D111A,-13.628320,-0.866240
T110A_D111A,-13.545300,-1.152490
T110A_D111A,-14.357040,-1.498360
T110A_D111A,-13.733750,-1.007600
T110A_D111A,-14.258750,-1.483110
T110A_D111A,-13.885270,-1.265010
T110A_D111A,-13.817740,-0.612970
T110A_D111A,-14.049490,-0.232160
T110A_D111A,-13.751180,-0.895150
T110A_D111A,-13.766710,-0.470650
T110A_D111A,-14.007820,-1.770680
T110A_D111A,-13.979920,-1.530990
T110A_D111A,-13.816430,-1.096430
T110A_D111A,-13.561090,-0.687410
T110A_D111A,-13.570760,-1.274270
T110A_D111A,-13.824640,-1.506320
T110A_D111A,-14.406240,-0.603510
T110A_D111A,-14.387240,-0.553980
T110A_D111A,-14.147150,-1.000810
T110A_D111A,-14.451840,-1.069740
T110A_D111A,-14.476780,-1.085150
T110A_D111A,-13.882980,-1.019240
T110A_D111A,-13.701350,-0.762040
T110A_D111A,-14.372430,-1.157620
T110A_D111A,-14.339930,-1.301030
T110A_D111A,-14.365960,-1.008510
T110A_D111A,-14.589200,-1.539750
T110A_D111A,-14.410200,-1.371940
T110A_D111A,-14.643280,-1.134380
T110A_D111A,-14.417590,-1.312060
T110A_D111A,-14.199890,-1.327660
T110A_D111A,-13.921550,-2.095670
T110A_D111A,-14.151870,-1.292560
T110A_D111A,-14.083880,-1.223060
T110A_D111A,-14.136470,-0.974560
T110A_D111A,-14.401370,-1.158940
T110A_D111A,-14.237680,-0.562600
T110A_D111A,-14.718830,-1.254370
T110A_D111A,-14.237510,-1.331840
T110A_D111A,-14.634460,-1.804500
T110A_D111A,-14.434740,-1.654190
T110A_D111A,-14.018140,-1.822550
T110A_D111A,-14.106890,-1.404240
T110A_D111A,-14.430580,-1.387540
T110A_D111A,-14.969080,-0.894090
T110A_D111A,-14.760910,-1.514000
T110A_D111A,-14.265260,-0.725890
T110A_D111A,-14.537250,-0.013820
T110A_D111A,-14.612000,-0.374590
T110A_D111A,-14.612590,-0.684220
T110A_D111A,-14.533220,-0.496780
T110A_D111A,-14.544880,-1.101890
T110A_D111A,-14.310880,-0.894140
T110A_D111A,-14.940630,-1.451860
T110A_D111A,-14.269590,-1.741930
T110A_D111A,-14.229610,-1.634910
T110A_D111A,-14.500570,-1.588210
T110A_D111A,-14.823190,-1.752540
T110A_D111A,-14.884230,-1.469750
T110A_D111A,-14.570520,-1.006610
T110A_D111A,-15.472900,-1.888660
T110A_D111A,-15.058690,-1.508030
T110A_D111A,-14.948780,-2.048550
T110A_D111A,-14.868670,-1.666860
T110A_D111A,-14.894140,-1.826570
T110A_D111A,-14.648840,-1.257420
T110A_D111A,-13.785230,-0.988900
T110A_D111A,-14.282400,-1.329270
T110A_D111A,-13.680170,-0.450640
T110A_D111A,-14.020890,-1.021310
T110A_D111A,-14.165760,-1.231940
T110A_D111A,-14.551250,-1.474070
T110A_D111A,-14.355380,-2.113730
T110A_D111A,-14.403390,-1.071530
T110A_D111A,-14.088070,-1.008480
T110A_D111A,-13.881790,-1.354160
T110A_D111A,-14.172560,-1.001060
T110A_D111A,-14.109720,-1.133840
T110A_D111A,-13.772480,-1.761420
T110A_D111A,-14.428580,-1.080130
T110A_D111A,-13.993250,-0.985510
T110A_D111A,-13.644740,0.350360
T110A_D111A,-13.307960,-0.899880
T110A_D111A,-13.853640,-1.338710
T110A_D111A,-14.133080,-0.931850
T110A_D111A,-13.997300,-1.415870
T110A_D111A,-14.454920,-1.047830
T110A_D111A,-13.533370,-1.522330
T110A_D111A,-13.811200,-0.927960
T110A_D111A,-14.226900,-1.655910
T110A_D111A,-13.793230,-1.729030
T110A_D111A,-13.929880,-1.175420
T110A_D111A,-14.404830,-1.579440
T110A_D111A,-14.121620,-1.818630
T110A_D111A,-13.890800,-1.616830
T110A_D111A,-13.881310,-1.497770
T110A_D111A,-13.491380,-2.282570
T110A_D111A,-13.361010,-0.870400
T110A_D111A,-13.582460,-1.358370
T110A_D111A,-14.038910,-1.489130
T110A_D111A,-14.213220,-0.925180
T110A_D111A,-13.811470,-0.756020
T110A_D111A,-13.581130,-0.937490
T110A_D111A,-14.382920,-1.741050
T110A_D111A,-14.087680,-1.243200
T110A_D111A,-14.242800,-1.202670
T110A_D111A,-13.895640,-1.028390
T110A_D111A,-13.504720,-0.825820
T110A_D111A,-14.028740,-1.114630
T110A_D111A,-14.108230,-0.166670
T110A_D111A,-14.019800,-1.318800
T110A_D111A,-14.033380,-1.182160
T110A_D111A,-14.083380,-1.368290
T110A_D111A,-13.804340,-1.459170
T110A_D111A,-14.552300,-1.521500
T110A_D111A,-14.067700,-1.266720
T110A_D111A,-14.654130,-0.938060
T110A_D111A,-14.516230,-1.370590
T110A_D111A,-14.339750,-1.177380
T110A_D111A,-14.541340,-1.401760
T110A_D111A,-14.566670,-1.448340
T110A_D111A,-14.616710,-1.846300
T110A_D111A,-14.310830,-1.200790
T110A_D111A,-14.361900,-0.919200
T110A_D111A,-14.804940,-1.617920
T110A_D111A,-14.265260,-1.551180
T110A_D111A,-14.338850,-0.667780
T110A_D111A,-14.230880,-1.630310
T110A_D111A,-13.979640,-1.944650
T110A_D111A,-13.538880,-1.284370
T110A_D111A,-13.990980,-1.098180
T110A_D111A,-14.122810,-0.981100
T110A_D111A,-14.213060,-1.334550
T110A_D111A,-14.182400,-1.012790
T110A_D111A,-14.210390,-0.853500
T110A_D111A,-13.999070,-2.014050
T110A_D111A,-14.019910,-1.740740
T110A_D111A,-14.555000,-1.606860
T110A_D111A,-14.200440,-1.404610
T110A_D111A,-14.291450,-1.699150
T110A_D111A,-13.925350,-1.637590
T110A_D111A,-14.063720,-1.432770
T110A_D111A,-14.189680,-1.033830
T110A_D111A,-14.210330,-1.646890
T110A_D111A,-14.261950,-1.069650
T110A_D111A,-13.642610,-1.406680
T110A_D111A,-13.541170,-1.482190
T110A_D111A,-13.665960,-1.022580
T110A_D111A,-13.843590,-1.633440
T110A_D111A,-13.548900,-1.855140
T110A_D111A,-13.584130,-1.318320
T110A_D111A,-13.448920,-0.701470
T110A_D111A,-13.318720,-0.473960
T110A_D111A,-13.201140,-0.006650
T110A_D111A,-13.187230,-0.820510
T110A_D111A,-13.850850,-0.820710
T110A_D111A,-14.279310,-1.481130
T110A_D111A,-13.556530,-0.394460
T110A_D111A,-13.532700,-0.701790
T110A_D111A,-13.817170,-1.252530
T110A_D111A,-13.448890,-0.151350
T110A_D111A,-13.802070,-1.389370
T110A_D111A,-13.633440,-1.099220
T110A_D111A,-13.894320,-0.479190
T110A_D111A,-13.646720,-1.013610
T110A_D111A,-13.139760,-0.741990
T110A_D111A,-13.545280,-1.483790
T110A_D111A,-13.546040,-1.315160
T110A_D111A,-13.163600,-0.665730
T110A_D111A,-13.329290,-0.926940
T110A_D111A,-13.088280,-0.236060
T110A_D111A,-13.400700,-0.456620
T110A_D111A,-13.686700,-1.317440
T110A_D111A,-13.551130,-0.041760
T110A_D111A,-13.329890,0.302810
T110A_D111A,-13.639610,-0.341830
T110A_D111A,-13.502040,0.178940
T110A_D111A,-13.538080,-0.717460
T110A_D111A,-13.117060,-1.173270
T110A_D111A,-13.755950,-0.937270
T110A_D111A,-13.703410,-0.652410
T110A_D111A,-13.104560,-1.731770
T110A_D111A,-13.818650,-0.493590
T110A_D111A,-13.827410,-1.032910
T110A_D111A,-13.686080,-0.375890
T110A_D111A,-13.390430,-0.553940
T110A_D111A,-13.365680,0.270290
T110A_D111A,-13.295430,0.071010
T110A_D111A,-13.530190,-0.432050
T110A_D111A,-13.913330,-0.061000
T110A_D111A,-13.668700,-0.810000
T110A_D111A,-13.270590,-0.567200
T110A_D111A,-13.745990,-1.237630
T110A_D111A,-13.885040,-0.348500
T110A_D111A,-13.688200,-0.334960
T110A_D111A,-13.373620,-0.292370
T110A_D111A,-13.197570,-0.156030
T110A_D111A,-13.345930,-0.532440
T110A_D111A,-13.384430,-0.760780
T110A_D111A,-13.491530,-0.299170
T110A_D111A,-13.535460,-0.330510
T110A_D111A,-13.465910,-0.238320
T110A_D111A,-13.404510,-0.636360
T110A_D111A,-12.649630,0.402450
T110A_D111A,-13.404550,-0.359000
T110A_D111A,-13.451060,-1.221530
T110A_D111A,-13.762380,-1.096950
T110A_D111A,-13.708100,-1.068170
T110A_D111A,-13.393620,-1.484260
T110A_D111A,-13.036350,-0.209040
T110A_D111A,-13.742330,-0.804040
T110A_D111A,-13.489310,-1.048910
T110A_D111A,-13.401880,-0.065740
T110A_D111A,-12.940290,0.413990
T110A_D111A,-13.589540,-0.364940
T110A_D111A,-13.753420,-0.589970
T110A_D111A,-13.275990,0.089400
T110A_D111A,-13.300160,0.169410
T110A_D111A,-12.505290,0.145110
T110A_D111A,-12.761370,-0.089240
T110A_D111A,-12.952300,0.308790
T110A_D111A,-13.618790,0.147260
T110A_D111A,-13.881620,-0.315060
T110A_D111A,-13.357170,-0.795960
T110A_D111A,-14.222200,-0.714210
T110A_D111A,-13.682770,-0.208490
T110A_D111A,-13.142960,-0.394540
T110A_D111A,-13.546400,-0.532320
T110A_D111A,-13.609970,-0.864650
T110A_D111A,-13.649990,-0.879240
T110A_D111A,-13.669170,-1.185920
T110A_D111A,-14.095210,-0.932190
T110A_D111A,-13.710290,-1.301030
T110A_D111A,-14.176740,-1.611050
T110A_D111A,-13.905780,-1.126700
T110A_D111A,-13.921790,-1.370970
T110A_D111A,-14.061200,-0.424870
T110A_D111A,-13.942020,0.014670
T110A_D111A,-13.807070,-0.750010
T110A_D111A,-13.889260,-0.915150
T110A_D111A,-13.857390,-0.529410
T110A_D111A,-13.848740,-0.176920
T110A_D111A,-14.240210,-1.156140
T110A_D111A,-13.570340,-0.787610
T110A_D111A,-13.567900,-1.137780
T110A_D111A,-12.831200,-1.153950
T110A_D111A,-13.529700,-0.346380
T110A_D111A,-13.464060,-1.420270
T110A_D111A,-13.373140,-1.629610
T110A_D111A,-13.611060,-0.531870
T110A_D111A,-13.810780,-0.540190
T110A_D111A,-14.127430,-0.731220
T110A_D111A,-13.774280,-0.818780
T110A_D111A,-13.678730,-0.681970
T110A_D111A,-13.564880,-0.628140
T110A_D111A,-13.558010,-0.422380
T110A_D111A,-13.586660,-0.526940
T110A_D111A,-14.263070,-0.463960
T110A_D111A,-14.269920,-0.559280
T110A_D111A,-14.124510,-1.124020
T110A_D111A,-13.986870,-0.913140
T110A_D111A,-14.026500,-0.298750
T110A_D111A,-14.232800,-0.573230
T110A_D111A,-13.490910,-1.273010
T110A_D111A,-13.887370,-0.755430
T110A_D111A,-14.251610,-0.480950
T110A_D111A,-14.526090,-0.803770
T110A_D111A,-14.018140,-0.918340
T110A_D111A,-14.226650,-0.971800
T110A_D111A,-13.993510,-1.579730
T60A_S63A,11.230020,5.479500
T60A_S63A,11.043980,1.725620
T60A_S63A,11.658750,4.440560
T60A_S63A,11.430500,2.707060
T60A_S63A,11.128720,1.592470
T60A_S63A,11.580410,1.024400
T60A_S63A,11.394750,2.945620
T60A_S63A,11.731350,1.662310
T60A_S63A,11.388600,2.283980
T60A_S63A,11.998400,2.229500
T60A_S63A,12.175650,2.674200
T60A_S63A,12.331930,3.253520
T60A_S63A,10.920090,0.771350
T60A_S63A,11.313980,2.126020
T60A_S63A,11.708630,3.419410
T60A_S63A,11.292750,1.306150
T60A_S63A,11.338870,1.997760
T60A_S63A,12.107230,2.963180
T60A_S63A,11.732600,1.470480
T60A_S63A,11.793580,2.109700
T60A_S63A,11.196030,1.435740
T60A_S63A,10.851600,-0.339800
T60A_S63A,10.782760,-0.619040
T60A_S63A,10.710440,0.315530
T60A_S63A,11.052650,1.090980
T60A_S63A,11.473780,2.658170
T60A_S63A,12.505880,2.476910
T60A_S63A,10.535260,2.641680
T60A_S63A,11.394210,3.325090
T60A_S63A,12.038690,2.674940
T60A_S63A,12.850870,2.259490
T60A_S63A,11.758530,2.273510
T60A_S63A,11.666250,1.996270
T60A_S63A,11.610940,2.135870
T60A_S63A,11.964380,1.419800
T60A_S63A,11.934710,0.573980
T60A_S63A,11.531300,2.014770
T60A_S63A,11.609380,2.124150
T60A_S63A,11.129610,1.059330
T60A_S63A,10.794320,-0.209080
T60A_S63A,10.852310,-0.484340
T60A_S63A,10.961240,-1.682220
T60A_S63A,11.311480,-0.490180
T60A_S63A,11.091200,-1.328830
T60A_S63A,10.847700,-1.274550
T60A_S63A,10.993290,-0.490580
T60A_S63A,11.129730,-0.252430
T60A_S63A,10.384510,-3.577360
T60A_S63A,10.482020,-2.853190
T60A_S63A,10.561000,-3.266480
T60A_S63A,10.857940,-2.820090
T60A_S63A,10.927050,-1.647200
T60A_S63A,10.291130,-1.293080
T60A_S63A,10.727190,-0.391210
T60A_S63A,10.376400,-1.026080
T60A_S63A,10.167290,-1.349890
T60A_S63A,10.075560,-2.481370
T60A_S63A,10.967400,1.129920
T60A_S63A,10.896480,-0.716890
T60A_S63A,10.458660,0.113810
T60A_S63A,9.983940,0.674540
T60A_S63A,10.181330,0.127480
T60A_S63A,10.435270,0.348100
T60A_S63A,10.914740,2.702660
T60A_S63A,10.323160,2.941460
T60A_S63A,10.316350,3.775390
T60A_S63A,10.470520,3.001470
T60A_S63A,10.420330,3.302050
T60A_S63A,10.390650,4.556510
T60A_S63A,11.695830,5.310360
T60A_S63A,10.657130,4.593820
T60A_S63A,10.500080,4.710000
T60A_S63A,10.180710,4.018680
T60A_S63A,11.249000,5.403810
T60A_S63A,10.212350,5.089350
T60A_S63A,10.666710,4.819110
T60A_S63A,11.664950,5.414220
T60A_S63A,10.795660,4.028090
T60A_S63A,10.086650,6.307970
T60A_S63A,11.327910,6.805280
T60A_S63A,11.869520,9.203130
T60A_S63A,11.342250,9.212760
T60A_S63A,11.534520,6.780530
T60A_S63A,11.690680,6.032190
T60A_S63A,11.155220,7.454750
T60A_S63A,11.461910,6.456450
T60A_S63A,12.354280,5.278830
T60A_S63A,12.446120,5.797530
T60A_S63A,11.212280,2.833160
T60A_S63A,10.542180,1.713010
T60A_S63A,11.168200,2.818680
T60A_S63A,11.052910,3.079120
T60A_S63A,11.802260,4.948550
T60A_S63A,11.951400,5.190940
T60A_S63A,11.981500,4.978380
T60A_S63A,11.395990,3.396380
T60A_S63A,11.214070,3.092890
T60A_S63A,11.069060,5.131710
T60A_S63A,11.933830,5.528710
T60A_S63A,11.218820,6.093070
T60A_S63A,11.560070,7.169600
T60A_S63A,11.645600,5.562490
T60A_S63A,12.230040,7.950250
T60A_S63A,11.030980,6.613930
T60A_S63A,11.124330,8.566700
T60A_S63A,10.989100,7.399990
T60A_S63A,11.084710,9.288980
T60A_S63A,10.663640,9.736200
T60A_S63A,10.211950,11.851060
T60A_S63A,10.991700,10.251050
T60A_S63A,10.843450,8.738670
T60A_S63A,11.287700,6.816800
T60A_S63A,11.342180,7.970860
T60A_S63A,11.059940,9.280960
T60A_S63A,11.522250,9.951630
T60A_S63A,10.894470,10.077620
T60A_S63A,10.930350,8.898790
T60A_S63A,11.085310,9.517540
T60A_S63A,10.258810,8.296250
T60A_S63A,11.798800,6.980320
T60A_S63A,11.420720,6.324610
T60A_S63A,11.262300,5.470610
T60A_S63A,11.057420,5.919000
T60A_S63A,10.505700,6.263440
T60A_S63A,11.222970,4.632010
T60A_S63A,10.769610,5.104990
T60A_S63A,11.046440,5.221700
T60A_S63A,11.038460,5.135080
T60A_S63A,10.982300,4.784150
T60A_S63A,11.927050,5.010800
T60A_S63A,11.715560,5.433170
T60A_S63A,11.201480,6.506980
T60A_S63A,11.200290,6.803330
T60A_S63A,10.997840,6.713510
T60A_S63A,11.433160,6.657260
T60A_S63A,11.415210,4.060050
T60A_S63A,10.977090,4.911170
T60A_S63A,11.267060,6.087580
T60A_S63A,11.331420,6.882510
T60A_S63A,11.390930,6.641210
T60A_S63A,11.478540,5.860850
T60A_S63A,11.465650,6.494580
T60A_S63A,11.829810,4.609950
T60A_S63A,11.761520,5.437990
T60A_S63A,11.724150,6.631530
T60A_S63A,12.004180,6.994710
T60A_S63A,11.711090,5.139520
T60A_S63A,12.248460,3.942710
T60A_S63A,12.065020,4.576100
T60A_S63A,11.854650,4.732850
T60A_S63A,11.350650,5.695270
T60A_S63A,11.279940,4.934780
T60A_S63A,11.459000,5.522400
T60A_S63A,11.646370,3.452120
T60A_S63A,11.723100,5.121350
T60A_S63A,10.970610,4.534500
T60A_S63A,11.542080,5.165450
T60A_S63A,11.387280,3.391580
T60A_S63A,11.551030,3.466100
T60A_S63A,11.293950,4.310320
T60A_S63A,11.064390,4.917040
T60A_S63A,11.344870,5.165670
T60A_S63A,11.783110,4.771670
T60A_S63A,11.599390,4.962190
T60A_S63A,11.647540,3.504610
T60A_S63A,11.515540,3.010930
T60A_S63A,11.657510,3.746600
T60A_S63A,11.494390,2.825520
T60A_S63A,11.812900,1.969520
T60A_S63A,11.095910,3.020420
T60A_S63A,11.528250,3.343530
T60A_S63A,11.674660,0.696820
T60A_S63A,12.171530,5.717190
T60A_S63A,12.528850,7.712540
T60A_S63A,12.025660,5.190430
T60A_S63A,11.533610,4.277050
T60A_S63A,11.365250,2.374750
T60A_S63A,11.206530,1.493860
T60A_S63A,11.476960,1.936850
T60A_S63A,11.497640,0.514330
T60A_S63A,12.255900,3.178930
T60A_S63A,11.725620,2.313040
T60A_S63A,11.796250,1.645920
T60A_S63A,11.537050,2.380920
T60A_S63A,11.964380,2.739050
T60A_S63A,12.303650,4.514760
T60A_S63A,12.574330,5.471720
T60A_S63A,11.676070,3.101730
T60A_S63A,11.594420,3.769880
T60A_S63A,10.708280,3.101700
T60A_S63A,10.756030,1.895890
T60A_S63A,10.754430,1.586170
T60A_S63A,11.886040,4.128360
T60A_S63A,12.312710,5.030780
T60A_S63A,11.018990,4.658940
T60A_S63A,11.350480,3.397830
T60A_S63A,11.511190,2.369200
T60A_S63A,11.471770,3.212080
T60A_S63A,11.269940,3.869770
T60A_S63A,12.244860,3.733520
T60A_S63A,12.080290,3.844570
T60A_S63A,12.197560,4.403880
T60A_S63A,11.914970,4.571340
T60A_S63A,11.757290,4.823040
T60A_S63A,12.112340,3.447160
T60A_S63A,12.196690,3.907060
T60A_S63A,11.324220,5.262190
T60A_S63A,12.191880,5.964920
T60A_S63A,11.636600,3.555010
T60A_S63A,11.512940,4.452510
T60A_S63A,12.329610,4.950960
T60A_S63A,11.917600,4.072080
T60A_S63A,11.584220,4.648590
T60A_S63A,11.689590,3.559790
T60A_S63A,11.302170,4.478190
T60A_S63A,10.897820,3.236150
T60A_S63A,11.287190,3.524520
T60A_S63A,11.315340,4.331810
T60A_S63A,11.697410,5.540930
T60A_S63A,11.168130,4.370500
T60A_S63A,11.203280,3.655490
T60A_S63A,10.460410,2.582880
T60A_S63A,11.182550,3.300620
T60A_S63A,11.564020,3.467840
T60A_S63A,11.155480,3.429830
T60A_S63A,11.416370,5.735440
T60A_S63A,12.093610,5.905250
T60A_S63A,12.349040,5.830900
T60A_S63A,12.440180,6.208630
T60A_S63A,11.575370,5.982830
T60A_S63A,11.642580,5.414370
T60A_S63A,12.049600,5.038210
T60A_S63A,12.079390,8.261780
T60A_S63A,11.752530,7.825500
T60A_S63A,11.193560,7.511170
T60A_S63A,12.398560,6.879040
T60A_S63A,11.622170,7.286880
T60A_S63A,11.108200,8.343000
T60A_S63A,11.568760,10.771240
T60A_S63A,11.992760,10.607460
T60A_S63A,11.315780,9.606810
T60A_S63A,11.169570,11.540900
T60A_S63A,12.058480,9.557180
T60A_S63A,12.040780,9.710910
T60A_S63A,11.982470,11.869320
T60A_S63A,12.328600,11.024140
T60A_S63A,12.754640,10.407010
T60A_S63A,12.109140,9.652890
T60A_S63A,11.324470,9.094500
T60A_S63A,12.683800,9.285960
T60A_S63A,11.666010,9.966110
T60A_S63A,12.535180,9.797730
T60A_S63A,12.009450,8.129510
T60A_S63A,11.401250,9.882140
T60A_S63A,12.196280,9.346950
T60A_S63A,12.157620,7.449670
T60A_S63A,12.291670,6.890230
T60A_S63A,12.254560,8.534700
T60A_S63A,11.120240,9.336640
T60A_S63A,11.769560,8.548590
T60A_S63A,11.858530,8.329460
T60A_S63A,12.461340,5.882930
T60A_S63A,12.732470,5.883940
T60A_S63A,12.520700,8.428830
T60A_S63A,11.663460,7.977970
T60A_S63A,10.978950,8.475930
T60A_S63A,11.980730,8.405540
T60A_S63A,11.309350,8.854540
T60A_S63A,10.856870,7.504250
T60A_S63A,11.045500,6.289880
T60A_S63A,11.738320,5.685990
T60A_S63A,12.096270,6.000740
T60A_S63A,11.974540,4.161560
T60A_S63A,11.691750,4.384060
T60A_S63A,11.123150,6.744560
T60A_S63A,11.452050,5.938110
T60A_S63A,10.758370,7.178140
T60A_S63A,11.298160,5.937620
T60A_S63A,11.595190,4.478270
T60A_S63A,11.153900,5.413880
T60A_S63A,12.131080,5.151010
T60A_S63A,11.924610,3.785420
T60A_S63A,13.046200,5.732860
T60A_S63A,12.077260,6.253710
T60A_S63A,11.821670,3.280840
T60A_S63A,11.296190,3.523370
T60A_S63A,11.382800,2.895020
T60A_S63A,12.201990,5.595490
T60A_S63A,12.701970,6.988300
T60A_S63A,12.207500,6.176380
T60A_S63A,12.490990,9.138640
T60A_S63A,12.935870,9.133440
T60A_S63A,12.625820,8.057430
T60A_S63A,12.065610,5.919330
T60A_S63A,12.238670,6.369140
T60A_S63A,12.022620,5.555490
T60A_S63A,11.712120,5.590610
T60A_S63A,11.334130,2.954220
T60A_S63A,11.938490,3.336590
T60A_S63A,12.311800,4.321580
T60A_S63A,11.819510,6.523970
T60A_S63A,11.365240,5.937860
T60A_S63A,11.511430,5.687030
T60A_S63A,12.126370,4.308680
T60A_S63A,12.439200,6.049420
T60A_S63A,11.575950,4.317760
T60A_S63A,11.627850,5.141250
T60A_S63A,12.015980,5.196050
T60A_S63A,11.496240,6.027900
T60A_S63A,11.667700,5.726700
T60A_S63A,11.833590,3.461930
T60A_S63A,11.370470,4.518040
T60A_S63A,11.479260,3.824290
T60A_S63A,10.940950,3.788990
T60A_S63A,10.870500,4.157880
T60A_S63A,11.492720,3.812310
T60A_S63A,11.556990,5.329000
T60A_S63A,11.487390,4.873290
T60A_S63A,12.621550,4.350530
T60A_S63A,11.710740,4.258090
T60A_S63A,11.968710,4.322580
T60A_S63A,11.313260,1.903590
T60A_S63A,11.460130,2.819620
T60A_S63A,12.289080,5.945220
T60A_S63A,11.283290,4.682590
T60A_S63A,10.833620,3.872810
T60A_S63A,11.573730,3.899350
T60A_S63A,11.448600,5.459850
T60A_S63A,11.845910,4.742910
T60A_S63A,11.644920,6.801140
T60A_S63A,11.659780,5.582790
T60A_S63A,11.102270,3.033960
T60A_S63A,11.561780,2.876530
T60A_S63A,12.206620,3.579600
T60A_S63A,11.570790,5.027750
T60A_S63A,11.163300,2.566250
T60A_S63A,12.045900,2.279940
T60A_S63A,11.570110,3.266640
T60A_S63A,11.445000,4.988170
T60A_S63A,11.973680,2.448340
T60A_S63A,12.415970,4.208790
T60A_S63A,12.199840,3.615010
T60A_S63A,11.916150,3.845550
T60A_S63A,12.080140,3.965580
T60A_S63A,12.156160,3.478170
T60A_S63A,12.261990,3.547660
T60A_S63A,11.945380,2.835970
T60A_S63A,12.016190,3.873610
T60A_S63A,11.997130,3.324700
T60A_S63A,13.026180,4.687060
T60A_S63A,12.639600,5.631550
T60A_S63A,12.390870,3.931330
T60A_S63A,12.168950,4.762450
T60A_S63A,12.632870,5.527980
T60A_S63A,12.224700,4.110410
T60A_S63A,12.696850,4.330380
T60A_S63A,12.583420,3.998900
T60A_S63A,12.194880,2.983250
T60A_S63A,11.667540,3.327380
T60A_S63A,11.606570,3.001710
T60A_S63A,11.636190,4.099400
T60A_S63A,12.361450,4.502390
T60A_S63A,12.291540,2.503360
T60A_S63A,12.499300,4.276140
T60A_S63A,11.932770,3.474490
T60A_S63A,12.054790,3.043120
T60A_S63A,11.848890,4.056030
T60A_S63A,11.631810,1.201350
T60A_S63A,11.836740,2.983720
T60A_S63A,11.874190,2.739500
T60A_S63A,12.672360,2.830860
T60A_S63A,12.674610,2.191580
T60A_S63A,12.252840,4.471050
T60A_S63A,11.881840,5.504040
T60A_S63A,11.583280,4.359170
T60A_S63A,12.503760,3.637960
T60A_S63A,12.570740,4.400080
T60A_S63A,12.161540,6.022890
T60A_S63A,11.594040,5.348120
T60A_S63A,12.134480,4.284050
T60A_S63A,11.757000,2.083750
T60A_S63A,12.107430,1.983750
T60A_S63A,11.953270,2.810900
T60A_S63A,12.144420,2.838300
T60A_S63A,12.229300,2.908010
T60A_S63A,12.458970,2.420230
T60A_S63A,12.511330,2.567310
T60A_S63A,11.958050,2.598130
T60A_S63A,12.127970,4.848560
T60A_S63A,11.558200,2.989110
T60A_S63A,12.318110,3.216100
T60A_S63A,12.431050,1.068750
T60A_S63A,12.223150,1.849620
T60A_S63A,11.937800,2.554470
T60A_S63A,12.812900,3.169330
T60A_S63A,12.281320,2.076500
T60A_S63A,12.090630,2.659090
T60A_S63A,12.649040,2.762140
T60A_S63A,11.997830,4.444420
T60A_S63A,11.800090,3.435680
T60A_S63A,11.922200,2.641590
T60A_S63A,11.947410,1.884700
T60A_S63A,12.407490,3.072890
T60A_S63A,11.831420,4.721520
T60A_S63A,11.187310,4.783450
T60A_S63A,11.822450,4.229700
T60A_S63A,11.787820,4.017780
T60A_S63A,11.883340,4.176070
T60A_S63A,11.373350,4.206090
T60A_S63A,11.910750,5.756650
T60A_S63A,12.622020,4.540100
T60A_S63A,12.218780,4.380170
T60A_S63A,11.540210,5.626930
T60A_S63A,12.379610,4.788700
T60A_S63A,11.969560,3.145270
T60A_S63A,12.828090,2.191380
T60A_S63A,12.304370,2.857720
T60A_S63A,11.967390,3.947810
T60A_S63A,12.468280,2.814230
T60A_S63A,12.207770,5.224710
T60A_S63A,11.700830,3.156360
T60A_S63A,11.650120,3.475780
T60A_S63A,11.812410,0.124160
T60A_S63A,10.973300,1.036560
T60A_S63A,11.811180,3.672740
T60A_S63A,12.034830,4.737980
T60A_S63A,11.924370,4.068520
T60A_S63A,12.130000,2.928180
T60A_S63A,11.842750,2.685860
T60A_S63A,10.725100,2.051030
T60A_S63A,11.314570,2.867260
T60A_S63A,12.206550,3.657220
T60A_S63A,11.442170,3.476470
T60A_S63A,12.234890,3.921060
T60A_S63A,12.231230,4.308830
T60A_S63A,12.191480,6.378170
T60A_S63A,12.292170,4.052290
T60A_S63A,11.832440,3.619170
T60A_S63A,12.096340,4.388020
T60A_S63A,12.084960,4.242130
T60A_S63A,12.254110,5.049620
T60A_S63A,11.815830,4.164740
T60A_S63A,11.528390,3.680980
T60A_S63A,11.534910,3.358350
T60A_S63A,11.538370,2.904350
T60A_S63A,11.764550,3.807790
T60A_S63A,11.036160,4.207890
T60A_S63A,12.327330,2.511060
T60A_S63A,11.996460,5.551580
T60A_S63A,12.363690,3.803720
T60A_S63A,12.040810,4.740040
T60A_S63A,11.792520,4.069180
T60A_S63A,11.832170,3.208680
T60A_S63A,11.823820,3.717470
T60A_S63A,11.018810,2.581710
T60A_S63A,11.752250,0.940650
T60A_S63A,11.867920,0.758620
T60A_S63A,12.205330,5.343260
T60A_S63A,11.573190,4.029330
T60A_S63A,11.639160,2.618860
T60A_S63A,11.509040,4.772470
T60A_S63A,12.272460,5.396390
T60A_S63A,10.976870,3.246730
T60A_S63A,11.451330,3.106840
T60A_S63A,10.939730,3.197210
T60A_S63A,10.344440,2.316660
T60A_S63A,11.260950,1.958010
T60A_S63A,11.667000,3.129920
T60A_S63A,11.045370,3.654850
T60A_S63A,11.513820,3.879950
T60A_S63A,11.243690,4.364120
T60A_S63A,11.113900,5.158130
T60A_S63A,10.980480,3.827690
T60A_S63A,11.374520,4.673450
T60A_S63A,12.126620,4.877900
T60A_S63A,11.459100,3.653270
T60A_S63A,12.464040,6.701760
T60A_S63A,11.725320,4.045160
T60A_S63A,11.769520,2.094690
T60A_S63A,11.586990,3.078360
T60A_S63A,11.279620,5.277160
T60A_S63A,11.886180,5.351680
T60A_S63A,12.022260,3.536350
T60A_S63A,11.886670,5.663810
T60A_S63A,10.886190,3.653650
T60A_S63A,11.169960,1.167930
T60A_S63A,11.271860,2.972790
T60A_S63A,12.012490,3.358960
T60A_S63A,11.376500,4.705910
T60A_S63A,12.340310,4.477800
T60A_S63A,11.647250,4.461470
T60A_S63A,10.962020,2.875330
T60A_S63A,11.896740,4.602550
T60A_S63A,11.923370,4.645010
T60A_S63A,12.433590,4.256380
T60A_S63A,12.105650,4.337230
T60A_S63A,11.345460,2.227210
T60A_S63A,11.023630,1.558790
T60A_S63A,11.826020,3.184420
T60A_S63A,11.566380,0.684430
T60A_S63A,11.500460,3.536760
T60A_S63A,11.508280,2.057680
T60A_S63A,10.383180,2.715360
T60A_S63A,10.745240,3.328650
T60A_S63A,11.034120,4.017960
T60A_S63A,10.446160,0.508890
T60A_S63A,10.609670,2.203580
T60A_S63A,11.593880,5.283390
T60A_S63A,11.649210,3.575860
T60A_S63A,10.887010,2.010000
T60A_S63A,11.561790,1.513230
T60A_S63A,11.361630,0.130460
T60A_S63A,10.968750,1.281970
T60A_S63A,11.052920,1.412640
T60A_S63A,11.860350,1.669450
T60A_S63A,12.320520,5.250050
T60A_S63A,13.221310,5.526610
T60A_S63A,12.664680,5.804530
T60A_S63A,11.932920,7.248660
T60A_S63A,12.295690,3.807480
T60A_S63A,11.715320,1.343210
T60A_S63A,11.729580,3.739090
T60A_S63A,11.553180,0.436890
T60A_S63A,12.631710,3.625850
T60A_S63A,11.935390,3.771040
T60A_S63A,11.130720,2.338260
T60A_S63A,11.955100,1.032720
T60A_S63A,11.730980,1.975990
T60A_S63A,11.164210,2.138000
T60A_S63A,11.856020,0.156490
T60A_S63A,11.300850,3.516160
T60A_S63A,11.410130,5.919710
T60A_S63A,12.222110,3.900500
T60A_S63A,11.303130,1.925360
T60A_S63A,11.034180,3.808850
T60A_S63A,12.398910,2.120430
T60A_S63A,12.337800,3.996030
T60A_S63A,12.013320,3.714690
T60A_S63A,12.060210,3.047560
T60A_S63A,11.501820,2.993090
T60A_S63A,11.173570,3.930930
T60A_S63A,11.984160,1.997150
T60A_S63A,11.773830,3.501440
T60A_S63A,12.128660,3.083380
T60A_S63A,12.584890,5.360570
T60A_S63A,12.293480,3.603640
T60A_S63A,12.379590,2.102650
T60A_S63A,11.882690,1.422050
T60A_S63A,12.046480,1.524830
T60A_S63A,11.838640,1.045040
T60A_S63A,11.643110,1.989950
T60A_S63A,12.448980,2.231160
T60A_S63A,12.186350,-0.252440
T60A_S63A,12.721370,1.200120
T60A_S63A,12.115750,-0.250690
T60A_S63A,11.820790,0.330800
T60A_S63A,11.935590,0.157960
T60A_S63A,12.123180,2.035130
T60A_S63A,11.687850,3.690960
T60A_S63A,11.923210,4.419050
T60A_S63A,11.402440,4.618430
T60A_S63A,11.355250,3.698490
T60A_S63A,11.786460,4.161330
T60A_S63A,11.880200,5.247380
T60A_S63A,12.112000,4.904400
T60A_S63A,11.479930,5.229220
T60A_S63A,11.052040,4.964310
T60A_S63A,11.390770,4.508390
T60A_S63A,11.730790,5.436960
T60A_S63A,11.794330,6.632470
T60A_S63A,11.972040,5.610070
T60A_S63A,11.705830,6.549610
T60A_S63A,12.306530,6.708590
T60A_S63A,12.075740,8.165720
T60A_S63A,12.481040,7.644300
T60A_S63A,12.437490,6.506570
T60A_S63A,12.710600,5.927050
T60A_S63A,11.808990,5.900320
T60A_S63A,12.189670,6.571340
T60A_S63A,12.269490,6.246400
T60A_S63A,12.025290,6.221100
T60A_S63A,12.184050,4.617380
T60A_S63A,12.246910,4.196530
T60A_S63A,12.101350,4.765540
T60A_S63A,12.021290,2.132430
T60A_S63A,11.634420,4.259110
T60A_S63A,12.416900,6.728440
T60A_S63A,12.322080,5.760650
T60A_S63A,12.110950,3.706710
T60A_S63A,12.617440,5.797750
T60A_S63A,11.475710,6.973980
T60A_S63A,11.705280,4.361850
T60A_S63A,11.703940,4.305280
T60A_S63A,11.611270,8.460480
T60A_S63A,11.661890,6.202500
T60A_S63A,11.628390,5.507500
T60A_S63A,11.919830,6.378210
T60A_S63A,11.635630,5.798800
T60A_S63A,12.195470,5.019940
T60A_S63A,12.353730,5.693000
T60A_S63A,12.112610,5.113850
T60A_S63A,12.244910,3.349980
T60A_S63A,11.834090,5.142920
T60A_S63A,11.883710,5.415500
T60A_S63A,11.459680,3.913780
T60A_S63A,11.535260,2.192400
T60A_S63A,11.881550,3.316880
T60A_S63A,11.891380,2.951700
T60A_S63A,11.654030,2.107080
T60A_S63A,12.383730,0.232300
T60A_S63A,11.827840,3.171630
T60A_S63A,10.815680,2.539320
T60A_S63A,11.081820,3.575550
T60A_S63A,11.172030,2.273260
T60A_S63A,11.118880,1.541380
T60A_S63A,11.743920,1.917640
T60A_S63A,11.640910,2.256780
T60A_S63A,10.775350,4.552050
T60A_S63A,12.030890,6.222010
T60A_S63A,11.574420,6.535040
T60A_S63A,11.040860,3.697360
T60A_S63A,11.562090,6.472910
T60A_S63A,11.712900,4.417780
T60A_S63A,12.245250,4.404930
T60A_S63A,11.231740,4.031700
T60A_S63A,11.291120,3.074460
T60A_S63A,11.339770,3.116480
T60A_S63A,11.107360,3.545200
T60A_S63A,10.629550,1.353060
T60A_S63A,11.654670,2.720290
T60A_S63A,11.495770,3.049100
T60A_S63A,11.314480,1.498700
T60A_S63A,10.525120,2.566390
T60A_S63A,11.087220,3.180470
T60A_S63A,11.049800,1.331140
T60A_S63A,11.314350,1.004960
T60A_S63A,11.728150,1.930980
T60A_S63A,12.291940,1.762510
T60A_S63A,11.714340,0.713110
T60A_S63A,12.536960,2.130460
T60A_S63A,12.636680,3.981250
T60A_S63A,12.795370,1.795380
T60A_S63A,13.419820,2.113290
T60A_S63A,12.695350,2.704660
T60A_S63A,11.520390,2.644470
T60A_S63A,12.618940,4.133750
T60A_S63A,11.846210,3.570340
T60A_S63A,12.043200,4.927600
T60A_S63A,12.519260,3.117600
T60A_S63A,11.744130,2.212150
T60A_S63A,11.306190,1.586990
T60A_S63A,11.816110,0.176460
T60A_S63A,11.519870,1.577800
T60A_S63A,12.105910,2.179060
T60A_S63A,11.980440,2.216340
T60A_S63A,10.873770,2.597220
T60A_S63A,11.408690,3.618470
T60A_S63A,11.568000,4.285470
T60A_S63A,10.896810,3.915440
T60A_S63A,11.751660,6.699450
T60A_S63A,11.918790,4.441130
T60A_S63A,12.318600,6.412010
T60A_S63A,12.615990,5.446880
T60A_S63A,12.003840,5.473450
T60A_S63A,12.053360,7.023190
T60A_S63A,12.213760,4.985140
T60A_S63A,12.469710,6.803930
T60A_S63A,12.459000,5.163430
T60A_S63A,12.014470,5.251960
T60A_S63A,11.096700,5.935680
T60A_S63A,10.820060,7.102930
T60A_S63A,10.478590,5.790360
T60A_S63A,11.269230,8.155500
T60A_S63A,11.272550,6.268970
T60A_S63A,9.846050,3.303180
T60A_S63A,10.327100,1.394940
T60A_S63A,11.280650,2.849240
T60A_S63A,10.627160,2.684840
T60A_S63A,10.724430,4.173580
T60A_S63A,10.376970,3.006920
T60A_S63A,10.402460,4.080230
T60A_S63A,9.701570,5.477310
T60A_S63A,9.798320,5.547460
T60A_S63A,10.572270,5.224140
T60A_S63A,10.979210,7.465630
T60A_S63A,11.096640,8.423500
T60A_S63A,10.658650,7.274260
T60A_S63A,10.750700,5.422180
T60A_S63A,-52.000100,3.737580
T60A_S63A,-53.420720,4.301660
T60A_S63A,11.096610,9.777030
T60A_S63A,10.100410,8.418830
T60A_S63A,10.778790,7.503350
T60A_S63A,10.806080,7.982150
T60A_S63A,10.844140,6.593300
T60A_S63A,11.747640,5.654950
T60A_S63A,12.256350,6.643800
T60A_S63A,11.736180,8.620060
T60A_S63A,12.011280,7.163870
T60A_S63A,10.990150,7.641050
T60A_S63A,11.098050,7.072060
T60A_S63A,10.362390,5.306570
T60A_S63A,10.112320,4.492910
T60A_S63A,9.962690,4.110690
T60A_S63A,10.713130,6.537490
T60A_S63A,10.750510,8.819490
T60A_S63A,10.608500,9.577250
T60A_S63A,10.737790,7.126850
T60A_S63A,10.172140,4.880730
T60A_S63A,10.073560,4.327300
T60A_S63A,11.150210,5.931890
T60A_S63A,10.484880,5.478690
T60A_S63A,10.453840,5.150790
T60A_S63A,10.401600,5.650900
T60A_S63A,11.093190,7.248090
T60A_S63A,11.651140,6.710980
T60A_S63A,11.705200,6.370290
T60A_S63A,11.307010,7.136860
T60A_S63A,9.830490,7.320170
T60A_S63A,10.659130,6.841830
T60A_S63A,11.283230,6.783590
T60A_S63A,11.543480,7.325720
T60A_S63A,10.882020,5.880650
T60A_S63A,10.697890,6.009580
T60A_S63A,10.924040,3.753210
T60A_S63A,10.818210,4.728280
T60A_S63A,9.926360,5.871700
T60A_S63A,11.038600,5.653070
T60A_S63A,10.308240,5.042520
T60A_S63A,10.924700,3.724790
T60A_S63A,10.559550,4.367180
T60A_S63A,10.522490,4.295860
T60A_S63A,9.625810,4.677080
T60A_S63A,8.470400,3.298820
T60A_S63A,10.415990,3.115890
T60A_S63A,9.446700,0.760180
T60A_S63A,10.469950,-0.509920
T60A_S63A,-53.635820,2.477860
T60A_S63A,-51.819420,4.045640
T60A_S63A,-51.238610,4.349900
T60A_S63A,-51.885090,5.691880
T60A_S63A,-51.502230,3.346720
T60A_S63A,-52.341430,1.786870
T60A_S63A,-50.652810,1.030430
T60A_S63A,-51.893780,3.705050
T60A_S63A,-50.735360,2.503530
T60A_S63A,-52.070660,-0.279600
T60A_S63A,-51.643630,0.431260
T60A_S63A,-50.757600,2.345130
T60A_S63A,-50.737460,4.011540
T60A_S63A,-52.648970,3.444290
T60A_S63A,-50.324890,0.662460
T60A_S63A,-51.232530,3.019330
T60A_S63A,-50.530030,-1.287200
T60A_S63A,-51.731860,1.818790
T60A_S63A,-48.953140,4.778680
T60A_S63A,-51.314240,6.728550
T60A_S63A,-53.211540,2.861450
T60A_S63A,-51.460220,1.078570
T60A_S63A,8.541750,-7.663090
T60A_S63A,-48.241100,3.097810
T60A_S63A,-46.786590,2.805230
T60A_S63A,-48.332050,0.042420
T60A_S63A,-46.383790,-1.030190
T60A_S63A,-44.733000,-0.265630
T60A_S63A,-42.898240,0.562940
T60A_S63A,-43.585920,4.163970
T60A_S63A,-45.105980,2.854530
T60A_S63A,-47.409640,2.000480
T60A_S63A,-45.940080,0.236890
T60A_S63A,-46.006010,0.136950
T60A_S63A,-50.148940,-3.251720
T60A_S63A,-51.376540,-3.886650
T60A_S63A,-55.055440,-3.260070
T60A_S63A,6.266600,-7.718990
T60A_S63A,-56.849490,-3.243400
T60A_S63A,-56.576330,-1.930170
T60A_S63A,-55.570680,-3.193370
T60A_S63A,6.491180,-7.847980
T60A_S63A,-57.288650,-2.435840
T60A_S63A,-57.647910,-5.322230
T60A_S63A,-61.520900,-9.049680
T60A_S63A,6.572850,-11.433800
T60A_S63A,4.903110,-12.355210
T60A_S63A,4.807210,-9.448230
T60A_S63A,-61.118230,-5.407360
T60A_S63A,-62.918890,-5.595110
T60A_S63A,5.252170,-9.527780
T60A_S63A,5.948760,-7.484830
T60A_S63A,-62.525500,-2.819900
T60A_S63A,6.264630,-9.598500
T60A_S63A,5.661020,-9.404900
T60A_S63A,-62.857280,-4.656390
T60A_S63A,-61.518550,-6.559170
T60A_S63A,-59.321460,-6.037820
T60A_S63A,-61.367690,-6.640160
T60A_S63A,6.653480,-13.178910
T60A_S63A,6.182680,-11.137690
T60A_S63A,6.461750,-10.774370
T60A_S63A,6.615050,-12.756790
T60A_S63A,8.029600,-8.790890
T60A_S63A,7.418960,-7.861460
T60A_S63A,5.192030,-11.377700
T60A_S63A,4.806790,-12.450170
T60A_S63A,3.706590,-16.414400
T60A_S63A,3.902080,-15.762790
T60A_S63A,3.267490,-17.362700
T60A_S63A,3.635920,-16.903920
T60A_S63A,3.041830,-16.217320
T60A_S63A,2.964600,-17.360300
T60A_S63A,3.162710,-17.195140
T60A_S63A,3.457970,-18.248530
T60A_S63A,3.886010,-16.757910
T60A_S63A,2.895490,-17.295200
T60A_S63A,2.403440,-15.226970
T60A_S63A,2.420150,-14.117750
T60A_S63A,2.139430,-14.893120
T60A_S63A,2.171070,-15.539960
T60A_S63A,1.818710,-15.844410
T60A_S63A,2.818800,-16.338690
T60A_S63A,3.413300,-14.013480
T60A_S63A,3.387570,-14.706980
T60A_S63A,3.909690,-14.907200
T60A_S63A,3.503270,-16.676080
T60A_S63A,4.028830,-15.262400
T60A_S63A,4.188830,-12.782430
T60A_S63A,4.355890,-13.239650
T60A_S63A,4.142380,-12.451680
T60A_S63A,5.126880,-11.953620
T60A_S63A,6.711190,-14.507610
T60A_S63A,2.308990,-18.232430
T60A_S63A,2.388600,-18.981570
T60A_S63A,2.232710,-18.257740
T60A_S63A,0.993630,-18.518250
T60A_S63A,3.979130,-18.844820
T60A_S63A,3.342060,-19.046780
T60A_S63A,0.940300,-17.869460
T60A_S63A,2.530950,-19.381030
T60A_S63A,5.034890,-21.224590
T60A_S63A,4.897400,-22.546490
T60A_S63A,5.653580,-22.991320
T60A_S63A,7.057340,-22.615660
T60A_S63A,6.506850,-22.246720
T60A_S63A,7.449300,-21.099690
T60A_S63A,6.753030,-21.476980
T60A_S63A,7.113130,-21.095940
T60A_S63A,7.132530,-21.857160
T60A_S63A,5.759110,-20.223830
T60A_S63A,5.807860,-21.310930
T60A_S63A,6.220800,-21.282320
T60A_S63A,5.522890,-22.202330
T60A_S63A,5.745750,-23.164920
T60A_S63A,6.284070,-22.021820
T60A_S63A,6.180110,-21.418810
T60A_S63A,6.600570,-21.381610
T60A_S63A,6.329910,-19.098970
T60A_S63A,7.230580,-18.913180
T60A_S63A,5.757350,-18.421630
T60A_S63A,7.000620,-18.783270
T60A_S63A,7.716050,-18.383550
T60A_S63A,7.629960,-17.862210
T60A_S63A,8.025770,-18.415210
T60A_S63A,7.712690,-18.539670
T60A_S63A,7.668500,-20.428200
T60A_S63A,7.917590,-19.950540
T60A_S63A,7.990910,-20.711500
T60A_S63A,7.490970,-21.015880
T60A_S63A,7.455930,-18.917950
T60A_S63A,7.274740,-19.134190
T60A_S63A,8.570550,-19.555270
T60A_S63A,8.094480,-19.646130
T60A_S63A,8.296510,-20.971110
T60A_S63A,7.038990,-21.004410
T60A_S63A,7.482000,-20.147780
T60A_S63A,7.185240,-20.865150
T60A_S63A,7.634980,-19.015220
T60A_S63A,6.870790,-20.434110
T60A_S63A,8.219230,-20.729160
T60A_S63A,7.743890,-21.017880
T60A_S63A,8.060430,-21.457380
T60A_S63A,7.640420,-20.591400
T60A_S63A,7.947260,-18.522450
T60A_S63A,8.207270,-19.559530
T60A_S63A,7.559560,-19.707550
T60A_S63A,7.499310,-21.415680
T60A_S63A,7.659250,-20.924090
T60A_S63A,7.543650,-22.148920
T60A_S63A,7.811480,-22.860910
T60A_S63A,7.547500,-22.659780
T60A_S63A,8.422360,-23.671650
T60A_S63A,8.610300,-23.535820
T60A_S63A,7.413750,-23.672760
T60A_S63A,6.008270,-23.194790
T60A_S63A,5.449420,-23.351140
T60A_S63A,4.959950,-24.971850
T60A_S63A,4.793300,-23.970670
T60A_S63A,4.839530,-24.398960
T60A_S63A,4.563080,-22.514680
T60A_S63A,3.931230,-23.186700
T60A_S63A,2.591300,-20.946710
T60A_S63A,4.569890,-19.708120
T60A_S63A,3.036820,-18.394070
T60A_S63A,3.833090,-19.528390
T60A_S63A,3.288580,-16.871240
T60A_S63A,4.380230,-16.676920
T60A_S63A,4.979130,-16.537050
T60A_S63A,5.683090,-18.187480
T60A_S63A,4.187490,-15.735680
T60A_S63A,3.032040,-16.698560
T60A_S63A,3.103300,-18.779990
T60A_S63A,4.628410,-17.642680
T60A_S63A,4.124790,-17.710940
T60A_S63A,5.686070,-12.718590
T60A_S63A,3.751120,-16.360930
T60A_S63A,3.921200,-13.536980
T60A_S63A,2.207040,-11.012190
T60A_S63A,-0.466750,-12.710330
T60A_S63A,-22.628240,16.350810
T60A_S63A,-2.416820,-14.817060
T60A_S63A,-5.641610,-13.037310
T60A_S63A,-1.048140,-11.478340
T60A_S63A,1.315770,-9.339700
T60A_S63A,-25.604770,14.770940
T60A_S63A,-26.745500,13.534220
T60A_S63A,-3.042810,-15.631700
T60A_S63A,-21.795800,10.554880
T60A_S63A,-3.687560,-16.567550
T60A_S63A,-3.983000,-19.175150
T60A_S63A,-6.427350,-17.498220
T60A_S63A,-6.953120,-16.441580
T60A_S63A,-8.273360,-19.751230
T60A_S63A,-5.570720,-20.067510
T60A_S63A,-9.430700,-21.051960
T60A_S63A,-6.376810,-20.497600
T60A_S63A,-3.899450,-20.767530
T60A_S63A,-1.201620,-18.521210
T60A_S63A,1.621800,-18.708120
T60A_S63A,2.466070,-19.329590
T60A_S63A,-0.971970,-21.282200
T60A_S63A,-1.949170,-21.559900
T60A_S63A,1.647320,-20.360360
T60A_S63A,3.748990,-20.648460
T60A_S63A,5.835060,-18.620310
T60A_S63A,5.496200,-18.224430
T60A_S63A,7.896490,-17.566020
T60A_S63A,8.011160,-13.662000
T60A_S63A,6.179920,-15.384960
T60A_S63A,5.720100,-14.622430
T60A_S63A,4.151230,-15.476790
T60A_S63A,4.019880,-15.741010
T60A_S63A,4.382270,-11.610770
T60A_S63A,4.418780,-12.761800
T60A_S63A,5.166710,-13.979040
T60A_S63A,5.716970,-14.994860
T60A_S63A,6.834300,-13.239510
T60A_S63A,5.382990,-18.351820
T60A_S63A,5.874030,-16.438370
T60A_S63A,5.739390,-17.433890
T60A_S63A,5.437980,-17.526610
T60A_S63A,4.522730,-17.432320
T60A_S63A,5.845610,-17.173840
T60A_S63A,5.374940,-20.692330
T60A_S63A,4.444270,-21.605110
T60A_S63A,4.968590,-20.628110
T60A_S63A,5.112540,-19.741580
T60A_S63A,5.231850,-19.117530
T60A_S63A,6.638440,-20.206480
T60A_S63A,4.976670,-19.818350
T60A_S63A,5.377180,-19.582290
T60A_S63A,5.862490,-19.226310
T60A_S63A,7.132470,-18.380270
T60A_S63A,6.203320,-19.298430
T60A_S63A,6.592060,-19.337200
T60A_S63A,6.272760,-19.290190
T60A_S63A,7.604220,-17.689710
T60A_S63A,7.208520,-19.138420
T60A_S63A,6.828440,-20.315120
T60A_S63A,6.419960,-19.540000
T60A_S63A,6.973660,-19.612910
T60A_S63A,7.019890,-20.367260
T60A_S63A,5.852290,-21.080020
T60A_S63A,6.880070,-20.648190
T60A_S63A,6.748020,-22.279460
T60A_S63A,5.065680,-22.928490
T60A_S63A,7.325710,-22.404140
T60A_S63A,6.615040,-23.644250
T60A_S63A,6.636480,-23.130390
T60A_S63A,6.890840,-23.491700
T60A_S63A,6.436790,-22.913150
T60A_S63A,6.969590,-22.129500
T60A_S63A,6.242510,-23.384860
T60A_S63A,7.017800,-22.263980
T60A_S63A,6.051180,-22.977470
T60A_S63A,6.024430,-22.341210
T60A_S63A,6.835590,-20.811200
T60A_S63A,7.522960,-21.572700
T60A_S63A,6.924740,-21.276370
T60A_S63A,7.448040,-20.999630
T60A_S63A,6.936970,-20.972600
T60A_S63A,5.982850,-20.219820
T60A_S63A,7.542830,-20.779990
T60A_S63A,7.447260,-19.070980
T60A_S63A,7.696270,-19.799070
T60A_S63A,6.755000,-17.521310
T60A_S63A,6.724860,-17.627750
T60A_S63A,5.795480,-19.437560
T60A_S63A,5.192700,-19.768600
T60A_S63A,5.840480,-22.641460
T60A_S63A,5.987960,-22.746030
T60A_S63A,6.288980,-21.931560
T60A_S63A,6.506780,-24.177520
T60A_S63A,6.490860,-24.377680
T60A_S63A,4.454600,-23.941720
T60A_S63A,5.584020,-23.531140
T60A_S63A,5.907720,-23.415860
T60A_S63A,6.529100,-23.768930
T60A_S63A,6.780600,-22.407440
T60A_S63A,7.098420,-23.401980
T60A_S63A,6.841750,-23.532070
T60A_S63A,6.858920,-22.322630
T60A_S63A,6.773940,-21.918830
T60A_S63A,6.527870,-20.589040
T60A_S63A,6.642000,-22.001630
T60A_S63A,5.493490,-22.044800
T60A_S63A,6.861130,-20.638430
T60A_S63A,6.042930,-21.713750
T60A_S63A,6.672010,-20.547140
T60A_S63A,7.064100,-20.287200
T60A_S63A,6.930010,-20.621700
T60A_S63A,6.381120,-22.196020
T60A_S63A,5.982270,-22.453200
T60A_S63A,5.981640,-22.973060
T60A_S63A,6.373010,-23.156210
T60A_S63A,6.644610,-21.835200
T60A_S63A,6.125520,-22.811830
T60A_S63A,6.746660,-22.980660
T60A_S63A,7.382920,-22.801820
T60A_S63A,6.652510,-20.823930
T60A_S63A,6.526430,-18.383670
T60A_S63A,6.653550,-20.012210
T60A_S63A,6.298090,-19.676030
T60A_S63A,7.364720,-19.250410
T60A_S63A,6.434980,-19.497770
T60A_S63A,6.223450,-15.600520
T60A_S63A,7.152990,-15.695990
T60A_S63A,7.782450,-17.191950
T60A_S63A,7.988160,-16.931660
T60A_S63A,7.227720,-16.739520
T60A_S63A,6.074170,-19.529380
T60A_S63A,6.594990,-19.606350
T60A_S63A,7.276880,-20.254890
T60A_S63A,7.207890,-21.148530
T60A_S63A,6.064300,-20.515850
T60A_S63A,6.757560,-20.914340
T60A_S63A,7.544570,-19.048830
T60A_S63A,7.594310,-16.794450
T60A_S63A,7.270940,-18.782270
T60A_S63A,6.921350,-18.573500
T60A_S63A,7.427010,-19.698560
T60A_S63A,7.603660,-19.493470
T60A_S63A,7.294700,-20.530110
T60A_S63A,6.293320,-20.754670
T60A_S63A,6.528530,-21.102300
T60A_S63A,6.810240,-20.004180
T60A_S63A,6.803790,-21.016320
T60A_S63A,6.731810,-20.258750
T60A_S63A,6.895500,-20.018010
T60A_S63A,7.091080,-18.299730
T60A_S63A,7.514860,-17.994020
T60A_S63A,6.377200,-19.291560
T60A_S63A,6.851330,-18.008820
T60A_S63A,6.862850,-17.439360
T60A_S63A,7.601780,-15.540130
T60A_S63A,7.104180,-15.197690
T60A_S63A,8.623390,-13.173280
T60A_S63A,7.689480,-12.488210
T60A_S63A,7.494100,-15.570170
T60A_S63A,7.043740,-10.160840
T60A_S63A,8.137720,-12.172660
T60A_S63A,8.342430,-12.058800
T60A_S63A,7.410930,-12.690290
T60A_S63A,8.067670,-13.618140
T60A_S63A,6.704350,-13.646470
T60A_S63A,7.529020,-10.736880
T60A_S63A,8.030910,-10.092470
T60A_S63A,8.110310,-11.363400
T60A_S63A,7.749440,-11.006230
T60A_S63A,7.396860,-10.643700
T60A_S63A,7.751650,-12.489210
T60A_S63A,8.996090,-13.991350
T60A_S63A,8.990380,-12.192640
T60A_S63A,8.351130,-11.321280
T60A_S63A,8.578830,-12.762850
T60A_S63A,8.898540,-10.904630
T60A_S63A,8.196820,-6.158980
T60A_S63A,8.330630,-4.745620
T60A_S63A,7.178610,0.556580
T60A_S63A,8.433480,-11.377990
T60A_S63A,8.098060,-9.975020
T60A_S63A,7.437530,-7.633810
T60A_S63A,8.556110,-8.940190
T60A_S63A,8.061020,-4.228690
T60A_S63A,9.032170,-8.595870
T60A_S63A,9.203520,-7.982760
T60A_S63A,9.081550,-7.753720
T60A_S63A,7.567740,-8.829050
T60A_S63A,6.712490,-1.514660
T60A_S63A,6.395440,7.884010
T60A_S63A,4.913910,11.124050
T60A_S63A,7.161180,-2.200100
T60A_S63A,5.790900,2.273000
T60A_S63A,4.022730,11.133870
T60A_S63A,2.888790,7.120430
T60A_S63A,2.022500,10.966560
T60A_S63A,3.231920,4.383670
T60A_S63A,6.000380,-11.043780
T60A_S63A,5.788780,-13.203620
T60A_S63A,4.612960,-3.605800
T60A_S63A,5.023530,-4.573520
T60A_S63A,4.883210,-3.841910
T60A_S63A,5.311600,-10.745950
T60A_S63A,4.527680,-8.582090
T60A_S63A,4.851350,-10.905380
T60A_S63A,5.837680,-9.657420
T60A_S63A,5.928990,-9.293790
T60A_S63A,5.288790,-8.966690
T60A_S63A,5.826860,-8.514790
T60A_S63A,7.740240,-7.092480
T60A_S63A,4.754810,-6.787310
T60A_S63A,6.316040,-9.767910
T60A_S63A,5.743580,-8.695140
T60A_S63A,4.857470,-10.556010
T60A_S63A,6.722380,-10.073190
T60A_S63A,6.249240,-7.376430
T60A_S63A,5.469450,-6.262770
T60A_S63A,4.297850,-3.724840
T60A_S63A,4.881610,-5.539310
T60A_S63A,5.035110,-10.380320
T60A_S63A,5.120240,-6.117110
T60A_S63A,4.561170,-2.419090
T60A_S63A,4.873390,-8.484700
T60A_S63A,6.600940,-6.569210
T60A_S63A,4.381670,-0.972100
T60A_S63A,3.571930,-6.104590
T60A_S63A,3.169100,-0.572500
T60A_S63A,2.850440,-2.128610
T60A_S63A,3.294240,-5.028260
T60A_S63A,5.520920,-9.004530
T60A_S63A,5.165240,-3.815260
T60A_S63A,6.401890,-9.064780
T60A_S63A,5.553630,-7.961570
T60A_S63A,6.346680,-11.181160
T60A_S63A,6.032500,-8.583150
T60A_S63A,5.678200,-12.002790
T60A_S63A,6.477500,-11.889250
T60A_S63A,5.403130,-10.604170
T60A_S63A,3.143240,-6.451340
T60A_S63A,3.414890,-11.654420
T60A_S63A,3.646010,-13.741790
T60A_S63A,4.550420,-14.196460
T60A_S63A,4.837960,-11.446740
T60A_S63A,7.956410,-9.103520
T60A_S63A,9.284360,-7.495130
T60A_S63A,9.241690,-7.042010
T60A_S63A,8.114590,-9.146580
T60A_S63A,6.649760,-11.070450
T60A_S63A,4.244840,-14.893820
T60A_S63A,3.600140,-17.921500
T60A_S63A,3.450870,-17.568560
T60A_S63A,3.239650,-18.310510
T60A_S63A,3.581980,-18.508680
T60A_S63A,2.335060,-20.402770
T60A_S63A,2.856190,-19.002680
T60A_S63A,3.030350,-18.535390
T60A_S63A,4.542950,-16.387420
T60A_S63A,3.995650,-15.923360
T60A_S63A,4.715990,-12.361840
T60A_S63A,6.463270,-11.089130
T60A_S63A,6.171970,-11.630950
T60A_S63A,5.570490,-14.920220
T60A_S63A,4.457850,-16.809890
T60A_S63A,4.518390,-15.884090
T60A_S63A,3.653060,-17.929000
T60A_S63A,4.704030,-15.164700
T60A_S63A,3.239430,-16.292010
T60A_S63A,3.308010,-17.417530
T60A_S63A,3.305640,-17.238560
T60A_S63A,3.986280,-15.950400
T60A_S63A,3.990440,-14.238350
T60A_S63A,3.316650,-16.955360
T60A_S63A,3.655150,-12.666870
T60A_S63A,3.342280,-13.465570
T60A_S63A,2.663180,-13.637500
T60A_S63A,3.486070,-15.752570
T60A_S63A,0.841100,-8.836090
T60A_S63A,0.033660,-14.565710
T60A_S63A,1.729450,-18.424160
T60A_S63A,1.341940,-14.994660
T60A_S63A,2.588650,-17.373910
T60A_S63A,1.867660,-17.534690
T60A_S63A,2.487270,-15.997130
T60A_S63A,1.656560,-3.647800
T60A_S63A,0.808860,4.294290
T60A_S63A,2.455070,-0.744810
T60A_S63A,-0.150000,15.542100
T60A_S63A,1.090620,16.764510
T60A_S63A,1.024470,10.733350
T60A_S63A,0.943310,14.697610
T60A_S63A,-0.148420,15.747430
T60A_S63A,-0.178850,16.881130
T60A_S63A,-0.337280,17.795660
T60A_S63A,-41.174620,-4.574960
T60A_S63A,-0.826420,17.223760
T60A_S63A,-0.810050,18.199940
T60A_S63A,-1.252720,18.816750
T60A_S63A,0.130010,18.583100
T60A_S63A,1.524050,18.759760
T60A_S63A,1.175000,16.359250
T60A_S63A,0.850060,14.283890
T60A_S63A,1.174190,15.722070
T60A_S63A,0.463490,15.352600
T60A_S63A,0.461650,16.527110
T60A_S63A,0.990540,17.750670
T60A_S63A,0.536430,18.296150
T60A_S63A,0.533330,19.028250
T60A_S63A,0.227050,18.467780
T60A_S63A,0.120340,20.561480
T60A_S63A,0.585460,19.363230
T60A_S63A,1.028350,16.662590
T60A_S63A,0.204940,18.719570
T60A_S63A,0.422750,13.920620
T60A_S63A,0.716230,11.875090
T60A_S63A,0.087510,17.560710
T60A_S63A,1.467630,10.805220
T60A_S63A,2.032300,4.752080
T60A_S63A,1.643050,13.913690
T60A_S63A,0.686420,17.905640
T60A_S63A,0.942060,17.245750
T60A_S63A,0.865200,14.636060
T60A_S63A,0.973920,11.006830
T60A_S63A,1.160340,10.795280
T60A_S63A,1.192960,12.873730
T60A_S63A,3.719300,-9.030150
T60A_S63A,3.112950,-6.035150
T60A_S63A,1.543240,11.202000
T60A_S63A,1.063150,19.193560
T60A_S63A,0.833650,9.765370
T60A_S63A,1.634090,7.435060
T60A_S63A,2.432110,1.060980
T60A_S63A,1.680090,7.213030
T60A_S63A,2.209590,-0.735240
T60A_S63A,3.434330,-17.971380
T60A_S63A,4.818810,-15.045020
T60A_S63A,4.425860,-16.615630
T60A_S63A,4.624510,-13.806290
T60A_S63A,5.161370,-11.200320
T60A_S63A,3.835830,-14.466120
T60A_S63A,2.699620,-12.497080
T60A_S63A,2.487480,-14.213320
T60A_S63A,0.312560,23.416930
T60A_S63A,0.423620,18.250540
T60A_S63A,-0.719890,20.383900
T60A_S63A,0.316480,23.723160
T60A_S63A,0.795100,15.207820
T60A_S63A,2.606680,-6.446050
T60A_S63A,2.225630,-2.423280
T60A_S63A,1.185890,14.545680
T60A_S63A,1.432920,16.099640
T60A_S63A,3.118980,-2.682180
T60A_S63A,3.813760,-16.684920
T60A_S63A,1.870320,3.984270
T60A_S63A,-0.205240,14.821090
T60A_S63A,2.857210,-9.084730
T60A_S63A,2.418310,-3.882360
T60A_S63A,2.742390,-9.458820
T60A_S63A,1.826970,0.766070
T60A_S63A,1.959820,-4.765430
T60A_S63A,2.068790,-2.649950
T60A_S63A,3.109140,-13.090490
T60A_S63A,0.417300,21.568340
T60A_S63A,1.680900,10.826920
T60A_S63A,0.794650,24.160910
T60A_S63A,1.017380,20.495980
T60A_S63A,0.033330,18.174160
T60A_S63A,0.561190,20.847090
T60A_S63A,0.615190,19.248250
T60A_S63A,1.554670,11.717300
T60A_S63A,3.179730,-6.101000
T60A_S63A,2.255320,-9.197760
T60A_S63A,1.606060,6.538070
T60A_S63A,1.427770,9.282530
T60A_S63A,0.294520,15.979710
T60A_S63A,0.031030,18.221370
T60A_S63A,1.275480,8.434770
T60A_S63A,0.774870,10.216600
T60A_S63A,0.242460,18.609330
T60A_S63A,0.569590,24.188390
T60A_S63A,1.527620,11.221030
T60A_S63A,1.343900,12.450660
T60A_S63A,0.431170,23.481650
T60A_S63A,0.221110,22.841600
T60A_S63A,0.457630,17.323360
T60A_S63A,2.308320,-1.561250
T60A_S63A,2.499120,-11.724290
T60A_S63A,0.390500,23.485330
T60A_S63A,1.847230,-0.564300
T60A_S63A,2.072730,0.926890
T60A_S63A,1.000310,11.883320
T60A_S63A,1.155840,11.231120
T60A_S63A,0.583160,18.463660
T60A_S63A,1.392500,12.666400
T60A_S63A,0.978920,10.426240
T60A_S63A,2.179010,-4.540620
T60A_S63A,3.249860,0.459410
T60A_S63A,1.573960,2.970510
T60A_S63A,1.236660,16.810020
T60A_S63A,0.628980,16.445770
T60A_S63A,1.371610,3.474910
T60A_S63A,0.614910,19.696390
T60A_S63A,0.759250,19.606700
T60A_S63A,0.072720,20.291110
T60A_S63A,-0.234350,23.172790
T60A_S63A,0.228620,22.619240
T60A_S63A,0.251160,20.977710
T60A_S63A,0.031400,23.190820
T60A_S63A,-0.049770,20.287670
T60A_S63A,0.234450,20.565900
T60A_S63A,0.398370,18.333930
T60A_S63A,0.929780,17.461780
T60A_S63A,1.229650,11.943040
T60A_S63A,2.279990,6.597820
T60A_S63A,1.540280,9.705340
T60A_S63A,2.775200,-5.503040
T60A_S63A,2.844330,-15.418150
T60A_S63A,1.905370,-3.448000
T60A_S63A,3.860780,-8.214550
T60A_S63A,4.094270,-7.093780
T60A_S63A,2.312140,-3.105060
T60A_S63A,3.267800,-7.513720
T60A_S63A,3.389040,-7.230900
T60A_S63A,4.450240,-12.872610
T60A_S63A,4.637600,-12.781500
T60A_S63A,5.495990,-14.299590
T60A_S63A,4.896980,-13.236420
T60A_S63A,5.793180,-12.657820
T60A_S63A,5.317950,-12.332250
T60A_S63A,4.755910,-10.019900
T60A_S63A,4.442500,-12.036950
T60A_S63A,4.212660,-11.471440
T60A_S63A,4.705490,-9.806620
T60A_S63A,5.227390,-10.977020
T60A_S63A,4.508930,-7.088050
T60A_S63A,4.765670,-8.259260
T60A_S63A,4.155920,-13.840850
T60A_S63A,3.078470,-11.685570
T60A_S63A,1.600710,16.319010
T60A_S63A,1.210650,19.690800
T60A_S63A,1.159620,21.932720
T60A_S63A,0.818430,21.817410
T60A_S63A,1.259170,20.923380
T60A_S63A,0.982300,22.920880
T60A_S63A,0.714590,21.539960
T60A_S63A,-0.442280,22.260980
T60A_S63A,-3.686790,20.491060
T60A_S63A,-4.932830,18.803470
T60A_S63A,-2.018000,21.887820
T60A_S63A,1.409600,21.025440
T60A_S63A,2.099450,23.025970
T60A_S63A,3.488340,24.268900
T60A_S63A,3.968960,24.725320
T60A_S63A,3.895900,25.767320
T60A_S63A,4.084380,25.529070
T60A_S63A,3.908450,25.221910
T60A_S63A,4.504880,25.389940
T60A_S63A,3.739230,26.143290
T60A_S63A,5.808910,26.807570
T60A_S63A,-57.725140,7.283810
T60A_S63A,7.237770,27.176010
T60A_S63A,-58.399010,6.761700
T60A_S63A,-57.401090,0.403690
T60A_S63A,-56.665270,-2.167320
T60A_S63A,-55.901680,0.227050
T60A_S63A,-55.439730,4.387110
T60A_S63A,-55.786770,6.333340
T60A_S63A,-54.670540,9.433940
T60A_S63A,-54.052290,7.231030
T60A_S63A,-54.336430,5.715360
T60A_S63A,-50.327330,3.432590
T60A_S63A,5.240910,26.770360
T60A_S63A,4.000110,27.008410
T60A_S63A,4.691120,26.384710
T60A_S63A,6.586650,26.905350
T60A_S63A,5.935620,26.710070
T60A_S63A,4.793150,26.688000
T60A_S63A,-50.544930,7.454050
T60A_S63A,-51.419490,6.288520
T60A_S63A,2.300360,26.130320
T60A_S63A,4.790610,26.017230
T60A_S63A,4.724060,25.517410
T60A_S63A,2.746690,26.708720
T60A_S63A,4.004370,26.162460
T60A_S63A,3.199610,26.268260
T60A_S63A,3.520200,27.450230
T60A_S63A,4.432430,28.682860
T60A_S63A,3.848720,27.869080
T60A_S63A,2.484960,28.539270
T60A_S63A,2.779000,27.683170
T60A_S63A,4.515630,27.225450
T60A_S63A,4.771450,28.163120
T60A_S63A,4.564240,28.099500
T60A_S63A,4.214720,27.810380
T60A_S63A,4.937750,21.685710
T60A_S63A,5.622890,26.659140
T60A_S63A,4.846800,26.377640
T60A_S63A,4.984180,26.942170
T60A_S63A,5.166170,27.630220
T60A_S63A,5.408270,27.969790
T60A_S63A,6.056400,28.949840
T60A_S63A,5.882610,29.683530
T60A_S63A,4.490950,27.472220
T60A_S63A,5.309940,28.261270
T60A_S63A,5.943990,29.434970
T60A_S63A,4.999990,28.368520
T60A_S63A,4.545580,27.616560
T60A_S63A,4.598720,28.413100
T60A_S63A,4.979640,28.984210
T60A_S63A,3.216730,28.711700
T60A_S63A,3.181570,24.969290
T60A_S63A,4.028300,28.490040
T60A_S63A,4.331660,27.715490
T60A_S63A,5.222430,27.785950
T60A_S63A,5.654030,28.286250
T60A_S63A,4.905920,27.828140
T60A_S63A,4.840340,28.406300
T60A_S63A,4.854470,27.712030
T60A_S63A,4.700660,27.311510
T60A_S63A,4.177430,26.226630
T60A_S63A,4.300970,26.850370
T60A_S63A,5.370000,27.216450
T60A_S63A,5.366280,27.791580
T60A_S63A,4.931970,29.861100
T60A_S63A,4.474850,29.154900
T60A_S63A,4.506980,29.416140
T60A_S63A,4.922080,5.385700
T60A_S63A,4.700550,-18.666460
T60A_S63A,5.410380,-22.813450
T60A_S63A,4.209830,28.733580
T60A_S63A,4.147790,29.365400
T60A_S63A,4.824740,29.142810
T60A_S63A,4.654940,28.927350
T60A_S63A,4.986160,28.851730
T60A_S63A,4.204230,28.035180
T60A_S63A,5.395240,28.231950
T60A_S63A,6.067290,27.957200
T60A_S63A,6.239840,17.416410
T60A_S63A,5.879260,26.720090
T60A_S63A,6.411860,29.241400
T60A_S63A,6.150970,24.834110
T60A_S63A,6.018210,29.108800
T60A_S63A,6.195840,29.404120
T60A_S63A,6.238510,28.812350
T60A_S63A,6.607250,30.012810
T60A_S63A,6.203720,29.630820
T60A_S63A,6.689390,28.111040
T60A_S63A,6.397150,27.861790
T60A_S63A,6.627070,1.039950
T60A_S63A,6.767640,26.926710
T60A_S63A,7.004710,21.487710
T60A_S63A,7.436510,9.024830
T60A_S63A,7.870750,-19.472690
T60A_S63A,7.331610,21.790050
T60A_S63A,7.204300,21.708550
T60A_S63A,7.275230,24.009470
T60A_S63A,6.825100,24.710870
T60A_S63A,7.312450,30.378920
T60A_S63A,6.539500,30.612010
T60A_S63A,6.216220,30.822860
T60A_S63A,6.633250,31.363780
T60A_S63A,6.191820,31.578910
T60A_S63A,6.455480,30.830360
T60A_S63A,6.132710,31.924810
T60A_S63A,5.513920,31.024270
T60A_S63A,7.150160,31.554490
T60A_S63A,6.583060,31.646580
T60A_S63A,6.308360,31.898880
T60A_S63A,6.714090,31.718640
T60A_S63A,-51.827090,-0.850670
T60A_S63A,-51.763770,-1.878220
T60A_S63A,-50.531410,-2.400300
T60A_S63A,5.462770,30.959670
T60A_S63A,-52.388100,-3.804760
T60A_S63A,-53.813560,-8.251200
T60A_S63A,5.505900,30.857080
T60A_S63A,5.742910,30.165760
T60A_S63A,5.709520,31.184710
T60A_S63A,6.147220,29.047500
T60A_S63A,6.395230,-24.260520
T60A_S63A,5.669920,-22.572170
T60A_S63A,6.428120,-20.790990
T60A_S63A,5.740920,-22.798740
T60A_S63A,5.788780,-23.292890
T60A_S63A,4.485020,-14.325200
T60A_S63A,1.614040,29.311120
T60A_S63A,2.559970,29.166570
T60A_S63A,-39.156460,8.628180
T60A_S63A,-39.651050,11.495780
T60A_S63A,2.604240,29.827640
T60A_S63A,2.659950,29.052020
T60A_S63A,3.515070,30.659390
T60A_S63A,3.646730,31.468700
T60A_S63A,4.498890,30.876590
T60A_S63A,5.157090,30.921320
T60A_S63A,4.366760,30.497170
T60A_S63A,5.255600,30.295790
T60A_S63A,5.909310,31.111920
T60A_S63A,6.521450,30.537930
T60A_S63A,-41.414640,8.487090
T60A_S63A,5.927880,29.940070
T60A_S63A,6.767740,29.360880
T60A_S63A,4.831510,30.448390
T60A_S63A,4.934820,30.297980
T60A_S63A,5.974480,30.432480
T60A_S63A,5.187530,30.108400
T60A_S63A,5.407670,30.664090
T60A_S63A,4.284020,30.137480
T60A_S63A,3.966300,30.853770
T60A_S63A,4.988570,30.821870
T60A_S63A,5.360030,30.764680
T60A_S63A,5.149570,30.522890
T60A_S63A,4.352840,30.649440
T60A_S63A,5.407520,30.482880
T60A_S63A,6.070250,29.945920
T60A_S63A,5.822410,29.897990
T60A_S63A,6.176850,29.685450
T60A_S63A,5.150520,28.034260
T60A_S63A,6.413310,28.445740
T60A_S63A,5.364030,29.231890
T60A_S63A,5.936840,28.573300
T60A_S63A,6.334450,28.873070
T60A_S63A,5.305470,28.156490
T60A_S63A,5.608490,28.617760
T60A_S63A,-40.749370,10.896230
T60A_S63A,-40.449370,10.626850
T60A_S63A,6.492970,27.960920
T60A_S63A,7.502550,28.553740
T60A_S63A,-41.992690,9.670230
T60A_S63A,-43.080850,4.789850
T60A_S63A,-44.308120,2.364440
T60A_S63A,-45.505680,1.660170
T60A_S63A,-46.636750,-0.779020
T60A_S63A,-47.757390,-2.315380
T60A_S63A,-48.103750,-1.273390
T60A_S63A,-48.208830,0.519320
T60A_S63A,-47.780660,-1.561450
T60A_S63A,-47.336730,-1.345420
T60A_S63A,-45.456730,1.145900
T60A_S63A,-46.751760,-0.631440
T60A_S63A,-47.435070,-0.821830
T60A_S63A,-48.747820,-1.293170
T60A_S63A,-51.077530,-4.783660
T60A_S63A,-51.257490,-4.184340
T60A_S63A,-50.953130,-3.934200
T60A_S63A,-53.789280,-6.117840
T60A_S63A,-48.196560,-5.980050
T60A_S63A,-45.484780,-0.050640
T60A_S63A,-42.492480,4.519810
T60A_S63A,-43.320330,5.145740
T60A_S63A,-41.689040,5.758540
T60A_S63A,-40.361510,7.501270
T60A_S63A,-41.276130,9.168220
T60A_S63A,-40.655750,9.528790
T60A_S63A,-41.690740,6.114020
T60A_S63A,-42.111360,4.354680
T60A_S63A,-41.881290,3.221990
T60A_S63A,-44.300360,-0.731810
T60A_S63A,-42.735500,-0.250230
T60A_S63A,-42.296120,2.722480
T60A_S63A,-42.104320,4.612980
T60A_S63A,-42.631970,2.381960
T60A_S63A,-43.390580,3.825420
T60A_S63A,-41.493020,-1.483750
T60A_S63A,-41.057350,-2.064040
T60A_S63A,-41.104950,-2.507370
T60A_S63A,-39.863050,3.529490
T60A_S63A,-41.597100,-1.386780
T60A_S63A,-41.762960,-1.141820
T60A_S63A,4.385860,30.043550
T60A_S63A,2.235920,28.363790
T60A_S63A,-41.559200,-2.389400
T60A_S63A,-42.298140,-0.812040
T60A_S63A,5.081740,30.126640
T60A_S63A,4.643150,30.227260
T60A_S63A,4.548270,29.629750
T60A_S63A,3.661340,27.711260
T60A_S63A,4.743330,28.192820
T60A_S63A,-40.224550,3.416230
T60A_S63A,-40.341270,-1.543070
T60A_S63A,5.611880,28.811040
T60A_S63A,4.975750,28.012270
T60A_S63A,-40.966770,-2.450370
T60A_S63A,-41.547860,0.962010
T60A_S63A,-40.568280,-3.064950
T60A_S63A,-39.443210,-0.218450
T60A_S63A,-38.386180,1.605640
T60A_S63A,-37.253730,2.820990
T60A_S63A,5.682370,24.075880
T60A_S63A,-35.888280,5.559550
T60A_S63A,-35.070950,7.350710
T60A_S63A,6.481290,17.926970
T60A_S63A,8.285470,15.127020
T60A_S63A,8.470770,15.927640
T60A_S63A,8.038760,17.033160
T60A_S63A,8.167530,17.698550
T60A_S63A,6.263230,17.464060
T60A_S63A,5.941790,17.854500
T60A_S63A,5.599460,14.402750
T60A_S63A,4.506790,14.985760
T60A_S63A,6.825260,14.533880
T60A_S63A,4.822100,15.901410
T60A_S63A,3.914330,16.237310
T60A_S63A,2.681080,17.194180
T60A_S63A,3.154600,18.464690
T60A_S63A,3.066250,19.206800
T60A_S63A,2.563370,21.152680
T60A_S63A,2.878240,23.503310
T60A_S63A,3.263540,25.549750
T60A_S63A,3.671020,27.033220
T60A_S63A,4.386850,26.893560
T60A_S63A,5.357210,26.995850
T60A_S63A,4.745290,26.741450
T60A_S63A,3.279210,25.781840
T60A_S63A,4.332190,23.893420
T60A_S63A,4.588970,22.161140
T60A_S63A,5.125370,22.592880
T60A_S63A,5.791890,19.656960
T60A_S63A,5.352990,21.711740
T60A_S63A,5.510980,20.357450
T60A_S63A,5.552000,21.733920
T60A_S63A,6.427910,20.585300
T60A_S63A,-45.215210,-4.477490
T60A_S63A,-47.212810,-3.628300
T60A_S63A,8.507500,17.786970
T60A_S63A,-49.616290,-0.583590
T60A_S63A,9.932070,17.183910
T60A_S63A,-45.793610,-10.291980
T60A_S63A,-49.622510,-4.673290
T60A_S63A,-51.392190,-1.310040
T60A_S63A,-53.008550,4.283250
T60A_S63A,-54.585790,10.664230
T60A_S63A,9.108390,16.117230
T60A_S63A,9.292780,15.232920
T60A_S63A,8.588820,17.544750
T60A_S63A,9.191190,16.093490
T60A_S63A,8.775130,13.643410
T60A_S63A,9.233760,16.330810
T60A_S63A,9.611920,16.514570
T60A_S63A,8.825710,17.440240
T60A_S63A,8.375170,17.722450
T60A_S63A,9.644900,17.189590
T60A_S63A,-51.376150,0.803540
T60A_S63A,-50.897990,-0.304480
T60A_S63A,-52.153380,2.309950
T60A_S63A,9.466050,16.971610
T60A_S63A,10.412040,14.525700
T60A_S63A,10.123360,14.630380
T60A_S63A,-53.620170,3.247100
T60A_S63A,-50.783370,4.602810
T60A_S63A,-50.313390,8.783560
T60A_S63A,-50.875100,1.803790
T60A_S63A,-49.472740,-0.140140
T60A_S63A,9.377450,17.039160
T60A_S63A,-47.032330,-6.326670
T60A_S63A,-47.566600,-5.564470
T60A_S63A,-49.561040,-4.269550
T60A_S63A,-49.671510,-2.222620
T60A_S63A,-48.222030,-2.631150
T60A_S63A,9.910450,17.736570
T60A_S63A,9.843570,18.952800
T60A_S63A,9.449250,17.753890
T60A_S63A,9.374800,17.472530
T60A_S63A,-45.542070,-6.583260
T60A_S63A,-46.164640,-7.158290
T60A_S63A,9.504920,16.984280
T60A_S63A,9.301040,16.715420
T60A_S63A,9.056520,17.623460
T60A_S63A,8.915590,17.402160
T60A_S63A,8.852360,17.797780
T60A_S63A,9.470380,17.649480
T60A_S63A,8.968170,16.924120
T60A_S63A,8.704280,15.895180
T60A_S63A,8.192850,16.459790
T60A_S63A,7.095720,16.122750
T60A_S63A,7.076090,17.344050
T60A_S63A,6.981980,16.682980
T60A_S63A,6.045770,17.797390
T60A_S63A,-53.286430,15.583970
T60A_S63A,-52.371100,17.892470
T60A_S63A,8.059210,11.791240
T60A_S63A,8.008350,12.364080
T60A_S63A,-51.098110,11.697580
T60A_S63A,6.957640,8.734720
T60A_S63A,6.990440,9.994160
T60A_S63A,7.251440,7.453130
T60A_S63A,-44.634560,-12.461690
T60A_S63A,-44.624500,-12.346720
T60A_S63A,8.867970,5.637700
T60A_S63A,8.765530,4.108130
T60A_S63A,7.983610,8.526050
T60A_S63A,-47.411070,-11.197880
T60A_S63A,-44.814490,-11.184930
T60A_S63A,-45.420390,-11.731480
T60A_S63A,-46.561940,-12.618770
T60A_S63A,10.040860,3.886130
T60A_S63A,-46.176030,-12.683240
T60A_S63A,8.887120,3.318960
T60A_S63A,9.395640,3.151390
T60A_S63A,8.720050,2.177270
T60A_S63A,9.246480,2.029670
T60A_S63A,-45.233810,-11.187450
T60A_S63A,-44.956100,-10.810680
T60A_S63A,-47.079640,-10.857780
T60A_S63A,-49.705640,-10.078740
T60A_S63A,-50.093830,-9.192460
T60A_S63A,-52.606640,-10.232030
T60A_S63A,-51.441980,-10.292970
T60A_S63A,-53.403970,-8.529310
T60A_S63A,-55.858750,-5.443620
T60A_S63A,-55.041420,-8.288880
T60A_S63A,10.141500,-5.312760
T60A_S63A,-54.153690,-8.061090
T60A_S63A,-55.047270,-8.098410
T60A_S63A,10.514930,-5.651000
T60A_S63A,-59.744390,-2.366160
T60A_S63A,-58.494230,-7.055360
T60A_S63A,-54.988590,-8.871870
T60A_S63A,-54.320430,-11.554880
T60A_S63A,-54.617350,-11.373650
T60A_S63A,-53.633060,-10.697810
T60A_S63A,-53.628880,-11.881710
T60A_S63A,-54.036140,-12.591680
T60A_S63A,-56.529960,-10.903280
T60A_S63A,-59.630890,-8.088810
T60A_S63A,-62.317380,-7.174870
T60A_S63A,-65.940090,-4.849270
T60A_S63A,-66.959380,-3.457210
T60A_S63A,-65.354190,-2.397690
T60A_S63A,-66.186520,-3.303050
T60A_S63A,-65.792780,-2.041510
T60A_S63A,11.437020,-3.848790
T60A_S63A,-66.721650,-6.125010
T60A_S63A,-68.411300,-6.122310
T60A_S63A,-67.680770,-7.083600
T60A_S63A,-68.084960,-2.216760
T60A_S63A,-68.602330,-2.320630
T60A_S63A,-69.823230,-2.157210
T60A_S63A,-70.882260,-2.525560
T60A_S63A,-69.469020,-0.226710
T60A_S63A,-69.951230,2.358280
T60A_S63A,-70.374290,1.324390
T60A_S63A,-70.816010,0.218230
T60A_S63A,-71.593320,-3.295110
T60A_S63A,-70.688250,-3.439800
T60A_S63A,-68.454670,-3.093570
T60A_S63A,-69.481940,-4.322320
T60A_S63A,-71.101910,-3.592150
T60A_S63A,-70.617930,-3.102770
T60A_S63A,-73.258040,-4.478280
T60A_S63A,-70.140340,-4.185410
T60A_S63A,-68.925960,-1.956070
T60A_S63A,-67.640920,-3.227880
T60A_S63A,-68.194500,-0.405370
T60A_S63A,-68.395130,1.057810
T60A_S63A,-67.378060,1.887070
T60A_S63A,-69.014950,0.429560
T60A_S63A,-69.162760,1.909830
T60A_S63A,-69.162050,1.529300
T60A_S63A,-67.972660,-2.003530
T60A_S63A,-66.673230,-0.963940
T60A_S63A,-66.889740,-0.488090
T60A_S63A,-68.101870,1.961980
T60A_S63A,-68.497650,3.061570
T60A_S63A,-68.942630,3.197720
T60A_S63A,-69.027240,1.025300
T60A_S63A,-66.673390,-2.749940
T60A_S63A,-68.274430,-3.666960
T60A_S63A,-65.813200,-1.702880
T60A_S63A,-61.964050,1.212580
T60A_S63A,-64.694400,0.932370
T60A_S63A,-63.878110,1.009300
T60A_S63A,-65.974910,1.863270
T60A_S63A,-63.487250,-1.081830
T60A_S63A,-63.981910,-2.471780
T60A_S63A,-64.187360,-2.378040
T60A_S63A,-64.241940,-3.768220
T60A_S63A,-63.167060,-3.331070
T60A_S63A,-61.967100,-5.117380
T60A_S63A,-62.677490,-2.445210
T60A_S63A,-61.165900,-0.356010
T60A_S63A,-62.699260,-2.385240
T60A_S63A,-62.478720,3.378220
T60A_S63A,-62.631630,0.502400
T60A_S63A,-59.341810,8.494190
T60A_S63A,-54.848540,10.065520
T60A_S63A,10.339300,-11.116560
T60A_S63A,10.505030,-12.055370
T60A_S63A,-56.460030,9.302040
T60A_S63A,-55.691950,8.965560
T60A_S63A,-56.552600,10.044840
T60A_S63A,-56.738290,7.859060
T60A_S63A,-55.652520,7.784750
T60A_S63A,-55.783970,9.927870
T60A_S63A,-58.138680,3.912760
T60A_S63A,-57.868540,5.266610
T60A_S63A,-56.705680,9.588910
T60A_S63A,-56.344640,10.740750
T60A_S63A,-56.101370,6.361420
T60A_S63A,-61.287270,2.114320
T60A_S63A,-62.347420,3.263870
T60A_S63A,-60.195190,0.918180
T60A_S63A,-61.246480,-3.846060
T60A_S63A,-59.610020,-6.198800
T60A_S63A,-62.805620,1.479800
T60A_S63A,11.248050,-11.319790
T60A_S63A,-62.580500,5.126120
T60A_S63A,-63.481410,0.536880
T60A_S63A,-60.339200,-4.338780
T60A_S63A,-59.941400,-7.052720
T60A_S63A,-58.899070,-8.918760
T60A_S63A,11.229960,-13.412830
T60A_S63A,11.326010,-13.449030
T60A_S63A,11.759470,-12.693120
T60A_S63A,-60.430480,-7.986120
T60A_S63A,11.781350,-14.477170
T60A_S63A,11.807400,-15.002970
T60A_S63A,11.265630,-15.666550
T60A_S63A,11.557180,-15.769150
T60A_S63A,11.103480,-16.191270
T60A_S63A,12.490590,-14.926110
T60A_S63A,11.978570,-15.527000
T60A_S63A,11.153470,-15.734530
T60A_S63A,11.450400,-16.737610
T60A_S63A,11.401500,-15.011370
T60A_S63A,11.162970,-15.647210
T60A_S63A,10.694320,-14.584430
T60A_S63A,10.610770,-15.846280
T60A_S63A,11.378420,-16.331360
T60A_S63A,10.753520,-16.411230
T60A_S63A,11.397410,-15.458970
T60A_S63A,11.333620,-14.656820
T60A_S63A,10.668300,-15.114640
T60A_S63A,11.019650,-13.738800
T60A_S63A,10.528610,-15.873900
T60A_S63A,10.988370,-16.259150
T60A_S63A,11.333790,-16.024390
T60A_S63A,11.097370,-16.062180
T60A_S63A,11.339940,-17.075910
T60A_S63A,11.107790,-18.073030
T60A_S63A,10.697530,-18.500170
T60A_S63A,10.658740,-18.155590
T60A_S63A,11.006860,-17.873830
T60A_S63A,10.620650,-18.232310
T60A_S63A,11.095940,-17.528790
T60A_S63A,10.440540,-18.128180
T60A_S63A,10.552090,-19.147690
T60A_S63A,10.796730,-19.348860
T60A_S63A,9.828750,-18.601510
T60A_S63A,10.521960,-19.309280
T60A_S63A,10.624090,-19.985860
T60A_S63A,10.282780,-21.166290
T60A_S63A,9.429520,-21.173800
T60A_S63A,9.291070,-19.182860
T60A_S63A,9.184120,-20.122980
T60A_S63A,10.022640,-19.929160
T60A_S63A,9.607370,-19.842780
T60A_S63A,10.020890,-19.159620
T60A_S63A,10.660890,-19.033470
T60A_S63A,11.275590,-18.700070
T60A_S63A,11.884430,-19.075360
T60A_S63A,11.976130,-18.537450
T60A_S63A,11.722230,-19.117340
T60A_S63A,11.703010,-19.658770
T60A_S63A,12.007680,-17.601050
T60A_S63A,11.259450,-18.683080
T60A_S63A,11.500280,-18.345870
T60A_S63A,12.278450,-19.780800
T60A_S63A,11.488050,-18.582750
T60A_S63A,11.082650,-19.525670
T60A_S63A,10.245170,-20.810680
T60A_S63A,10.877250,-19.792480
T60A_S63A,11.809720,-18.970060
T60A_S63A,12.114960,-19.167880
T60A_S63A,12.182700,-19.555810
T60A_S63A,11.445350,-18.021250
T60A_S63A,11.160330,-18.748380
T60A_S63A,10.948350,-19.617990
T60A_S63A,11.098690,-18.631020
T60A_S63A,11.181150,-19.376710
T60A_S63A,10.029370,-18.158160
T60A_S63A,10.918120,-17.689830
T60A_S63A,9.629900,-18.933580
T60A_S63A,10.782870,-20.034900
T60A_S63A,11.146220,-19.923430
T60A_S63A,11.801050,-18.637300
T60A_S63A,11.292160,-18.797040
T60A_S63A,10.842310,-18.949750
T60A_S63A,11.845910,-18.365780
T60A_S63A,11.703030,-18.606820
T60A_S63A,11.879050,-18.495010
T60A_S63A,12.320950,-18.086810
T60A_S63A,11.804790,-17.923650
T60A_S63A,12.228530,-19.348320
T60A_S63A,12.157740,-20.111940
T60A_S63A,11.869630,-19.977370
T60A_S63A,12.023380,-19.985500
T60A_S63A,11.943480,-19.987220
T60A_S63A,11.686550,-18.244310
T60A_S63A,11.844550,-19.528430
T60A_S63A,12.252220,-19.599890
T60A_S63A,11.588520,-19.061780
T60A_S63A,11.894610,-19.056020
T60A_S63A,12.244570,-19.275080
T60A_S63A,12.094800,-18.833950
T60A_S63A,12.341860,-18.961430
T60A_S63A,11.969580,-20.084150
T60A_S63A,12.118660,-19.365920
T60A_S63A,12.498960,-19.364880
T60A_S63A,12.063230,-20.103640
T60A_S63A,11.973830,-19.265680
T60A_S63A,12.103910,-19.373640
T60A_S63A,12.173880,-19.413160
T60A_S63A,12.292280,-18.626500
T60A_S63A,12.578660,-19.127040
T60A_S63A,12.467740,-19.877500
T60A_S63A,11.850460,-19.648090
T60A_S63A,11.860660,-20.222120
T60A_S63A,12.008210,-19.538950
T60A_S63A,12.420800,-19.875200
T60A_S63A,11.689540,-19.903620
T60A_S63A,12.506470,-19.700450
T60A_S63A,11.679440,-19.497430
T60A_S63A,11.577420,-19.544190
T60A_S63A,11.617150,-19.603650
T60A_S63A,12.406950,-19.441390
T60A_S63A,11.960500,-20.471310
T60A_S63A,11.476040,-20.028310
T60A_S63A,11.545790,-19.368640
T60A_S63A,11.280040,-19.325150
T60A_S63A,12.060480,-20.382780
T60A_S63A,11.593330,-19.490980
T60A_S63A,11.451720,-19.349200
T60A_S63A,11.601470,-19.098160
T60A_S63A,12.117180,-19.200810
T60A_S63A,12.185630,-19.065910
T60A_S63A,12.057740,-19.867860
T60A_S63A,12.708290,-19.261390
T60A_S63A,12.301120,-19.229770
T60A_S63A,11.671300,-19.604300
T60A_S63A,12.230010,-19.667180
T60A_S63A,12.030190,-19.024620
T60A_S63A,12.276330,-19.061030
T60A_S63A,11.699840,-18.857780
T60A_S63A,12.451360,-19.196220
T60A_S63A,12.442860,-19.249610
T60A_S63A,12.022790,-19.248990
T60A_S63A,12.099760,-19.521610
T60A_S63A,11.870350,-19.744370
T60A_S63A,12.121140,-19.329290
T60A_S63A,12.138110,-18.788480
T60A_S63A,12.145930,-18.967760
T60A_S63A,11.493150,-18.885720
T60A_S63A,12.286130,-19.988630
T60A_S63A,11.697250,-20.056900
T60A_S63A,11.890930,-19.682150
T60A_S63A,12.505230,-19.871280
T60A_S63A,11.946900,-18.842380
T60A_S63A,12.156340,-20.526310
T60A_S63A,11.918030,-18.837390
T60A_S63A,11.620520,-18.233080
T60A_S63A,11.836640,-20.807310
T60A_S63A,11.786730,-19.659100
T60A_S63A,12.403690,-19.149690
T60A_S63A,11.597100,-19.183270
T60A_S63A,11.837380,-18.475120
T60A_S63A,12.349040,-19.516530
T60A_S63A,11.659680,-18.417430
T60A_S63A,12.456820,-19.104060
T60A_S63A,12.059600,-18.275260
T60A_S63A,12.195200,-19.205880
T60A_S63A,12.106760,-19.960260
T60A_S63A,11.875090,-19.373950
T60A_S63A,12.064850,-19.820870
T60A_S63A,11.815360,-19.736810
T60A_S63A,11.985850,-19.428880
T60A_S63A,12.038920,-18.967890
T60A_S63A,12.679030,-17.460910
T60A_S63A,12.513780,-18.020000
T60A_S63A,12.041500,-17.711700
T60A_S63A,11.800950,-17.503700
T60A_S63A,12.463300,-19.093150
T60A_S63A,11.876740,-19.204010
T60A_S63A,11.392470,-18.133870
