System,TIC1,TIC2
WT,-1.156535,0.713167
WT,-1.196497,0.662747
WT,-1.488141,0.244779
WT,-1.464230,0.328788
WT,-1.449176,0.446318
WT,-1.416202,0.580464
WT,-1.590857,0.750808
WT,-1.517865,0.719602
WT,-1.533170,0.665385
WT,-1.697312,0.706764
WT,-1.434657,0.941662
WT,-1.486161,0.778981
WT,-1.636579,0.650796
WT,-1.768014,0.652187
WT,-1.549432,0.657761
WT,-1.546897,0.616094
WT,-1.539779,0.734830
WT,-1.438091,0.836301
WT,-1.462886,0.512961
WT,-1.519998,0.504991
WT,-1.469085,0.765692
WT,-1.756614,0.698548
WT,-1.705618,0.983407
WT,-1.710766,0.467419
WT,-1.630958,0.641274
WT,-1.685131,0.529493
WT,-1.663548,0.810004
WT,-1.677863,0.282409
WT,-1.561902,0.811885
WT,-1.634622,0.680601
WT,-1.877673,0.514028
WT,-1.643850,0.556600
WT,-1.859017,0.540103
WT,-1.753374,0.692014
WT,-1.896784,0.426467
WT,-1.763411,0.343338
WT,-1.779107,0.659189
WT,-1.703966,0.307436
WT,-1.859789,0.217635
WT,-1.510001,0.573128
WT,-1.660109,0.298685
WT,-1.767119,0.237768
WT,-1.787545,0.570260
WT,-1.977695,0.140819
WT,-1.876394,0.410302
WT,-1.987290,0.159511
WT,-1.828032,0.203926
WT,-1.744768,0.185021
WT,-1.800428,0.104162
WT,-1.749086,0.133941
WT,-1.835117,0.201833
WT,-1.989134,0.140115
WT,-1.658558,0.653342
WT,-1.786315,0.167540
WT,-1.840873,0.070198
WT,-1.717536,0.250348
WT,-1.588868,0.408185
WT,-1.764023,0.078582
WT,-1.680072,0.143579
WT,-1.900237,0.424266
WT,-1.753923,0.164321
WT,-1.621483,0.213454
WT,-1.923400,0.246229
WT,-1.578385,0.234598
WT,-1.850225,0.384639
WT,-1.763084,0.200970
WT,-1.701891,0.183001
WT,-1.732702,0.207267
WT,-1.624911,0.191161
WT,-1.715292,0.194581
WT,-1.542802,0.426429
WT,-1.566204,0.600740
WT,-1.829751,0.272307
WT,-1.724020,0.308883
WT,-1.803286,0.296165
WT,-1.619397,0.252422
WT,-1.603229,0.210630
WT,-1.553185,0.189735
WT,-1.237341,-0.096837
WT,-1.274365,0.138123
WT,-1.535640,0.349480
WT,-1.463656,0.436315
WT,-1.607148,0.510189
WT,-1.854902,0.399284
WT,-1.389923,0.468883
WT,-1.581438,0.352420
WT,-1.698946,0.440521
WT,-1.450219,0.299426
WT,-1.595040,0.212969
WT,-1.349530,0.157662
WT,-1.486544,0.026399
WT,-1.608843,0.228363
WT,-1.570645,0.286141
WT,-1.352831,0.386114
WT,-1.393709,0.339290
WT,-1.739124,0.185524
WT,-1.283522,0.138941
WT,-1.023113,0.246656
WT,-1.119687,0.219422
WT,-0.907352,0.034873
WT,-0.922797,0.148256
WT,-0.977738,0.347139
WT,-1.292378,0.117098
WT,-1.174192,0.226162
WT,-1.227997,0.056104
WT,-1.140762,0.055104
WT,-1.452457,0.281453
WT,-1.454623,0.538846
WT,-1.225476,0.231538
WT,-1.501500,0.483438
WT,-1.418537,0.424056
WT,-1.614709,0.305203
WT,-1.460620,0.106896
WT,-1.537782,-0.001204
WT,-1.659403,0.123711
WT,-1.677219,0.158354
WT,-1.593453,0.311228
WT,-1.648222,0.383440
WT,-1.674183,0.231582
WT,-1.645620,0.404220
WT,-1.578737,0.628241
WT,-1.605892,0.123732
WT,-1.638717,0.105419
WT,-1.221909,0.261106
WT,-1.588976,0.270645
WT,-1.388305,0.578032
WT,-1.286147,0.466258
WT,-1.445075,0.071110
WT,-1.448288,0.358593
WT,-1.386770,0.311723
WT,-1.357062,0.641848
WT,-1.501267,0.302150
WT,-1.896879,0.286631
WT,-1.379690,0.078170
WT,-1.620124,0.217619
WT,-1.728518,0.349781
WT,-1.608500,0.368469
WT,-1.581873,0.270225
WT,-1.627853,0.508809
WT,-1.693219,0.086610
WT,-1.616871,0.442063
WT,-1.649448,0.019101
WT,-1.758904,0.504128
WT,-1.506883,0.070363
WT,-1.622370,0.092620
WT,-1.658126,0.324698
WT,-1.610583,0.143941
WT,-1.572271,-0.152219
WT,-1.711740,0.392194
WT,-1.532808,-0.018213
WT,-1.410089,0.299625
WT,-1.498514,0.264574
WT,-1.335008,0.387353
WT,-1.849537,0.358043
WT,-1.594386,0.420942
WT,-1.671856,0.215562
WT,-1.648736,0.148810
WT,-1.560327,0.367430
WT,-1.691729,0.252729
WT,-1.710377,0.161074
WT,-1.736669,0.092971
WT,-1.739787,0.657986
WT,-1.766284,0.446100
WT,-1.479013,0.126968
WT,-1.567619,0.815853
WT,-1.510074,0.704252
WT,-1.575331,0.663708
WT,-1.497625,0.565971
WT,-1.572751,0.644124
WT,-1.416553,0.366222
WT,-1.881516,-0.006900
WT,-1.705586,0.202438
WT,-1.643295,0.068207
WT,-1.579544,0.143689
WT,-1.528233,-0.010296
WT,-1.593038,-0.052181
WT,-1.554773,0.005550
WT,-1.440584,0.359826
WT,-1.341697,-0.061017
WT,-1.522178,-0.157305
WT,-1.872704,-0.185667
WT,-1.559925,-0.226818
WT,-1.247206,0.013008
WT,-1.318663,0.003088
WT,-1.344471,0.088954
WT,-1.459059,-0.166076
WT,-1.613595,-0.276324
WT,-1.357219,-0.301806
WT,-1.385953,0.078325
WT,-1.591179,-0.207336
WT,-1.535854,0.179809
WT,-1.557059,0.017427
WT,-1.689158,-0.089478
WT,-1.565376,-0.252293
WT,-1.690374,-0.187382
WT,-1.598117,-0.130236
WT,-1.671980,-0.038281
WT,-1.867873,-0.324742
WT,-2.137435,-0.147769
WT,-1.856045,0.074890
WT,-1.792592,0.338219
WT,-1.940060,0.015393
WT,-1.603341,0.194795
WT,-1.660804,0.422871
WT,-1.623521,0.252343
WT,-1.533887,-0.069326
WT,-1.868645,0.209166
WT,-1.596913,0.292465
WT,-1.488980,0.246483
WT,-1.749256,0.289756
WT,-1.804223,-0.026985
WT,-1.723021,0.322421
WT,-1.691742,0.128950
WT,-1.674022,0.036256
WT,-1.769581,0.113905
WT,-1.532543,-0.228241
WT,-1.714567,0.112399
WT,-1.660528,0.221757
WT,-1.736005,-0.047502
WT,-1.676401,-0.378631
WT,-1.634624,-0.028919
WT,-1.517091,0.046365
WT,-1.531026,0.133549
WT,-1.679024,0.010763
WT,-1.412993,-0.106238
WT,-1.534688,0.172697
WT,-1.648852,0.274922
WT,-1.523328,0.083577
WT,-1.680546,0.204444
WT,-1.663751,0.065036
WT,-1.554869,-0.016499
WT,-1.463345,0.074187
WT,-1.706356,-0.085880
WT,-1.573678,0.058219
WT,-1.849662,0.271044
WT,-1.505671,0.342891
WT,-1.572398,-0.017059
WT,-1.549403,0.440475
WT,-1.418933,0.089333
WT,-1.342587,0.185656
WT,-1.679186,0.152340
WT,-1.361850,0.028276
WT,-1.293797,-0.161660
WT,-1.141183,0.091468
WT,-1.197476,0.014370
WT,-1.120363,0.264158
WT,-1.411895,-0.046040
WT,-1.102424,0.136322
WT,-1.196580,-0.053100
WT,-1.151549,-0.002811
WT,-1.274186,-0.041111
WT,-1.396507,-0.013939
WT,-1.201135,-0.063106
WT,-1.095574,0.028773
WT,-1.167427,-0.082113
WT,-1.228529,-0.230408
WT,-1.111839,0.080888
WT,-1.150234,0.146659
WT,-1.269129,-0.240532
WT,-1.207032,-0.066429
WT,-1.356612,-0.103349
WT,-1.473526,0.004712
WT,-1.374240,-0.104213
WT,-1.361578,-0.168465
WT,-1.318551,-0.304623
WT,-1.156977,-0.202588
WT,-0.999928,-0.040991
WT,-1.188134,0.193262
WT,-1.031195,-0.068210
WT,-1.112410,0.282912
WT,-1.042769,0.273816
WT,-0.868442,0.176263
WT,-0.986090,0.199355
WT,-1.356838,0.510848
WT,-0.768085,0.431474
WT,-0.724554,0.400116
WT,-1.138585,0.337170
WT,-0.678262,0.067739
WT,-0.984721,0.577362
WT,-0.977331,0.499884
WT,-1.042671,0.519943
WT,-1.058014,0.536264
WT,-0.949110,0.557401
WT,-0.986994,0.406606
WT,-1.158777,0.549174
WT,-0.725248,0.327355
WT,-1.024255,0.530102
WT,-1.157363,0.606337
WT,-1.069307,0.963194
WT,-1.230485,0.894646
WT,-1.408683,0.703571
WT,-1.460554,0.965833
WT,-1.403496,0.829804
WT,-1.386571,0.740386
WT,-1.207640,0.778148
WT,-1.269051,0.736925
WT,-1.149136,0.887599
WT,-1.235586,0.888026
WT,-1.406980,0.698673
WT,-1.132679,0.953217
WT,-1.301742,0.616422
WT,-1.285899,0.935119
WT,-1.393049,0.482715
WT,-1.423637,0.631694
WT,-1.195801,0.852157
WT,-1.405148,0.746247
WT,-1.185531,0.919328
WT,-1.143148,0.760849
WT,-1.262583,0.725646
WT,-1.087963,0.913634
WT,-1.380719,0.684323
WT,-1.379442,0.837674
WT,-1.490552,0.665858
WT,-1.447157,0.674570
WT,-1.259293,0.722962
WT,-1.308438,0.914850
WT,-1.383318,0.822634
WT,-1.496987,0.709687
WT,-1.526035,0.471325
WT,-1.357895,0.640808
WT,-1.422177,0.618703
WT,-1.189181,0.808234
WT,-1.201320,0.509551
WT,-1.218896,0.445894
WT,-1.025031,0.768307
WT,-0.860369,0.798112
WT,-0.884125,0.935972
WT,-0.965551,0.828621
WT,-1.122014,0.470575
WT,-1.120085,0.550652
WT,-0.764547,0.571670
WT,-1.240115,1.137865
WT,-1.094979,0.423999
WT,-0.944156,0.962223
WT,-0.659955,0.780376
WT,-1.046767,0.504040
WT,-0.913731,0.975676
WT,-0.943425,0.945346
WT,-1.002677,0.899117
WT,-1.052246,0.910694
WT,-0.853096,0.939816
WT,-0.739643,0.750612
WT,-0.726173,0.590858
WT,-0.590031,0.556586
WT,-0.710202,0.558941
WT,-0.398127,0.447637
WT,-0.331162,0.651544
WT,-0.446198,0.631891
WT,-0.687999,0.637112
WT,-0.627343,0.704985
WT,-0.419083,0.734282
WT,-0.361401,0.526312
WT,-0.414771,0.743706
WT,-0.419980,0.440356
WT,-0.512587,0.738770
WT,-0.223249,0.541926
WT,-0.220049,0.443919
WT,-0.230462,0.158525
WT,-0.393020,0.623712
WT,-0.290999,0.587431
WT,-0.389168,0.539315
WT,-0.215418,0.403932
WT,-0.236777,0.599351
WT,-0.167047,0.302791
WT,-0.314045,0.665755
WT,-0.520716,0.629396
WT,-0.197393,0.377406
WT,-0.455800,0.536570
WT,-0.022602,0.433516
WT,-0.351181,0.650544
WT,-0.224903,0.666618
WT,-0.487433,0.262726
WT,-0.290050,0.647512
WT,-0.190535,0.358539
WT,-0.321641,1.127543
WT,-0.298685,0.782041
WT,-0.252656,0.796011
WT,-0.336695,0.556703
WT,-0.269395,0.998212
WT,-0.215793,0.766330
WT,-0.338698,0.792335
WT,-0.498927,0.854182
WT,-0.095401,0.744097
WT,-0.248592,0.835365
WT,-0.274060,0.896904
WT,-0.161880,0.493530
WT,-0.169602,0.279709
WT,-0.079413,0.729211
WT,-0.459633,0.524083
WT,-0.067586,0.581673
WT,0.135265,0.645347
WT,-0.026736,0.766642
WT,0.232731,1.076535
WT,0.252223,0.847096
WT,0.107635,0.732976
WT,0.141562,0.663449
WT,0.111404,0.859513
WT,0.251043,1.212886
WT,0.344524,1.149578
WT,-0.056190,0.767373
WT,0.140792,1.002169
WT,0.325444,1.315341
WT,0.276021,0.990245
WT,0.081949,1.010621
WT,0.393334,0.856557
WT,0.126074,0.724082
WT,0.285202,1.001003
WT,0.170617,0.849946
WT,0.307629,1.046665
WT,0.082979,0.849082
WT,0.325200,0.694946
WT,0.299622,0.515693
WT,0.319895,1.050384
WT,0.237006,0.770393
WT,0.368569,1.071457
WT,0.161701,1.078832
WT,0.238786,0.923239
WT,0.187338,0.898258
WT,0.423845,0.997776
WT,0.384904,1.044324
WT,0.203855,0.804608
WT,0.407452,1.129152
WT,0.407717,1.214273
WT,0.742130,0.969774
WT,0.479115,0.924389
WT,0.057148,0.893395
WT,0.340763,0.849351
WT,0.507437,0.856572
WT,0.383372,1.033081
WT,0.491678,1.001818
WT,0.298317,0.870437
WT,0.396194,1.000045
WT,0.456793,1.166789
WT,0.427437,0.728981
WT,0.430152,1.040580
WT,0.289787,0.907424
WT,0.173708,0.783964
WT,0.513852,0.827327
WT,0.529505,0.999065
WT,0.462966,0.629331
WT,0.223769,0.723063
WT,0.558330,0.623461
WT,0.586334,0.428569
WT,0.583789,0.680011
WT,0.729717,0.903926
WT,0.527060,0.659722
WT,0.367471,0.687690
WT,0.467221,0.632834
WT,0.379582,0.741309
WT,0.388434,0.658223
WT,0.615422,0.550377
WT,0.237091,0.905097
WT,0.428868,0.914735
WT,0.538360,1.072291
WT,0.416486,1.016426
WT,0.121741,1.048563
WT,0.365972,1.103135
WT,0.447917,1.184202
WT,0.407540,1.133935
WT,0.361332,1.168965
WT,0.635190,1.055573
WT,0.429523,1.030001
WT,0.395085,1.093227
WT,0.200184,0.960615
WT,0.167021,0.953476
WT,0.308733,0.919849
WT,0.234924,0.852008
WT,0.115691,0.969568
WT,0.118844,0.985716
WT,0.189796,0.905023
WT,0.264814,0.943582
WT,0.220375,1.078931
WT,0.293126,0.888255
WT,0.018322,0.987561
WT,0.199964,0.674165
WT,0.570877,0.887473
WT,0.207298,0.952392
WT,0.439410,0.814568
WT,0.376750,0.748737
WT,0.405924,0.767380
WT,0.512412,0.849907
WT,0.363816,0.814393
WT,0.475802,1.086063
WT,0.379931,1.025083
WT,0.637452,1.093972
WT,0.643967,1.349292
WT,0.541739,1.146214
WT,0.090255,1.272901
WT,0.578566,1.168479
WT,0.668382,1.216790
WT,0.635817,1.146832
WT,0.341287,1.159908
WT,0.325094,0.802072
WT,0.427717,1.042721
WT,0.408292,0.992314
WT,0.291417,1.040341
WT,0.198272,0.969374
WT,0.347084,1.135505
WT,0.580744,0.796882
WT,0.349473,0.725840
WT,0.427900,0.766447
WT,0.498754,0.692592
WT,0.671789,0.825660
WT,0.565015,0.998304
WT,0.778108,1.043400
WT,0.577664,0.633792
WT,0.896419,0.919569
WT,0.643566,1.024516
WT,0.596544,0.874789
WT,0.598362,1.074264
WT,0.533749,0.720092
WT,0.720936,0.775232
WT,0.788756,0.844653
WT,0.712278,0.834960
WT,0.566644,0.909383
WT,0.539793,0.795939
WT,0.748386,1.124506
WT,0.802352,1.063216
WT,0.630351,0.918680
WT,0.787654,1.063748
WT,0.778219,0.895655
WT,0.490881,0.999631
WT,0.644230,0.902665
WT,0.734642,1.078396
WT,0.874884,1.437789
WT,0.457011,1.016622
WT,0.308914,0.960809
WT,0.288872,1.290867
WT,0.480269,1.167793
WT,0.446585,1.236808
WT,0.555392,1.157692
WT,0.295699,1.272352
WT,0.378305,1.254894
WT,0.632023,1.433656
WT,0.423617,1.555681
WT,0.562596,1.369570
WT,0.478035,1.373940
WT,0.602112,1.115282
WT,0.712765,1.107828
WT,0.452074,0.916595
WT,0.827192,1.259277
WT,0.559819,0.920234
WT,0.588990,1.277747
WT,0.403579,1.101683
WT,0.624324,1.162054
WT,0.732491,0.846632
WT,0.505069,1.085686
WT,0.303250,0.853342
WT,0.572266,1.309398
WT,0.533868,1.242004
WT,0.567638,1.065968
WT,0.763248,0.936877
WT,0.487477,1.000182
WT,0.423090,1.091819
WT,0.531971,1.391865
WT,0.364298,0.733317
WT,0.535636,1.162536
WT,0.330752,1.227277
WT,0.656974,1.183966
WT,0.609835,1.060061
WT,0.361566,0.882724
WT,0.333047,0.823288
WT,0.447468,0.991863
WT,0.425006,1.043673
WT,0.662768,1.165850
WT,0.622991,1.246451
WT,0.616080,1.144313
WT,0.689433,1.154636
WT,0.690836,1.287386
WT,0.576972,0.818626
WT,0.549227,1.245525
WT,0.659789,0.808622
WT,0.524804,0.831827
WT,0.498692,0.911233
WT,0.888347,0.958130
WT,0.711583,1.040815
WT,0.623159,0.618563
WT,0.661490,0.817405
WT,0.484628,1.086689
WT,0.548289,1.024011
WT,0.611346,0.903269
WT,0.841681,0.990182
WT,0.599232,1.347989
WT,0.631927,1.049015
WT,0.543267,1.085738
WT,0.752796,1.149528
WT,0.615877,0.817577
WT,0.371150,0.714906
WT,0.843931,1.066199
WT,0.683195,0.803257
WT,0.622290,0.922448
WT,0.601402,0.928967
WT,0.596325,1.028795
WT,0.604674,0.979475
WT,0.516368,0.973424
WT,0.635591,0.963116
WT,0.652557,0.916711
WT,0.626598,1.011860
WT,0.605509,1.179621
WT,0.423016,0.849051
WT,0.910666,0.833415
WT,0.553399,1.148207
WT,0.679229,0.921812
WT,0.927418,1.004678
WT,0.576535,1.239554
WT,0.915728,1.093987
WT,0.934161,1.211811
WT,0.782991,1.173728
WT,0.714480,1.010993
WT,0.601786,1.144898
WT,0.629197,1.309399
WT,0.522913,0.853698
WT,0.702555,1.064331
WT,0.835594,1.147766
WT,0.575819,1.114338
WT,0.580689,1.114985
WT,0.875345,1.357915
WT,0.775691,1.036914
WT,0.636181,0.813042
WT,0.772515,0.770838
WT,0.675565,0.935031
WT,0.883744,0.824298
WT,0.418257,0.715710
WT,0.614221,0.787859
WT,0.798080,0.790684
WT,0.759800,0.675958
WT,0.513739,0.788694
WT,0.590456,0.831395
WT,0.634038,1.000158
WT,0.748254,1.138631
WT,0.658902,0.835521
WT,0.780098,0.660712
WT,0.755596,0.954080
WT,0.703074,0.704313
WT,0.665673,1.096626
WT,0.773885,0.881103
WT,0.794454,0.710553
WT,0.830740,0.635689
WT,0.611075,0.476177
WT,0.593614,0.394004
WT,0.828695,0.641131
WT,0.694554,0.251474
WT,0.932302,0.260450
WT,0.902854,0.331705
WT,0.983209,0.784674
WT,0.979920,0.603658
WT,0.887825,0.387985
WT,0.837018,0.517926
WT,0.899162,0.708662
WT,0.761739,0.669936
WT,0.754240,0.678296
WT,0.920562,0.478945
WT,0.906105,0.337150
WT,0.625571,0.597091
WT,0.756385,0.192141
WT,0.847150,0.437655
WT,0.541911,0.611689
WT,0.762529,0.335066
WT,0.887280,0.520081
WT,0.690664,0.687177
WT,0.959432,0.561849
WT,0.683924,0.674057
WT,0.731924,0.453465
WT,0.626230,0.584824
WT,0.848964,0.508104
WT,0.893105,1.119845
WT,0.898890,1.119143
WT,0.850786,0.740096
WT,0.867447,0.970148
WT,1.102097,0.759991
WT,0.934683,0.962620
WT,0.876405,0.591892
WT,0.728743,0.296624
WT,0.846454,0.517064
WT,0.988031,0.503505
WT,0.473511,0.368561
WT,0.509503,0.028013
WT,0.891440,0.479698
WT,0.729201,0.378074
WT,0.929183,0.453081
WT,0.666533,0.161594
WT,0.769624,0.313428
WT,0.827431,0.352671
WT,0.780511,0.707853
WT,0.753656,0.199342
WT,0.815557,0.267182
WT,0.631034,0.124382
WT,0.650171,0.339295
WT,0.542798,0.154533
WT,0.677933,0.049561
WT,0.718558,0.338949
WT,0.572551,-0.080683
WT,1.070748,-0.295111
WT,0.732040,0.005914
WT,0.961142,0.336454
WT,0.811951,0.325899
WT,0.780864,0.138749
WT,0.852386,0.208037
WT,0.503983,0.564421
WT,0.663198,0.029894
WT,0.721651,0.260569
WT,0.515826,0.286264
WT,0.906126,0.149041
WT,0.943898,-0.113070
WT,0.831051,0.184601
WT,1.028603,0.212932
WT,0.903996,-0.116804
WT,0.864367,-0.089107
WT,1.108925,-0.036108
WT,0.885301,0.079094
WT,0.831416,0.373137
WT,1.055664,0.109083
WT,1.084842,0.042736
WT,0.920392,0.244900
WT,1.007037,0.350176
WT,1.214300,0.237641
WT,1.019407,0.277177
WT,0.994736,0.281830
WT,0.992951,0.136218
WT,1.020608,0.419170
WT,1.170067,0.414825
WT,1.167282,0.227310
WT,1.068517,0.272529
WT,1.071810,0.193387
WT,0.992265,0.226618
WT,1.130941,0.208884
WT,0.990663,0.193759
WT,0.918353,0.138478
WT,1.101998,-0.094240
WT,1.044189,0.084463
WT,1.081248,0.006716
WT,0.869125,0.099414
WT,1.201051,0.373531
WT,1.065383,-0.082170
WT,0.877400,0.133163
WT,0.909777,0.051137
WT,0.966786,-0.134831
WT,1.035037,-0.033972
WT,0.989626,-0.087846
WT,1.024772,0.529351
WT,1.129198,-0.006829
WT,1.095166,0.263633
WT,1.002461,0.135696
WT,0.931189,0.356119
WT,1.080797,0.103251
WT,1.294427,0.127500
WT,0.996973,0.079264
WT,0.979533,0.468705
WT,1.114479,0.274578
WT,1.045801,0.121551
WT,1.024484,0.029356
WT,0.946954,0.307087
WT,0.901384,0.495495
WT,1.131002,0.399586
WT,1.327058,0.227383
WT,0.981436,0.347802
WT,1.124585,0.386750
WT,0.884742,0.341870
WT,1.158361,0.325490
WT,0.958753,0.250906
WT,0.981980,0.114523
WT,0.952461,0.262269
WT,0.747206,0.078243
WT,0.811397,0.096405
WT,0.746231,0.340375
WT,1.167433,0.284002
WT,1.161887,0.252988
WT,1.173484,0.264322
WT,1.059311,0.424239
WT,1.073718,0.492361
WT,0.851641,0.540940
WT,1.012281,0.481591
WT,0.968713,0.340015
WT,0.897286,0.566807
WT,0.926290,1.014759
WT,0.852167,0.397381
WT,0.890603,0.586989
WT,1.116140,0.674098
WT,0.925186,0.772219
WT,1.105675,0.721739
WT,1.031624,0.481139
WT,0.749552,0.843963
WT,0.920623,0.868748
WT,0.880094,0.846507
WT,1.058004,0.553193
WT,0.882069,0.725009
WT,0.916334,0.829435
WT,1.060123,0.848862
WT,0.842750,0.724985
WT,0.879627,0.519601
WT,0.936889,0.625704
WT,0.917147,0.674810
WT,0.891610,0.856404
WT,1.148394,0.707732
WT,0.937878,0.754039
WT,1.253548,0.748162
WT,1.125226,0.571823
WT,0.978515,0.706504
WT,1.028724,0.702746
WT,1.047297,0.457569
WT,0.819779,0.630570
WT,1.139330,0.660788
WT,1.090955,0.755705
WT,0.894526,0.636440
WT,1.175187,0.755841
WT,1.147104,0.833436
WT,0.853429,0.857475
WT,0.904982,0.917127
WT,1.102660,0.593480
WT,1.071049,0.578136
WT,0.912106,0.723920
WT,0.932221,0.449614
WT,1.138146,0.622114
WT,0.869299,0.632474
WT,0.779985,0.490476
WT,0.862832,0.836576
WT,1.404362,0.836755
WT,1.057973,0.389548
WT,1.183655,0.416426
WT,1.273278,0.589922
WT,1.194577,0.760143
WT,1.177191,0.492914
WT,1.347264,0.668190
WT,0.950695,0.784662
WT,0.886373,1.066172
WT,1.130557,1.001861
WT,1.227200,0.943985
WT,0.959076,1.053537
WT,0.946267,0.892125
WT,1.027838,0.753905
WT,0.962859,0.792626
WT,0.787281,0.981978
WT,0.949681,0.748044
WT,0.759429,0.809983
WT,0.984611,0.786014
WT,1.010360,0.684744
WT,0.948843,0.699766
WT,0.874914,0.895256
WT,0.781340,0.835400
WT,1.069334,0.714471
WT,0.882479,0.739820
WT,0.966926,1.047271
WT,1.226344,0.853696
WT,1.168531,0.893170
WT,1.166410,1.109404
WT,1.148993,0.899663
WT,1.242519,0.531697
WT,1.279841,0.729143
WT,1.246131,0.847456
WT,1.036868,0.749056
WT,1.164769,0.481792
WT,1.210329,0.779267
WT,1.129994,0.481485
WT,0.965807,0.617504
WT,1.197480,0.678398
WT,0.878393,0.632661
WT,1.207550,0.522774
WT,1.043183,0.659768
WT,1.154774,0.679026
WT,1.273429,0.699347
WT,1.170639,0.503062
WT,1.070509,0.398114
WT,1.038945,0.570069
WT,1.100159,0.546776
WT,1.095109,0.531296
WT,1.248546,0.337904
WT,1.219428,0.246984
WT,1.030952,0.170606
WT,0.969252,0.243645
WT,1.060994,0.282262
WT,1.199545,0.396164
WT,1.216225,0.285767
WT,1.177237,0.344249
WT,1.180999,0.279238
WT,1.081565,0.499461
WT,1.062281,0.291497
WT,1.068255,0.214833
WT,1.203252,0.414001
WT,1.281711,0.389173
WT,1.022339,0.503827
WT,1.132890,0.546947
WT,1.140480,0.535891
WT,0.986064,0.524173
WT,1.173891,0.281597
WT,0.996576,0.390875
WT,1.037519,0.717885
WT,1.014137,1.013907
WT,1.217353,0.375597
WT,1.047656,0.465906
WT,0.979070,0.303043
WT,1.152280,0.351436
WT,0.878781,0.460562
WT,1.002093,-0.019213
WT,0.740368,0.052125
WT,1.271761,-0.004552
WT,1.092079,0.294681
WT,1.181618,-0.021465
WT,1.073214,0.503606
WT,1.091209,0.126675
WT,1.032160,0.285796
WT,1.065602,0.162713
WT,0.879798,0.412461
WT,0.863214,0.393328
WT,0.931559,0.338626
WT,0.983379,0.208970
WT,1.033710,0.059092
WT,1.197455,0.122036
WT,0.997720,-0.174223
WT,0.969195,0.061090
WT,1.180790,0.157275
WT,1.194219,0.296698
WT,1.212022,0.361775
WT,1.186680,0.047103
WT,1.265739,0.534422
WT,1.361470,0.118240
WT,1.061306,0.190449
WT,1.029629,0.091207
WT,1.335019,0.335600
WT,1.046821,0.216704
WT,1.048513,0.096333
WT,1.196003,0.443165
WT,1.330954,0.164186
WT,1.280176,0.150323
WT,1.101728,0.241964
WT,1.150867,0.226319
WT,0.992673,0.216816
WT,1.317403,0.089291
WT,1.218662,0.151363
WT,0.964590,-0.004526
WT,1.125704,-0.023733
WT,1.175711,0.007223
WT,1.047304,0.175998
WT,1.184022,0.064258
WT,1.242951,-0.456425
WT,1.303810,0.063462
WT,1.171481,0.064992
WT,1.130254,0.018415
WT,1.026222,0.028032
WT,1.181542,-0.211918
WT,0.793410,0.013895
WT,1.074105,0.328508
WT,0.993289,0.089024
WT,1.060378,0.066506
WT,1.134852,0.329361
WT,1.296638,0.088426
WT,1.081176,0.183829
WT,1.102617,0.116356
WT,1.069359,-0.023000
WT,1.205546,-0.032923
WT,0.848792,0.235195
WT,1.079268,0.023871
WT,1.115114,0.058258
WT,1.069758,0.410604
WT,0.744380,-0.180949
WT,1.063114,-0.204415
WT,1.107962,-0.004807
WT,1.259504,0.298167
WT,1.149371,0.203060
WT,1.180512,0.215631
WT,1.346608,0.229995
WT,1.365432,0.067898
WT,1.245169,-0.017006
WT,1.184706,0.129302
WT,0.989655,0.186435
WT,1.207007,0.336958
WT,0.938388,0.212093
WT,1.328947,0.052645
WT,1.053592,0.165881
WT,1.074487,-0.212976
WT,0.973045,0.397488
WT,1.269634,-0.056339
WT,1.011557,0.002307
WT,1.027030,0.017254
WT,1.242375,-0.108305
WT,0.796643,0.204732
WT,1.007332,0.437067
WT,1.034787,0.254622
WT,1.006247,0.575858
WT,0.838816,0.065402
WT,0.681716,0.242093
WT,0.977850,0.303934
WT,0.863865,0.635719
WT,0.974988,0.191705
WT,0.685166,0.307359
WT,0.896058,0.155842
WT,0.831184,0.553668
WT,0.729953,0.256139
WT,0.829087,0.100888
WT,0.981120,-0.201466
WT,0.895472,-0.063574
WT,1.076045,-0.101018
WT,1.084998,-0.286351
WT,1.140769,-0.149545
WT,1.009265,0.229934
WT,0.886301,-0.061737
WT,0.760467,0.212121
WT,0.794324,0.009296
WT,0.914801,0.063495
WT,0.750683,0.117285
WT,0.813624,0.099579
WT,0.948946,0.334599
WT,0.998985,0.374038
WT,0.927544,-0.039127
WT,0.868654,0.010220
WT,0.818208,-0.386909
WT,0.830213,-0.435243
WT,0.563216,-0.492239
WT,0.513238,-0.520977
WT,0.567031,-0.635365
WT,0.740298,-0.543133
WT,0.562807,-0.448380
WT,1.012608,-0.496250
WT,0.819973,-0.442080
WT,0.706229,-0.158774
WT,0.885443,-0.288607
WT,0.677405,-0.423653
WT,0.752209,-0.124999
WT,0.705515,-0.994583
WT,0.865887,-0.731846
WT,0.796786,-0.619215
WT,0.980934,-0.443283
WT,0.619682,-0.798989
WT,0.662813,-0.581073
WT,0.554339,-0.553538
WT,0.441658,-0.959429
WT,0.261105,-0.888620
WT,0.251724,-0.787840
WT,0.352839,-0.823875
WT,0.252057,-0.822030
WT,0.112360,-0.737652
WT,0.516886,-1.166965
WT,0.697299,-1.094622
WT,0.517704,-0.765238
WT,0.829093,-0.667849
WT,0.577675,-0.440507
WT,0.559967,-0.508445
WT,0.811396,-1.037731
WT,0.710650,-0.868176
WT,0.698752,-1.191260
WT,0.483467,-1.100803
WT,0.714528,-0.998378
WT,0.827681,-1.458028
WT,0.767647,-1.105010
WT,0.930621,-1.187055
WT,0.905004,-1.328006
WT,0.847176,-1.164520
WT,0.706247,-1.307623
WT,0.739109,-1.411065
WT,0.778870,-1.202318
WT,0.921450,-1.161626
WT,0.842840,-1.384733
WT,0.931698,-1.578923
WT,0.883066,-1.429994
WT,0.775370,-1.265991
WT,0.716420,-1.349420
WT,0.792973,-1.485882
WT,0.659300,-1.605161
WT,0.626396,-1.574887
WT,0.609985,-1.835610
WT,0.859450,-1.528241
WT,0.813281,-1.345979
WT,1.016296,-1.241170
WT,1.013370,-1.313522
WT,0.912016,-1.623668
WT,0.757852,-1.492460
WT,0.572758,-1.238307
WT,0.954757,-1.190535
WT,0.770263,-1.679917
WT,0.740197,-1.354982
WT,0.609578,-1.585310
WT,0.851404,-1.513384
WT,0.686935,-1.727368
WT,0.697648,-1.746813
WT,0.546629,-1.453404
WT,0.521925,-1.250138
WT,0.225826,-1.576325
WT,0.324798,-1.730209
WT,0.271130,-1.639260
WT,0.304979,-1.736878
WT,0.413061,-1.842899
WT,0.370159,-1.672307
WT,0.254354,-1.560560
WT,0.415221,-1.578609
WT,0.426312,-1.343923
WT,0.438369,-1.775567
WT,0.226539,-1.399200
WT,0.196200,-1.445033
WT,0.306420,-1.211914
WT,0.226711,-1.416077
WT,0.331816,-1.357369
WT,0.341682,-1.363485
WT,0.209868,-1.280052
WT,0.354674,-1.253237
WT,0.288991,-1.247927
WT,0.266193,-1.426279
WT,0.265680,-1.313535
WT,0.181571,-1.025480
WT,0.102824,-1.624966
WT,-0.113075,-1.540897
WT,0.008461,-1.474354
WT,0.154342,-1.770781
WT,0.172510,-1.500658
WT,0.348897,-1.944645
WT,0.503916,-2.064159
WT,0.235759,-1.828848
WT,0.195402,-1.911077
WT,0.288914,-1.711949
WT,0.194779,-1.372077
WT,0.340998,-1.570974
WT,0.296188,-1.853337
WT,0.190106,-1.537217
WT,0.025409,-1.666354
WT,0.202277,-1.562263
WT,0.119633,-1.432258
WT,0.025101,-1.170113
WT,-0.017222,-1.361393
WT,0.197848,-1.661801
WT,0.238627,-1.662693
WT,0.177835,-1.604784
WT,0.210979,-1.583635
WT,0.042815,-1.746483
WT,0.113391,-1.375994
WT,0.112571,-1.619375
WT,0.061773,-1.633214
WT,0.027173,-1.365387
WT,-0.120870,-1.791577
WT,0.119640,-1.506057
WT,0.550584,-1.695876
WT,0.293058,-1.518146
WT,0.130858,-1.457591
WT,0.166542,-1.687051
WT,0.130158,-2.030926
WT,0.364092,-1.742850
WT,0.124923,-2.081253
WT,0.148922,-1.781291
WT,0.167090,-1.646653
WT,0.236124,-1.990697
WT,0.304220,-2.117046
WT,0.203249,-1.773871
WT,0.375802,-1.821886
WT,0.107472,-1.657614
WT,0.274807,-1.976044
WT,0.001655,-1.630472
WT,-0.121089,-1.942022
WT,-0.109927,-1.859729
WT,-0.022406,-1.974286
WT,0.232634,-2.176935
WT,-0.165894,-1.797277
WT,0.279654,-2.035912
WT,0.074585,-1.822854
WT,0.603948,-2.105866
WT,0.549867,-2.040015
WT,0.070887,-1.943255
WT,0.401356,-2.125224
WT,0.211597,-2.161117
WT,0.596760,-2.224017
WT,0.469978,-2.252508
WT,0.292270,-1.976411
WT,0.413397,-1.823737
WT,0.554908,-1.787169
WT,0.508548,-2.081952
WT,0.427572,-1.951415
WT,0.045852,-1.860340
WT,0.500659,-2.025161
WT,0.419381,-2.465642
WT,0.557749,-2.487789
WT,0.590806,-2.222083
WT,0.490337,-2.238815
WT,0.606583,-2.045200
WT,0.191778,-2.305170
WT,0.244037,-2.347831
WT,0.436036,-2.349824
WT,0.610556,-1.840361
WT,0.302140,-2.232820
WT,0.476707,-2.274855
WT,0.333770,-2.281859
WT,0.382739,-2.024325
WT,0.161881,-2.185517
WT,0.479126,-2.049697
WT,0.467476,-1.996401
WT,0.256726,-2.285028
WT,0.135009,-2.614452
WT,0.282889,-2.094272
WT,0.128920,-2.280001
WT,0.435621,-2.418160
WT,0.419970,-2.278514
WT,0.412026,-2.321038
WT,0.133739,-2.510059
WT,0.217811,-2.546412
WT,0.157564,-2.379118
WT,0.254657,-2.437244
WT,0.258525,-2.241947
WT,0.339657,-2.476434
WT,0.375324,-2.211338
WT,0.295226,-2.482301
WT,0.562232,-2.426103
WT,0.413442,-2.502020
WT,0.438492,-2.476436
WT,0.446862,-2.788536
WT,0.399839,-2.946673
WT,0.391468,-2.646008
WT,0.341194,-2.393795
WT,0.483640,-2.481404
WT,0.306792,-2.622544
WT,0.399403,-2.530614
WT,0.461639,-2.067397
WT,0.442083,-2.353513
WT,0.318929,-2.463725
WT,0.566852,-2.160611
WT,0.545436,-2.296454
WT,0.504277,-2.315651
WT,0.554907,-2.274162
WT,0.504669,-2.310718
WT,0.190944,-2.159135
WT,0.166198,-2.186993
WT,0.239194,-2.430828
WT,0.260323,-2.296046
WT,0.066743,-2.223248
WT,0.083198,-2.050542
WT,0.262163,-2.011018
WT,0.329863,-2.157010
WT,0.139002,-2.093231
WT,0.207038,-2.374521
WT,0.259261,-2.252501
WT,0.296802,-2.195685
WT,0.378786,-2.107950
WT,0.250880,-2.117962
WT,0.190748,-2.063251
WT,0.098963,-2.380927
WT,0.224274,-2.098774
WT,0.142737,-1.725930
WT,0.136875,-1.769005
WT,-0.001603,-1.886317
WT,0.206600,-2.022355
WT,0.266001,-1.933829
WT,0.428968,-1.804829
WT,0.467226,-1.807271
WT,0.351767,-1.631361
WT,0.247461,-2.081329
WT,0.155088,-1.716433
WT,0.062537,-1.787210
WT,-0.131980,-1.553149
WT,0.195737,-1.447534
WT,0.163433,-1.441392
WT,0.141210,-1.484600
WT,0.292464,-1.810494
WT,0.075129,-1.763562
WT,0.018170,-1.176820
WT,0.150894,-1.344958
WT,0.226018,-1.162280
WT,0.109155,-1.062777
WT,-0.020657,-1.075290
WT,0.010247,-0.999207
WT,-0.052945,-0.470021
WT,0.125477,-0.792233
WT,0.155549,-0.525965
WT,-0.084126,-0.471898
WT,0.122696,-0.334373
WT,0.178151,-0.545421
WT,0.093835,-0.244524
WT,-0.050500,-0.801757
WT,-0.223749,-0.517261
WT,0.110484,-0.505966
WT,-0.100476,-0.554641
WT,-0.066674,-0.409684
WT,0.019850,-0.459329
WT,-0.107128,-0.165226
WT,-0.158760,-0.780292
WT,-0.144159,-0.426251
WT,-0.076008,-0.875866
WT,0.144531,-1.317726
WT,0.300945,-0.899465
WT,-0.241090,-0.997517
WT,-0.075762,-0.761825
WT,-0.006429,-0.651968
WT,0.057544,-0.730240
WT,-0.113523,-0.609837
WT,-0.127553,-0.676220
WT,-0.326345,-0.811167
WT,0.039398,-0.802853
WT,-0.339043,-0.824740
WT,-0.233524,-1.213673
WT,-0.274616,-0.949299
WT,-0.169931,-0.598050
WT,-0.372922,-0.580013
WT,-0.106033,-0.958036
WT,-0.533083,-0.674751
WT,-0.196301,-0.854932
WT,-0.187296,-0.747288
WT,-0.219344,-1.291983
WT,-0.540050,-0.700820
WT,-0.424602,-0.772947
WT,-0.636439,-0.645584
WT,-0.801371,-0.792016
WT,-0.811575,-0.673442
WT,-0.571927,-0.587260
WT,-1.043566,-0.721302
WT,-0.805703,-0.813004
WT,-0.786188,-0.517579
WT,-0.764551,-0.643416
WT,-0.648683,-0.724198
WT,-0.673916,-0.641297
WT,-0.622286,-0.513789
WT,-0.574326,-0.810881
WT,-0.511104,-0.554735
WT,-0.628594,-0.797377
WT,-0.566141,-0.929900
WT,-0.474338,-0.447303
WT,-0.631282,-0.574133
WT,-0.672761,-0.627012
WT,-0.582904,-0.797893
WT,-0.573323,-0.488644
WT,-0.516038,-0.580924
WT,-0.692452,-0.588520
WT,-0.561927,-0.724215
WT,-0.803088,-0.905065
WT,-1.003935,-0.707228
WT,-1.062627,-0.735873
WT,-0.705801,-0.735792
WT,-0.933799,-0.528672
WT,-0.825194,-0.645363
WT,-0.667728,-0.465462
WT,-0.389363,-0.722348
WT,-0.655265,-0.549594
WT,-0.590151,-0.458224
WT,-0.632828,-0.731123
WT,-0.828717,-0.646122
WT,-0.785390,-0.582041
WT,-0.544487,-0.575403
WT,-0.607003,-0.431878
WT,-0.660358,-0.569942
WT,-0.375564,-0.490740
WT,-0.688890,-0.163239
WT,-0.783107,-0.439041
WT,-0.814119,-0.470821
WT,-0.773608,-0.463268
WT,-0.572648,-0.468337
WT,-0.649101,-1.042036
WT,-0.608265,-0.778019
WT,-0.453524,-0.497230
WT,-0.485863,-0.655893
WT,-0.659388,-1.097361
WT,-0.675310,-0.854624
WT,-0.753094,-0.361458
WT,-0.542645,-0.596518
WT,-0.686624,-0.768818
WT,-0.562686,-0.966157
WT,-0.692190,-0.495381
WT,-0.660067,-0.888989
WT,-0.729825,-0.614571
WT,-0.687734,-0.490393
WT,-0.779011,-0.543124
WT,-0.685175,-0.740184
WT,-0.667216,-1.016078
WT,-0.931867,-0.981575
WT,-0.720226,-0.721101
WT,-1.005454,-0.850812
WT,-0.627989,-0.903392
WT,-0.774165,-0.703712
WT,-0.632711,-0.683509
WT,-0.897980,-0.658962
WT,-0.751679,-0.903239
WT,-0.858429,-0.825112
WT,-0.848495,-0.880042
WT,-0.608654,-0.853384
WT,-0.517659,-0.736073
WT,-0.456600,-0.611944
WT,-0.583205,-0.841151
WT,-0.666598,-0.647406
WT,-1.070059,-0.896524
WT,-0.714869,-0.669400
WT,-0.631390,-0.630670
WT,-0.936083,-0.983479
WT,-0.649226,-0.840195
WT,-0.715457,-0.974278
WT,-0.816030,-0.749870
WT,-0.767998,-0.922673
WT,-0.728258,-1.019759
WT,-0.646012,-0.933831
WT,-0.868859,-0.962872
WT,-0.836865,-0.824647
WT,-0.572842,-0.878352
WT,-0.804263,-0.748990
WT,-0.799964,-1.082737
WT,-0.773982,-0.950814
WT,-1.013976,-0.855377
WT,-0.882687,-0.751469
WT,-0.824616,-1.094328
WT,-0.605928,-1.172061
WT,-0.778475,-0.547048
WT,-0.775699,-0.693342
WT,-0.637849,-1.062691
WT,-0.663274,-1.010348
WT,-0.573659,-0.897453
WT,-0.578585,-1.152663
WT,-0.745833,-0.927915
WT,-0.773639,-0.677059
WT,-0.793253,-0.884386
D111A,0.526285,-1.423157
D111A,0.503371,-1.462222
D111A,0.336095,-1.126884
D111A,0.449618,-1.225937
D111A,0.404981,-0.993868
D111A,0.394207,-0.979665
D111A,0.383508,-0.908690
D111A,0.413406,-0.949600
D111A,0.483529,-1.112008
D111A,0.491420,-1.108079
D111A,0.544090,-1.466200
D111A,0.378206,-1.156933
D111A,0.459850,-0.837798
D111A,0.513265,-1.215295
D111A,0.472206,-1.102261
D111A,0.382218,-1.275913
D111A,0.381662,-1.578168
D111A,0.425577,-1.295271
D111A,0.402759,-1.309151
D111A,0.363367,-1.089126
D111A,0.327161,-1.612925
D111A,0.371997,-1.323157
D111A,0.412015,-1.252962
D111A,0.317301,-1.203938
D111A,0.362069,-1.153505
D111A,0.392787,-1.243438
D111A,0.350733,-1.533782
D111A,0.418751,-1.288698
D111A,0.415024,-1.265840
D111A,0.480912,-1.215000
D111A,0.433673,-1.297264
D111A,0.431748,-1.261242
D111A,0.480037,-1.302379
D111A,0.366405,-1.446636
D111A,0.417357,-1.629251
D111A,0.450800,-1.286623
D111A,0.398573,-1.435676
D111A,0.438586,-1.399461
D111A,0.407069,-1.420347
D111A,0.295631,-1.841343
D111A,0.343595,-1.989461
D111A,0.463291,-1.311190
D111A,0.502256,-1.656191
D111A,0.400663,-1.452108
D111A,0.416289,-1.454615
D111A,0.430233,-1.609950
D111A,0.385009,-1.693429
D111A,0.327677,-1.608634
D111A,0.428713,-1.466516
D111A,0.412181,-1.473370
D111A,0.400145,-1.578371
D111A,0.307918,-1.542319
D111A,0.373636,-1.674292
D111A,0.380386,-1.554521
D111A,0.364823,-1.606608
D111A,0.458333,-1.523560
D111A,0.403977,-1.820256
D111A,0.412289,-1.627270
D111A,0.435574,-1.545257
D111A,0.466006,-1.724942
D111A,0.416960,-1.888865
D111A,0.353730,-1.607959
D111A,0.348090,-1.538499
D111A,0.425037,-1.835303
D111A,0.369099,-1.880237
D111A,0.404803,-1.805943
D111A,0.420148,-2.229673
D111A,0.429742,-1.765480
D111A,0.340825,-1.683300
D111A,0.377386,-1.748780
D111A,0.398084,-1.572874
D111A,0.365287,-1.602109
D111A,0.384905,-1.872998
D111A,0.397885,-1.904449
D111A,0.448074,-1.701390
D111A,0.422735,-1.630316
D111A,0.491166,-1.948414
D111A,0.490126,-1.659839
D111A,0.436261,-1.350362
D111A,0.521043,-1.548257
D111A,0.505747,-1.686675
D111A,0.547855,-1.538957
D111A,0.530753,-1.811736
D111A,0.488968,-1.846365
D111A,0.535605,-2.043591
D111A,0.467961,-1.835192
D111A,0.516897,-2.050167
D111A,0.465692,-1.843015
D111A,0.600186,-2.027438
D111A,0.479329,-1.775633
D111A,0.470646,-1.624527
D111A,0.450549,-1.648053
D111A,0.494721,-1.635739
D111A,0.463147,-1.871768
D111A,0.436392,-1.772084
D111A,0.599710,-1.699654
D111A,0.525165,-1.661020
D111A,0.446207,-1.807038
D111A,0.453527,-1.595215
D111A,0.517468,-1.805638
D111A,0.512063,-1.920640
D111A,0.444706,-1.699966
D111A,0.496928,-1.543444
D111A,0.453820,-1.872351
D111A,0.532665,-1.816664
D111A,0.459022,-1.901434
D111A,0.456120,-1.841483
D111A,0.430788,-1.856766
D111A,0.498156,-1.706199
D111A,0.483283,-1.689319
D111A,0.466281,-1.440817
D111A,0.478252,-1.769959
D111A,0.544385,-1.628015
D111A,0.570133,-1.650317
D111A,0.473372,-1.729414
D111A,0.542601,-1.854591
D111A,0.485639,-1.658335
D111A,0.523688,-1.776678
D111A,0.570345,-1.890537
D111A,0.543769,-1.957185
D111A,0.496399,-1.851153
D111A,0.495326,-1.833702
D111A,0.487887,-1.822507
D111A,0.523646,-1.679641
D111A,0.453914,-1.575324
D111A,0.501443,-1.665216
D111A,0.507254,-1.620331
D111A,0.627900,-1.903754
D111A,0.583860,-1.692890
D111A,0.555115,-1.727395
D111A,0.514748,-1.587404
D111A,0.335192,-1.955887
D111A,0.335600,-1.680624
D111A,0.443773,-2.048690
D111A,0.487175,-1.759979
D111A,0.517391,-2.146967
D111A,0.464448,-1.846172
D111A,0.518232,-1.633775
D111A,0.505841,-1.886646
D111A,0.524825,-2.019123
D111A,0.574543,-2.053247
D111A,0.537919,-1.871174
D111A,0.567602,-1.711125
D111A,0.535874,-1.938397
D111A,0.510417,-1.743043
D111A,0.565703,-1.706761
D111A,0.490087,-1.814720
D111A,0.451887,-1.817561
D111A,0.408500,-2.168223
D111A,0.465314,-1.966703
D111A,0.397650,-1.990608
D111A,0.483258,-1.996073
D111A,0.408251,-1.994807
D111A,0.416867,-1.919325
D111A,0.458404,-1.912880
D111A,0.443430,-1.995298
D111A,0.438067,-2.139235
D111A,0.446983,-1.917323
D111A,0.501900,-1.614017
D111A,0.449237,-1.733965
D111A,0.420264,-1.953834
D111A,0.382084,-1.711170
D111A,0.377173,-2.100342
D111A,0.469156,-2.062803
D111A,0.561900,-1.976463
D111A,0.529047,-1.446798
D111A,0.534840,-1.698426
D111A,0.462361,-1.458365
D111A,0.424168,-1.357889
D111A,0.400531,-1.495491
D111A,0.494988,-1.800337
D111A,0.537678,-2.102354
D111A,0.656680,-2.082480
D111A,0.551044,-2.240198
D111A,0.534027,-1.866254
D111A,0.545065,-1.890619
D111A,0.498672,-1.801472
D111A,0.445482,-1.476813
D111A,0.522778,-1.347910
D111A,0.464873,-1.395203
D111A,0.496140,-1.277896
D111A,0.542321,-1.690902
D111A,0.483733,-1.858326
D111A,0.480890,-1.382707
D111A,0.441913,-1.322317
D111A,0.528649,-1.551480
D111A,0.460109,-1.364447
D111A,0.468831,-1.657505
D111A,0.488675,-1.665324
D111A,0.609131,-1.387552
D111A,0.523665,-1.213444
D111A,0.518938,-1.376923
D111A,0.491112,-1.529017
D111A,0.574510,-1.392900
D111A,0.521273,-1.564049
D111A,0.571595,-1.638313
D111A,0.532031,-1.600385
D111A,0.487124,-1.708105
D111A,0.509384,-1.675916
D111A,0.538449,-1.565317
D111A,0.511144,-1.234621
D111A,0.486359,-1.447848
D111A,0.500031,-1.292331
D111A,0.534784,-1.493739
D111A,0.465388,-1.002508
D111A,0.471875,-1.048341
D111A,0.532399,-1.309829
D111A,0.577572,-1.103303
D111A,0.514577,-1.348110
D111A,0.452675,-1.386917
D111A,0.402853,-1.101710
D111A,0.550339,-1.290658
D111A,0.439200,-0.929273
D111A,0.454897,-1.008625
D111A,0.411711,-1.047726
D111A,0.447122,-1.103788
D111A,0.422403,-0.696718
D111A,0.571164,-0.841374
D111A,0.491968,-0.621862
D111A,0.489546,-0.769206
D111A,0.561111,-1.328094
D111A,0.486943,-1.144146
D111A,0.516280,-0.871798
D111A,0.528699,-0.621029
D111A,0.487406,-1.447760
D111A,0.582540,-1.332636
D111A,0.466308,-1.581374
D111A,0.532940,-1.776668
D111A,0.437274,-1.551825
D111A,0.529727,-1.191629
D111A,0.504755,-1.710841
D111A,0.520602,-1.615108
D111A,0.473495,-1.369198
D111A,0.439815,-1.284219
D111A,0.427949,-0.870807
D111A,0.436036,-1.213048
D111A,0.433297,-1.645468
D111A,0.485564,-1.275865
D111A,0.527487,-1.574473
D111A,0.528036,-1.395037
D111A,0.567354,-1.511961
D111A,0.393114,-1.230342
D111A,0.357566,-1.259554
D111A,0.336135,-1.076736
D111A,0.370294,-1.273705
D111A,0.417012,-1.389471
D111A,0.418805,-1.364552
D111A,0.422537,-1.210951
D111A,0.392868,-1.220225
D111A,0.464503,-1.274589
D111A,0.398079,-1.224017
D111A,0.478090,-1.481959
D111A,0.387505,-1.467894
D111A,0.435581,-1.634413
D111A,0.489231,-1.451083
D111A,0.416899,-1.266005
D111A,0.391512,-1.556948
D111A,0.436025,-1.387142
D111A,0.456213,-1.377771
D111A,0.484367,-1.376421
D111A,0.457806,-1.248909
D111A,0.553011,-1.552018
D111A,0.483661,-1.176810
D111A,0.494414,-1.428136
D111A,0.442466,-1.344208
D111A,0.457605,-1.324450
D111A,0.447936,-1.306911
D111A,0.400281,-1.269067
D111A,0.455806,-1.078494
D111A,0.462695,-0.933451
D111A,0.545085,-1.505205
D111A,0.453245,-1.361763
D111A,0.491874,-1.245138
D111A,0.454370,-1.396951
D111A,0.466722,-1.316381
D111A,0.441943,-1.538487
D111A,0.326661,-1.057306
D111A,0.369176,-1.196048
D111A,0.368251,-1.071843
D111A,0.472270,-1.228557
D111A,0.527137,-1.224642
D111A,0.399236,-1.403947
D111A,0.516343,-1.223285
D111A,0.414045,-1.082332
D111A,0.388062,-1.102648
D111A,0.394448,-1.047642
D111A,0.466908,-1.214652
D111A,0.470167,-1.170503
D111A,0.443620,-0.887647
D111A,0.317494,-0.888940
D111A,0.440972,-1.139285
D111A,0.378048,-0.945121
D111A,0.399242,-1.078642
D111A,0.449899,-0.865194
D111A,0.430717,-0.808301
D111A,0.514510,-0.972047
D111A,0.500685,-1.056742
D111A,0.427867,-0.895641
D111A,0.399914,-0.880393
D111A,0.460392,-0.857160
D111A,0.487164,-0.690294
D111A,0.467690,-0.851267
D111A,0.524802,-0.920795
D111A,0.425738,-0.662686
D111A,0.453223,-0.798181
D111A,0.490563,-1.032510
D111A,0.517135,-1.225518
D111A,0.499165,-0.885964
D111A,0.492544,-0.979354
D111A,0.517780,-1.328170
D111A,0.581681,-1.113911
D111A,0.534193,-0.906211
D111A,0.632708,-1.201814
D111A,0.585967,-1.093189
D111A,0.611482,-0.986911
D111A,0.606694,-0.994627
D111A,0.502228,-0.671372
D111A,0.539067,-1.126218
D111A,0.580704,-0.876450
D111A,0.592281,-0.778453
D111A,0.610063,-0.792625
D111A,0.487891,-0.867400
D111A,0.608381,-0.840476
D111A,0.600117,-0.900563
D111A,0.621624,-0.908693
D111A,0.552270,-0.716650
D111A,0.651514,-0.604205
D111A,0.421664,-0.547519
D111A,0.457210,-0.507706
D111A,0.468163,-0.461299
D111A,0.437943,-0.624851
D111A,0.472970,-0.654860
D111A,0.471744,-0.535779
D111A,0.509463,-0.412921
D111A,0.562689,-0.760177
D111A,0.557593,-0.672130
D111A,0.531930,-0.510231
D111A,0.501487,-0.611221
D111A,0.510855,-0.634127
D111A,0.570378,-0.553822
D111A,0.570592,-0.544561
D111A,0.623483,-0.892855
D111A,0.624400,-0.735596
D111A,0.587179,-0.550387
D111A,0.644650,-0.659661
D111A,0.626139,-0.435966
D111A,0.717314,-0.557145
D111A,0.635139,-0.410632
D111A,0.639670,-0.154920
D111A,0.656783,-0.428997
D111A,0.639168,-0.482048
D111A,0.653735,-0.321375
D111A,0.694080,-0.450728
D111A,0.715483,-0.385929
D111A,0.703163,-0.467686
D111A,0.734266,-0.247094
D111A,0.788880,-0.449195
D111A,0.718344,-0.515823
D111A,0.743357,-0.430303
D111A,0.686426,-0.391315
D111A,0.659835,-0.314349
D111A,0.708840,-0.474109
D111A,0.687603,-0.459632
D111A,0.677291,-0.245311
D111A,0.741925,-0.466786
D111A,0.728460,-0.345722
D111A,0.643681,-0.155309
D111A,0.724358,-0.109661
D111A,0.625995,-0.092563
D111A,0.632042,-0.203465
D111A,0.718464,-0.282520
D111A,0.751182,-0.040639
D111A,0.771175,-0.109849
D111A,0.665236,-0.054707
D111A,0.631278,-0.168798
D111A,0.626079,0.145300
D111A,0.674711,0.087060
D111A,0.655424,-0.022810
D111A,0.617470,-0.053948
D111A,0.826446,-0.130115
D111A,0.662490,0.044190
D111A,0.733269,-0.046092
D111A,0.664698,0.108311
D111A,0.687182,-0.010607
D111A,0.631125,0.375013
D111A,0.664057,0.385164
D111A,0.656359,0.196691
D111A,0.614516,0.422835
D111A,0.594841,0.223562
D111A,0.643220,0.133819
D111A,0.652695,0.477463
D111A,0.639440,0.353311
D111A,0.647470,0.394478
D111A,0.575086,0.276119
D111A,0.577933,0.047228
D111A,0.585901,0.328538
D111A,0.666034,0.195849
D111A,0.612159,0.237619
D111A,0.589271,0.242157
D111A,0.630452,0.402699
D111A,0.590365,0.251754
D111A,0.652448,0.263491
D111A,0.553834,0.000497
D111A,0.618092,0.136635
D111A,0.681399,0.209588
D111A,0.640603,0.304962
D111A,0.651316,-0.004627
D111A,0.635763,0.118036
D111A,0.604342,0.141257
D111A,0.585859,0.442125
D111A,0.730445,0.337598
D111A,0.661884,0.192357
D111A,0.626168,0.036331
D111A,0.656587,0.282952
D111A,0.668985,0.244013
D111A,0.664758,0.178644
D111A,0.656970,0.353827
D111A,0.650798,0.015622
D111A,0.682778,0.029450
D111A,0.626960,0.098637
D111A,0.630236,0.319440
D111A,0.692170,0.179482
D111A,0.665809,0.069138
D111A,0.663376,0.234511
D111A,0.634422,0.274551
D111A,0.646448,0.414745
D111A,0.702796,0.249065
D111A,0.646212,0.348587
D111A,0.660236,0.279232
D111A,0.722319,0.343919
D111A,0.716997,0.136978
D111A,0.661869,0.033287
D111A,0.620365,0.315269
D111A,0.627969,0.199494
D111A,0.732104,0.025547
D111A,0.600578,0.096422
D111A,0.637534,0.108000
D111A,0.697867,0.106058
D111A,0.646696,0.185671
D111A,0.683031,0.138169
D111A,0.751866,0.478128
D111A,0.647139,-0.055134
D111A,0.700333,0.147825
D111A,0.647091,0.109830
D111A,0.736422,-0.028083
D111A,0.690609,0.119056
D111A,0.696193,0.110747
D111A,0.681850,0.232304
D111A,0.626356,0.314515
D111A,0.611517,0.363118
D111A,0.628095,0.381358
D111A,0.637824,0.312027
D111A,0.705289,0.195523
D111A,0.613884,0.162116
D111A,0.705785,0.438086
D111A,0.665468,0.174380
D111A,0.702921,0.348580
D111A,0.610259,0.288136
D111A,0.610625,0.241006
D111A,0.674720,0.370359
D111A,0.628910,0.107149
D111A,0.702437,0.278966
D111A,0.620913,0.219882
D111A,0.638501,0.427679
D111A,0.658213,0.261595
D111A,0.751596,0.099876
D111A,0.663003,0.118415
D111A,0.678792,0.169093
D111A,0.640078,0.283121
D111A,0.690158,0.290392
D111A,0.552154,0.054255
D111A,0.587499,0.020245
D111A,0.565279,0.126173
D111A,0.593597,0.253461
D111A,0.639876,0.049775
D111A,0.599392,0.161065
D111A,0.654590,0.026534
D111A,0.550070,0.156405
D111A,0.579638,-0.039587
D111A,0.625941,0.157855
D111A,0.589096,0.073518
D111A,0.618162,0.104354
D111A,0.542034,0.084795
D111A,0.488475,0.278650
D111A,0.541817,0.049173
D111A,0.571400,0.292272
D111A,0.657081,0.034806
D111A,0.623879,0.251001
D111A,0.587986,0.044738
D111A,0.662394,0.272939
D111A,0.651534,0.104520
D111A,0.740563,0.017155
D111A,0.607453,0.159990
D111A,0.608593,0.047898
D111A,0.585426,0.093652
D111A,0.538896,0.083050
D111A,0.612536,0.025390
D111A,0.504919,0.087616
D111A,0.512695,0.170972
D111A,0.589409,0.173809
D111A,0.513927,0.052480
D111A,0.642610,-0.059978
D111A,0.530537,0.060975
D111A,0.511582,0.107334
D111A,0.373228,0.144143
D111A,0.533606,0.261525
D111A,0.577075,0.008400
D111A,0.551681,0.197356
D111A,0.599534,0.241457
D111A,0.594874,0.142198
D111A,0.708579,0.098175
D111A,0.638589,0.156133
D111A,0.556745,0.330497
D111A,0.519447,-0.092820
D111A,0.495789,0.025675
D111A,0.453262,0.094100
D111A,0.538439,-0.017854
D111A,0.523290,-0.182095
D111A,0.506094,-0.202074
D111A,0.547609,-0.186356
D111A,0.580150,-0.007932
D111A,0.733921,0.106639
D111A,0.641574,0.172226
D111A,0.542324,0.037208
D111A,0.610045,0.083139
D111A,0.516902,-0.097255
D111A,0.501830,0.017447
D111A,0.517946,-0.030490
D111A,0.454463,-0.135588
D111A,0.585268,0.010263
D111A,0.693374,-0.021306
D111A,0.671727,-0.061493
D111A,0.667424,-0.014084
D111A,0.598785,0.077032
D111A,0.631698,0.377082
D111A,0.706477,0.220838
D111A,0.650485,0.239907
D111A,0.616047,0.094220
D111A,0.677496,0.327329
D111A,0.629097,0.017514
D111A,0.658400,-0.158106
D111A,0.649697,-0.043652
D111A,0.645015,0.082278
D111A,0.574277,0.127233
D111A,0.645486,0.044357
D111A,0.534140,0.254345
D111A,0.609186,0.102498
D111A,0.619687,0.295808
D111A,0.626332,-0.039466
D111A,0.570056,0.104140
D111A,0.632859,0.018890
D111A,0.705676,-0.093794
D111A,0.533184,0.116479
D111A,0.544368,0.125963
D111A,0.587213,-0.047196
D111A,0.649639,0.173121
D111A,0.627396,0.350825
D111A,0.589353,0.111874
D111A,0.575449,0.237802
D111A,0.612659,0.064747
D111A,0.535860,0.179566
D111A,0.585443,0.051750
D111A,0.578152,0.300858
D111A,0.578154,-0.037682
D111A,0.566743,0.029714
D111A,0.650941,0.364179
D111A,0.460264,-0.044440
D111A,0.597587,-0.047255
D111A,0.605233,-0.035567
D111A,0.526358,0.082335
D111A,0.607851,0.036341
D111A,0.626605,0.186262
D111A,0.716822,0.151716
D111A,0.636424,0.310401
D111A,0.722662,0.066340
D111A,0.673507,0.195706
D111A,0.720827,0.089563
D111A,0.685952,0.297210
D111A,0.621988,0.241751
D111A,0.651104,0.229003
D111A,0.703051,0.280431
D111A,0.691049,0.183133
D111A,0.661206,-0.082583
D111A,0.740915,0.127252
D111A,0.661521,-0.068807
D111A,0.678516,0.259919
D111A,0.740595,0.201329
D111A,0.735761,0.229191
D111A,0.723981,0.535391
D111A,0.624106,0.215974
D111A,0.747705,0.073905
D111A,0.720846,0.335268
D111A,0.719906,0.154543
D111A,0.703648,0.379940
D111A,0.669433,0.487541
D111A,0.627203,0.058839
D111A,0.727260,0.150937
D111A,0.754236,0.181800
D111A,0.697743,0.156852
D111A,0.722697,0.511487
D111A,0.716407,0.309816
D111A,0.676044,0.123431
D111A,0.750506,0.274621
D111A,0.734548,0.325309
D111A,0.749197,0.123084
D111A,0.652665,0.277988
D111A,0.751316,0.184253
D111A,0.698089,0.225884
D111A,0.698206,-0.010942
D111A,0.740428,0.211002
D111A,0.672319,0.368506
D111A,0.617804,0.336072
D111A,0.600262,0.225067
D111A,0.722345,0.200807
D111A,0.712143,0.029906
D111A,0.652383,0.250915
D111A,0.689331,0.177464
D111A,0.663842,0.500656
D111A,0.698065,0.312509
D111A,0.619808,0.416363
D111A,0.670236,0.425281
D111A,0.634513,0.323479
D111A,0.595021,0.405441
D111A,0.701281,-0.083151
D111A,0.696052,0.340416
D111A,0.631373,0.243038
D111A,0.648634,0.306502
D111A,0.800979,0.440614
D111A,0.712462,0.278186
D111A,0.623881,0.589491
D111A,0.742741,0.195668
D111A,0.699293,0.476426
D111A,0.680534,0.318544
D111A,0.618653,0.245730
D111A,0.653760,0.524738
D111A,0.711931,0.358388
D111A,0.603653,0.343458
D111A,0.738168,0.376040
D111A,0.707321,0.320148
D111A,0.631055,0.136462
D111A,0.614633,0.218439
D111A,0.591965,0.436462
D111A,0.693322,0.200247
D111A,0.714047,0.151793
D111A,0.685530,0.289327
D111A,0.617126,0.397648
D111A,0.619598,0.578872
D111A,0.647767,0.222668
D111A,0.660619,0.331077
D111A,0.661631,0.338820
D111A,0.525757,0.112864
D111A,0.558494,-0.125070
D111A,0.758844,0.173642
D111A,0.634704,0.148487
D111A,0.569194,0.276410
D111A,0.616310,0.321301
D111A,0.601425,0.128702
D111A,0.540285,0.213223
D111A,0.701560,0.030184
D111A,0.675781,0.399082
D111A,0.630621,0.114208
D111A,0.614678,0.309948
D111A,0.691824,0.135758
D111A,0.642929,0.336704
D111A,0.645457,0.125268
D111A,0.683118,0.126674
D111A,0.649628,0.314361
D111A,0.668106,0.347676
D111A,0.658700,0.416229
D111A,0.669458,0.411561
D111A,0.622379,0.400381
D111A,0.685798,0.251189
D111A,0.518594,0.409091
D111A,0.625424,0.480407
D111A,0.616682,0.371675
D111A,0.691826,0.506213
D111A,0.662146,0.196920
D111A,0.730803,0.521092
D111A,0.686321,0.287118
D111A,0.624030,0.336096
D111A,0.731597,0.336571
D111A,0.601594,0.388285
D111A,0.522019,0.558969
D111A,0.592559,0.529947
D111A,0.696028,0.625927
D111A,0.755337,0.379952
D111A,0.772536,0.584691
D111A,0.718659,0.450758
D111A,0.603557,0.586435
D111A,0.686692,0.492546
D111A,0.664007,0.461402
D111A,0.772124,0.726695
D111A,0.732814,0.596252
D111A,0.623918,0.687634
D111A,0.604490,0.731363
D111A,0.730749,0.571698
D111A,0.721338,0.568649
D111A,0.666273,0.582330
D111A,0.640277,0.598530
D111A,0.702699,0.470555
D111A,0.709002,0.697701
D111A,0.677521,0.472497
D111A,0.610697,0.597048
D111A,0.665431,0.336756
D111A,0.668796,0.573947
D111A,0.710655,0.495007
D111A,0.701957,0.415731
D111A,0.640726,0.424018
D111A,0.683018,0.494751
D111A,0.708643,0.414205
D111A,0.594875,0.875657
D111A,0.615633,0.447970
D111A,0.663664,0.379307
D111A,0.748162,0.401160
D111A,0.705416,0.313998
D111A,0.619189,0.508301
D111A,0.605512,0.514727
D111A,0.597344,0.637325
D111A,0.626722,0.417326
D111A,0.467595,0.407312
D111A,0.463679,0.502386
D111A,0.445754,0.754955
D111A,0.398615,0.397094
D111A,0.381825,0.504830
D111A,0.485041,0.479250
D111A,0.514554,0.352940
D111A,0.446466,0.350442
D111A,0.430566,0.376266
D111A,0.378677,0.720694
D111A,0.495673,0.496095
D111A,0.535508,0.290730
D111A,0.474063,0.639360
D111A,0.558937,0.610926
D111A,0.518354,0.558076
D111A,0.623468,0.617742
D111A,0.515656,0.664399
D111A,0.390584,0.416629
D111A,0.490118,0.463234
D111A,0.539812,0.802452
D111A,0.463337,0.779656
D111A,0.440116,0.711193
D111A,0.429221,0.481341
D111A,0.441018,0.805106
D111A,0.441180,0.937486
D111A,0.445079,0.933707
D111A,0.326851,0.768074
D111A,0.388799,0.744832
D111A,0.512591,1.142130
D111A,0.331085,0.960284
D111A,0.357795,0.520744
D111A,0.411776,1.044382
D111A,0.173059,0.895251
D111A,0.202566,0.703408
D111A,0.278372,0.693302
D111A,0.386943,0.647133
D111A,0.294775,0.392942
D111A,0.414246,0.644949
D111A,0.378538,0.613549
D111A,0.385253,0.634667
D111A,0.443589,0.693285
D111A,0.524842,0.609435
D111A,0.527178,0.558113
D111A,0.471667,0.529210
D111A,0.403319,0.577301
D111A,0.514365,0.627530
D111A,0.439917,0.516011
D111A,0.284785,0.794013
D111A,0.496566,0.724943
D111A,0.392769,0.584565
D111A,0.524078,0.742881
D111A,0.514255,0.734052
D111A,0.415326,1.032387
D111A,0.455301,0.528447
D111A,0.505080,0.558808
D111A,0.436248,0.695667
D111A,0.490959,0.555971
D111A,0.450882,0.598691
D111A,0.451276,0.871531
D111A,0.478935,0.646987
D111A,0.439987,0.781528
D111A,0.460421,0.601268
D111A,0.466522,0.897193
D111A,0.466004,0.771825
D111A,0.441117,0.578946
D111A,0.495941,0.488616
D111A,0.377516,0.457147
D111A,0.426363,0.609480
D111A,0.389412,0.477108
D111A,0.472172,0.535732
D111A,0.418441,0.620817
D111A,0.399786,0.721085
D111A,0.560407,0.682517
D111A,0.479021,0.846714
D111A,0.454371,0.792524
D111A,0.500216,0.476054
D111A,0.327587,0.830744
D111A,0.381446,0.439301
D111A,0.446906,0.553896
D111A,0.425128,0.468594
D111A,0.424453,0.744562
D111A,0.399238,0.800067
D111A,0.320272,0.744878
D111A,0.422462,0.745215
D111A,0.377791,0.925213
D111A,0.505680,0.700505
D111A,0.335984,0.658039
D111A,0.408234,0.953218
D111A,0.361771,0.666229
D111A,0.338895,0.868685
D111A,0.381908,1.031701
D111A,0.426152,0.800894
D111A,0.465678,0.686213
D111A,0.425348,0.982585
D111A,0.371129,0.915925
D111A,0.380701,0.970010
D111A,0.546970,0.978655
D111A,0.374349,0.788319
D111A,0.397464,0.893732
D111A,0.475951,0.849321
D111A,0.494125,0.954015
D111A,0.455929,0.916551
D111A,0.512624,0.744518
D111A,0.489673,0.751860
D111A,0.429960,0.823702
D111A,0.390684,0.993740
D111A,0.456294,0.957338
D111A,0.463096,0.895150
D111A,0.432940,1.150734
D111A,0.238156,0.785485
D111A,0.200482,1.127568
D111A,0.251525,1.090686
D111A,0.297377,1.118798
D111A,0.411195,0.758365
D111A,0.404394,0.924313
D111A,0.368650,1.023504
D111A,0.330313,0.839712
D111A,0.398485,1.176252
D111A,0.366891,1.041073
D111A,0.375589,1.056646
D111A,0.349488,1.013094
D111A,0.441330,0.681861
D111A,0.400534,1.092248
D111A,0.413877,0.845480
D111A,0.373979,0.707938
D111A,0.301821,0.973642
D111A,0.312083,1.034408
D111A,0.405443,1.152163
D111A,0.345287,1.034160
D111A,0.233658,0.937705
D111A,0.402790,0.883657
D111A,0.311483,1.102086
D111A,0.377395,1.003410
D111A,0.352578,0.861117
D111A,0.316102,0.875523
D111A,0.370797,1.066231
D111A,0.221675,1.421632
D111A,0.248386,1.260686
D111A,0.296510,0.881618
D111A,0.201331,1.020900
D111A,0.237047,1.192084
D111A,0.180850,1.376504
D111A,0.270442,1.055023
D111A,0.287643,0.948028
D111A,0.297184,1.038521
D111A,0.317280,1.240241
D111A,0.287832,1.310970
D111A,0.204483,1.439694
D111A,0.176895,1.513278
D111A,0.196417,1.179169
D111A,0.203020,1.459218
D111A,0.222955,1.361607
D111A,0.242621,1.241829
D111A,0.272197,1.037129
D111A,0.221393,1.149925
D111A,0.280762,1.027044
D111A,0.255705,1.038740
D111A,0.229774,0.837124
D111A,0.161531,1.154016
D111A,0.252714,1.132046
D111A,0.220991,0.956419
D111A,0.163836,0.961767
D111A,0.108063,1.089116
D111A,0.157516,0.631569
D111A,0.229631,1.104967
D111A,0.354397,0.817899
D111A,0.203515,0.774349
D111A,0.286398,0.504390
D111A,0.288654,0.786410
D111A,0.239037,1.154396
D111A,0.172370,0.902809
D111A,0.270636,0.757621
D111A,0.163433,1.039394
D111A,0.260515,0.728472
D111A,0.123064,0.837413
D111A,0.192979,1.051567
D111A,0.236324,0.899499
D111A,0.236299,0.727899
D111A,0.210402,0.653803
D111A,0.151499,0.906705
D111A,0.203754,0.667330
D111A,0.154077,0.650327
D111A,0.160388,0.746237
D111A,0.194827,0.848166
D111A,0.147576,0.665597
D111A,0.223856,0.733031
D111A,0.141349,0.847530
D111A,0.117278,0.806039
D111A,0.179466,0.816452
D111A,0.208903,0.611437
D111A,0.213783,0.632516
D111A,0.172935,0.830293
D111A,0.187376,0.804454
D111A,0.138495,0.859072
D111A,0.174598,0.709669
D111A,0.256122,0.675147
D111A,0.314215,0.620688
D111A,0.214809,0.799374
D111A,0.272961,1.028754
D111A,0.313976,0.778768
D111A,0.208540,0.937788
D111A,0.199916,0.736375
D111A,0.114869,0.904468
D111A,0.238356,0.956123
D111A,0.141526,0.842423
D111A,0.132346,0.689113
D111A,0.157725,0.915880
D111A,0.075156,1.295546
D111A,-0.023555,1.414590
D111A,0.035325,1.219391
D111A,0.048281,1.337180
D111A,0.168770,1.227897
D111A,0.187202,0.946851
D111A,0.061431,0.944993
D111A,-0.043091,0.991907
D111A,-0.021613,1.187028
D111A,-0.068487,1.037733
D111A,0.028772,1.038757
D111A,0.081707,1.360954
D111A,0.072974,1.253773
D111A,0.150422,1.382733
D111A,0.058922,1.346292
D111A,0.021989,1.316825
D111A,-0.021560,1.233498
D111A,-0.017649,1.313920
D111A,0.021047,1.040404
D111A,0.091908,0.937737
D111A,0.079187,1.136444
D111A,0.080067,1.223734
D111A,-0.008952,0.951306
D111A,0.097070,0.965664
D111A,0.077859,0.898203
D111A,0.060885,0.906303
D111A,0.032771,1.119932
D111A,0.129708,0.771093
D111A,-0.010872,1.111145
D111A,0.076657,1.040750
D111A,0.159756,1.039073
D111A,0.207041,1.007175
D111A,0.090366,1.066687
D111A,0.056831,1.276237
D111A,0.080934,1.098272
D111A,0.021895,1.116224
D111A,0.065274,1.138878
D111A,-0.021076,1.012920
D111A,0.075626,1.237087
D111A,0.087754,0.746584
D111A,0.065405,0.948409
D111A,0.197216,0.962485
D111A,0.040962,0.661949
D111A,0.124726,0.815306
D111A,0.039329,0.736581
D111A,0.091187,1.081935
D111A,0.041969,1.171226
D111A,0.041584,1.175157
D111A,-0.016997,1.166183
D111A,0.097009,0.939230
D111A,0.116686,1.200560
D111A,0.051274,0.992861
D111A,0.007551,1.166621
D111A,0.044640,1.026833
D111A,-0.038442,1.109077
D111A,-0.089935,1.397166
D111A,-0.040266,1.174378
D111A,0.071679,1.107738
D111A,0.006480,1.212768
D111A,0.076667,0.969296
D111A,0.032581,1.024704
D111A,0.100269,0.972652
D111A,0.054448,1.083758
D111A,0.070012,1.047734
D111A,0.102139,1.203518
D111A,0.095996,1.192358
D111A,0.048281,1.341268
D111A,0.053495,1.200824
D111A,0.035985,1.100747
D111A,0.117355,1.186287
D111A,-0.006414,1.398416
D111A,0.089142,1.138695
D111A,0.135857,1.086867
D111A,0.151935,1.292410
D111A,0.141683,1.158609
D111A,0.137316,1.193065
D111A,0.061285,1.428711
D111A,0.018802,1.425622
D111A,-0.013110,1.428416
D111A,0.103070,1.209296
D111A,-0.040396,1.127750
D111A,-0.053986,1.223374
D111A,0.026508,1.171525
D111A,0.035069,1.371054
D111A,0.068868,1.261698
D111A,0.080359,1.191342
D111A,0.202490,1.236862
D111A,0.130265,1.048375
D111A,0.066188,0.760389
D111A,0.076883,1.110303
D111A,0.092658,1.255293
D111A,0.079468,1.232028
D111A,0.071346,1.307235
D111A,0.136065,1.263632
D111A,0.059940,1.278827
D111A,0.175431,1.105885
D111A,0.134024,0.937394
D111A,0.125897,1.105655
D111A,0.117081,1.250613
D111A,0.092372,1.298812
D111A,0.043939,1.064437
D111A,0.071500,1.313662
D111A,-0.013461,1.377120
D111A,0.030625,1.180350
D111A,0.084597,1.136269
D111A,-0.023648,1.223422
D111A,0.198692,1.087443
D111A,0.064619,1.041896
D111A,0.130253,1.241621
D111A,0.105616,0.977088
D111A,0.128071,1.182194
D111A,0.042334,1.342400
D111A,0.021992,1.437456
D111A,0.062263,1.241678
D111A,-0.050726,1.494733
D111A,0.009626,1.251073
D111A,0.113369,1.371139
D111A,0.096007,1.157097
D111A,0.060085,1.047743
D111A,0.004870,1.123339
D111A,0.042849,1.420522
D111A,0.091531,0.983470
D111A,0.037311,1.541759
D111A,0.054697,1.343826
D111A,0.140289,1.337572
D111A,0.116441,1.330091
D111A,0.192327,1.380620
D111A,0.150060,1.278431
D111A,0.058415,1.372558
D111A,0.077765,1.399389
D111A,-0.067815,1.303492
D111A,0.100642,1.264834
D111A,0.040639,1.457442
D111A,0.003584,1.401028
D111A,0.057703,1.381738
D111A,-0.035921,1.339202
D111A,0.103090,1.116148
D111A,0.149591,0.942601
D111A,0.069202,1.505930
D111A,0.084143,1.314867
D111A,0.138433,1.137684
D111A,0.013423,1.428860
D111A,0.066107,1.035864
D111A,-0.050971,1.424443
D111A,0.011623,1.094149
D111A,0.145314,1.379331
D111A,-0.016304,1.302605
D111A,0.182941,1.203244
D111A,0.116217,1.707242
D111A,0.018679,1.357459
D111A,0.117532,1.140931
D111A,0.137561,1.218321
D111A,0.114399,1.249860
D111A,0.063251,1.175596
D111A,0.087039,0.693797
D111A,0.085285,1.037747
D111A,0.078003,0.907429
D111A,0.132235,0.610898
D111A,0.087144,0.747660
D111A,0.145424,1.233966
D111A,0.087734,0.962309
D111A,-0.088283,1.032290
D111A,0.062339,1.232306
D111A,-0.132668,1.481415
D111A,-0.036457,1.100364
D111A,-0.006848,0.957951
D111A,-0.012495,1.322864
D111A,0.008589,1.191170
D111A,0.093455,1.116970
D111A,0.007342,1.115852
D111A,0.122529,0.996680
D111A,0.068472,0.982762
D111A,0.029456,1.063104
D111A,0.035840,1.045747
D111A,0.038229,1.100260
D111A,0.032750,1.070462
D111A,-0.023468,0.899697
D111A,0.031860,0.887609
D111A,0.085793,1.020293
D111A,0.016490,0.797955
D111A,0.105544,0.855900
D111A,0.106854,1.177973
D111A,0.075852,0.842989
D111A,-0.082891,0.999543
D111A,0.108487,1.024914
D111A,0.187960,0.929781
D111A,0.159918,0.481604
D111A,0.195068,0.535412
D111A,0.253231,0.476751
D111A,0.148983,0.482870
D111A,-0.062918,1.011455
D111A,-0.016252,0.888806
D111A,0.110892,1.009926
D111A,0.203348,0.856815
D111A,0.178778,0.804384
D111A,-0.021221,0.895120
D111A,-0.017767,0.954637
D111A,-0.030871,1.084180
D111A,-0.003460,1.238122
D111A,0.091399,0.759609
D111A,-0.096642,1.027862
D111A,-0.059701,0.859073
D111A,-0.002207,0.927230
D111A,-0.154838,1.201759
D111A,-0.003898,0.628585
D111A,0.064096,0.928570
D111A,-0.100510,1.067373
D111A,-0.111199,0.846649
D111A,-0.199719,1.050321
D111A,0.154894,0.917405
D111A,-0.122753,0.824977
D111A,-0.119539,1.090595
D111A,-0.201488,0.764017
D111A,-0.213581,0.851990
D111A,-0.053533,1.065451
D111A,0.052391,1.375108
D111A,-0.031355,0.764502
D111A,-0.254598,1.296622
D111A,-0.205682,1.284398
D111A,-0.060697,1.110762
D111A,-0.163975,1.390142
D111A,-0.376815,0.887851
D111A,-0.248779,1.452311
D111A,-0.342057,1.153415
D111A,-0.212919,1.151994
D111A,-0.219786,1.361413
D111A,-0.174807,1.044386
D111A,-0.210906,1.057193
D111A,-0.384252,1.088258
D111A,-0.304424,1.168036
D111A,-0.104812,1.426630
D111A,-0.369545,1.239610
D111A,-0.291289,0.884176
D111A,-0.646048,1.214411
D111A,-0.548100,0.886401
D111A,-0.441613,1.397651
D111A,-0.744000,0.974981
D111A,-0.830236,1.058021
D111A,-0.428825,1.354774
D111A,-0.501962,1.001985
D111A,-0.475958,1.076305
D111A,-0.508108,1.158714
D111A,-0.468316,0.703204
D111A,-0.502695,0.793200
D111A,-0.422569,0.768251
D111A,-0.715953,0.977807
D111A,-0.640664,0.772585
D111A,-0.612484,0.834626
D111A,-0.501274,0.658377
D111A,-0.555546,0.984067
D111A,-0.473243,0.432777
D111A,-0.653253,0.608497
D111A,-0.765192,0.905289
D111A,-0.804728,0.912263
D111A,-0.495098,0.488660
D111A,-0.467765,0.857182
D111A,-0.563877,0.807168
D111A,-0.594461,0.752432
D111A,-0.661887,0.827392
D111A,-0.516425,0.697441
D111A,-0.754424,0.747077
D111A,-0.897549,0.769074
D111A,-0.794032,0.930851
D111A,-1.036738,0.687178
D111A,-1.371153,0.678227
D111A,-1.214856,0.903722
D111A,-1.138226,0.546483
D111A,-1.110778,0.970681
D111A,-1.331620,0.938503
D111A,-1.018751,1.219287
D111A,-1.146898,0.925224
D111A,-1.186921,0.623685
D111A,-1.348499,0.731058
D111A,-1.551250,0.654502
D111A,-1.699480,0.486545
D111A,-1.919890,0.529610
D111A,-1.817527,0.762673
D111A,-1.819014,0.469099
D111A,-1.701296,0.606812
D111A,-1.613050,0.756380
D111A,-1.739106,0.541051
D111A,-1.790341,0.211123
D111A,-2.040231,0.671991
D111A,-2.075261,0.376983
D111A,-2.088881,0.316121
D111A,-2.205886,0.157536
D111A,-2.118422,0.335074
D111A,-1.972775,0.365652
D111A,-2.014983,0.390380
D111A,-1.905847,0.491352
D111A,-1.981519,0.346617
D111A,-1.931533,0.577397
D111A,-1.923573,0.303767
D111A,-1.985397,0.538644
D111A,-2.015156,0.250470
D111A,-2.042230,0.367248
D111A,-2.044218,0.346960
D111A,-2.054542,-0.098309
D111A,-1.862811,0.293580
D111A,-1.720950,0.387250
D111A,-1.700757,0.231970
D111A,-1.791764,0.500315
D111A,-1.578632,0.412183
D111A,-1.864871,0.447495
D111A,-1.695561,0.534476
D111A,-1.875593,0.626241
D111A,-1.852739,0.433725
D111A,-1.817429,0.329870
D111A,-1.878703,0.419200
D111A,-2.066760,0.256683
D111A,-2.012299,0.399971
D111A,-2.241091,0.180120
D111A,-2.052477,0.043407
D111A,-2.316351,-0.002670
D111A,-2.186465,0.073746
D111A,-2.016750,0.172161
D111A,-2.037854,-0.084447
D111A,-2.150325,-0.027651
D111A,-2.019469,0.046422
D111A,-2.231608,-0.205002
D111A,-2.140050,0.027244
D111A,-2.185323,-0.023717
D111A,-2.156330,0.216744
D111A,-2.158209,0.030488
D111A,-2.141174,-0.023756
D111A,-2.061003,-0.164567
D111A,-2.033661,-0.165047
D111A,-2.183568,-0.063466
D111A,-2.036732,0.053210
D111A,-2.225776,0.104629
D111A,-2.112431,-0.175790
D111A,-2.157858,-0.171227
D111A,-2.236930,0.175984
D111A,-2.103065,-0.192625
D111A,-2.087339,-0.201421
D111A,-2.147100,-0.539227
D111A,-2.127494,-0.565617
D111A,-2.186836,-0.113771
D111A,-2.161005,-0.383302
D111A,-2.150774,-0.240759
D111A,-2.085180,-0.230780
D111A,-2.087807,-0.083981
D111A,-2.166245,-0.071624
D111A,-2.148486,-0.371995
D111A,-2.311668,-0.304382
D111A,-2.137791,-0.170574
D111A,-2.163227,-0.454283
D111A,-2.201846,-0.441967
D111A,-2.164786,-0.393532
D111A,-1.998128,-0.178952
D111A,-1.942775,-0.185600
D111A,-2.083093,-0.398089
D111A,-1.989910,-0.166662
D111A,-2.122272,-0.342370
D111A,-2.368026,-0.725566
D111A,-2.109228,-0.424532
D111A,-2.202440,-0.264921
D111A,-2.256663,-0.602979
D111A,-2.338755,-0.461353
D111A,-2.183396,-0.201179
D111A,-2.255267,-0.038860
D111A,-2.429144,-0.040718
D111A,-2.394882,-0.447218
D111A,-2.220819,-0.437460
D111A,-2.080778,-0.484135
D111A,-2.366984,-0.256544
D111A,-2.374583,-0.293068
D111A,-2.272345,-0.268375
D111A,-2.348560,-0.341694
D111A,-2.415318,-0.467003
D111A,-2.462258,-0.506672
D111A,-2.504616,-0.471364
D111A,-2.598685,-0.246426
D111A,-2.490449,-0.041950
D111A,-2.584425,-0.440628
D111A,-2.456511,-0.411029
D111A,-2.582588,-0.400630
D111A,-2.611800,-0.252081
D111A,-2.576212,-0.216344
D111A,-2.596763,-0.646614
D111A,-2.664361,-0.474750
D111A,-2.450212,-0.459940
D111A,-2.348319,-0.386323
D111A,-2.436937,-0.727772
D111A,-2.523820,-0.616912
D111A,-2.513746,-0.618285
D111A,-2.553031,-0.592286
D111A,-2.700747,-0.968466
D111A,-2.551585,-0.840025
D111A,-2.646692,-0.779808
D111A,-2.596751,-0.683854
D111A,-2.510318,-0.458254
D111A,-2.446259,-0.518697
D111A,-2.506503,-0.292714
D111A,-2.354361,-0.710475
D111A,-2.374895,-0.494948
D111A,-2.328801,-0.641367
D111A,-2.411947,-0.458755
D111A,-2.603860,-0.539129
D111A,-2.558645,-0.838362
D111A,-2.527815,-0.547075
D111A,-2.402768,-0.538066
D111A,-2.375227,-0.492342
D111A,-2.439977,-0.719254
D111A,-2.532395,-0.454229
D111A,-2.607726,-0.470510
D111A,-2.664026,-0.427233
D111A,-2.576731,-0.245791
D111A,-2.700492,-0.307758
D111A,-2.536001,-0.631822
D111A,-2.656450,-0.536002
D111A,-2.663685,-0.519132
D111A,-2.598886,-0.558125
D111A,-2.736409,-0.816814
D111A,-2.632371,-0.617823
D111A,-2.511057,-0.488835
D111A,-2.611220,-0.738425
D111A,-2.560543,-0.495080
D111A,-2.455972,-0.330435
D111A,-2.547330,-0.675928
D111A,-2.609161,-0.638614
D111A,-2.767075,-0.739075
D111A,-2.764278,-0.523127
D111A,-2.636260,-0.566047
D111A,-2.676155,-0.518304
D111A,-2.717828,-0.778571
D111A,-2.811977,-0.646075
D111A,-2.484585,-0.520939
D111A,-2.554071,-0.566057
D111A,-2.562623,-0.560253
D111A,-2.778775,-0.504147
D111A,-2.742426,-0.520687
D111A,-2.778192,-0.735329
D111A,-2.809856,-0.620552
D111A,-2.760222,-0.863043
D111A,-2.807277,-0.892917
D111A,-2.681616,-0.779722
D111A,-2.679288,-1.013573
D111A,-2.646162,-1.140299
D111A,-2.783216,-0.790148
D111A,-2.671454,-0.881923
D111A,-2.770110,-0.658344
D111A,-2.726124,-0.622582
D111A,-2.722654,-0.748057
D111A,-2.641723,-0.535500
D111A,-2.547785,-0.540422
D111A,-2.515924,-0.406300
D111A,-2.568864,-0.631126
D111A,-2.702758,-0.420133
D111A,-2.573565,-0.293806
D111A,-2.658600,-0.665741
D111A,-2.662630,-0.633903
D111A,-2.702077,-0.798380
D111A,-2.594137,-0.667160
D111A,-2.664595,-0.911548
D111A,-2.691678,-0.696894
D111A,-2.572985,-0.637945
D111A,-2.594321,-0.437409
D111A,-2.498801,-0.617066
D111A,-2.549264,-0.569090
D111A,-2.643265,-0.608530
D111A,-2.607797,-0.491051
D111A,-2.665297,-0.661269
D111A,-2.501450,-0.407594
D111A,-2.680076,-0.443159
D111A,-2.585065,-0.742781
D111A,-2.539640,-0.511863
D111A,-2.700884,-0.201535
D111A,-2.652534,-0.405602
D111A,-2.636320,-0.603149
D111A,-2.671640,-0.431054
D111A,-2.699601,-0.694441
T110A_D111A,1.849239,0.892960
T110A_D111A,2.037132,1.140117
T110A_D111A,2.037135,1.245890
T110A_D111A,1.922388,1.146096
T110A_D111A,2.024411,1.293849
T110A_D111A,2.089557,1.493934
T110A_D111A,2.016659,1.366780
T110A_D111A,2.010651,1.275087
T110A_D111A,1.989709,1.263550
T110A_D111A,2.060530,1.528848
T110A_D111A,2.118953,1.353166
T110A_D111A,2.307840,1.536992
T110A_D111A,2.279493,1.160577
T110A_D111A,2.130099,1.008320
T110A_D111A,2.208293,1.462224
T110A_D111A,2.223615,1.446929
T110A_D111A,2.291774,1.261092
T110A_D111A,2.264889,1.331645
T110A_D111A,2.411379,1.275308
T110A_D111A,2.281536,0.983358
T110A_D111A,2.247379,1.151254
T110A_D111A,2.141428,1.526907
T110A_D111A,2.317083,1.201861
T110A_D111A,2.264207,1.579487
T110A_D111A,2.157856,1.223678
T110A_D111A,2.275078,1.706044
T110A_D111A,2.135571,1.216403
T110A_D111A,2.007427,1.248076
T110A_D111A,2.060815,1.126801
T110A_D111A,2.150904,0.871019
T110A_D111A,1.982081,1.223085
T110A_D111A,2.122526,0.854804
T110A_D111A,2.059709,1.243570
T110A_D111A,1.848981,0.947636
T110A_D111A,1.920580,1.062399
T110A_D111A,1.985224,1.060924
T110A_D111A,1.835270,1.138878
T110A_D111A,1.879337,1.362553
T110A_D111A,1.835143,0.985544
T110A_D111A,1.811392,1.235050
T110A_D111A,1.811506,1.096663
T110A_D111A,1.977978,1.230501
T110A_D111A,1.943270,1.300356
T110A_D111A,2.102350,1.201697
T110A_D111A,1.954848,1.242770
T110A_D111A,1.868923,1.348898
T110A_D111A,2.004086,0.835517
T110A_D111A,1.875939,1.138407
T110A_D111A,1.782803,1.137642
T110A_D111A,1.718101,1.187431
T110A_D111A,1.954979,1.296014
T110A_D111A,1.439047,0.861071
T110A_D111A,1.599418,0.915208
T110A_D111A,1.456640,0.839925
T110A_D111A,1.452882,1.315041
T110A_D111A,1.604147,1.525459
T110A_D111A,1.437383,1.072198
T110A_D111A,1.762000,1.119839
T110A_D111A,1.799844,0.981286
T110A_D111A,1.635190,1.130104
T110A_D111A,1.456128,0.782131
T110A_D111A,1.608071,0.787325
T110A_D111A,2.072541,1.298432
T110A_D111A,2.008677,1.205297
T110A_D111A,1.650250,0.835640
T110A_D111A,1.963107,0.623967
T110A_D111A,1.788198,0.766634
T110A_D111A,1.888975,0.872513
T110A_D111A,1.918040,0.715174
T110A_D111A,1.810236,0.404673
T110A_D111A,2.150068,0.685297
T110A_D111A,1.842923,0.537030
T110A_D111A,2.034756,0.879976
T110A_D111A,1.955180,0.542935
T110A_D111A,1.783910,0.584137
T110A_D111A,1.876449,0.825283
T110A_D111A,1.877539,0.684399
T110A_D111A,2.080101,0.843864
T110A_D111A,2.207634,0.642642
T110A_D111A,2.017624,0.635575
T110A_D111A,1.978686,0.752128
T110A_D111A,1.836063,0.418045
T110A_D111A,1.956152,0.483549
T110A_D111A,1.941455,0.503389
T110A_D111A,1.874940,0.793937
T110A_D111A,1.910176,0.440487
T110A_D111A,1.970784,0.490406
T110A_D111A,1.600483,0.210417
T110A_D111A,1.683945,0.355052
T110A_D111A,1.871175,0.282810
T110A_D111A,1.979333,0.676220
T110A_D111A,1.921438,0.406516
T110A_D111A,1.889227,0.607353
T110A_D111A,1.850552,0.260462
T110A_D111A,1.813072,0.681594
T110A_D111A,2.029662,0.260225
T110A_D111A,1.908899,-0.076340
T110A_D111A,1.828759,0.223434
T110A_D111A,2.183816,0.328130
T110A_D111A,2.067229,0.254387
T110A_D111A,2.095795,0.464229
T110A_D111A,2.189837,0.586116
T110A_D111A,2.091705,0.255948
T110A_D111A,2.071905,0.416918
T110A_D111A,2.047224,0.103936
T110A_D111A,1.887842,-0.112231
T110A_D111A,1.984464,0.123936
T110A_D111A,1.922703,0.321012
T110A_D111A,2.169143,0.529767
T110A_D111A,2.064723,0.142260
T110A_D111A,2.079222,0.306750
T110A_D111A,1.695399,0.233320
T110A_D111A,1.871150,0.387747
T110A_D111A,1.731253,0.095282
T110A_D111A,1.926535,0.024118
T110A_D111A,1.888119,0.364541
T110A_D111A,2.004273,0.417531
T110A_D111A,2.029518,0.542313
T110A_D111A,2.078270,0.433699
T110A_D111A,2.141783,0.482988
T110A_D111A,2.095843,0.130401
T110A_D111A,2.130823,0.168038
T110A_D111A,2.015155,0.037793
T110A_D111A,2.078878,0.256468
T110A_D111A,1.901074,0.015895
T110A_D111A,1.965480,0.227570
T110A_D111A,1.803648,0.242530
T110A_D111A,1.802577,0.214038
T110A_D111A,1.849632,0.234156
T110A_D111A,1.955909,-0.154336
T110A_D111A,1.903854,0.061181
T110A_D111A,1.970220,0.067795
T110A_D111A,1.668187,-0.034165
T110A_D111A,1.885733,0.329227
T110A_D111A,1.800006,0.107894
T110A_D111A,1.592959,0.018603
T110A_D111A,1.635161,0.136451
T110A_D111A,1.625822,-0.097905
T110A_D111A,1.416428,-0.081423
T110A_D111A,1.837827,-0.162711
T110A_D111A,1.814868,0.028521
T110A_D111A,1.815516,-0.080873
T110A_D111A,1.728111,0.302351
T110A_D111A,1.819385,-0.101309
T110A_D111A,1.919026,-0.047543
T110A_D111A,2.079464,-0.128156
T110A_D111A,1.972581,0.067056
T110A_D111A,1.825909,-0.219719
T110A_D111A,1.808728,0.037038
T110A_D111A,1.800635,0.194177
T110A_D111A,1.766586,0.195889
T110A_D111A,1.650874,0.266729
T110A_D111A,1.615412,-0.005312
T110A_D111A,1.388108,-0.328847
T110A_D111A,1.594714,-0.125354
T110A_D111A,1.716262,-0.196685
T110A_D111A,1.911124,-0.042429
T110A_D111A,1.980201,-0.178646
T110A_D111A,1.976157,0.022821
T110A_D111A,1.766181,-0.025051
T110A_D111A,2.012471,0.284020
T110A_D111A,1.694826,0.193524
T110A_D111A,1.732289,0.040932
T110A_D111A,1.693188,0.142594
T110A_D111A,1.593791,0.196403
T110A_D111A,1.635312,0.276802
T110A_D111A,1.611099,-0.107683
T110A_D111A,1.483914,0.083681
T110A_D111A,1.691724,-0.000068
T110A_D111A,1.679992,0.376318
T110A_D111A,1.476205,-0.127029
T110A_D111A,1.539418,-0.115781
T110A_D111A,1.565400,0.022949
T110A_D111A,1.378579,-0.120987
T110A_D111A,1.419725,-0.151072
T110A_D111A,1.640304,0.186921
T110A_D111A,1.584875,-0.147948
T110A_D111A,1.525709,0.091373
T110A_D111A,1.548550,-0.021909
T110A_D111A,1.440387,0.101243
T110A_D111A,1.652239,-0.107471
T110A_D111A,1.459012,-0.162210
T110A_D111A,1.426836,-0.192762
T110A_D111A,1.592868,-0.278283
T110A_D111A,1.541559,-0.196556
T110A_D111A,1.746504,0.011818
T110A_D111A,1.356307,0.042223
T110A_D111A,1.536096,-0.080905
T110A_D111A,1.614936,0.151264
T110A_D111A,1.834382,0.065387
T110A_D111A,1.681446,-0.107340
T110A_D111A,1.585960,-0.231472
T110A_D111A,1.754555,0.129728
T110A_D111A,1.601736,-0.280982
T110A_D111A,1.670987,-0.342547
T110A_D111A,1.627372,0.130055
T110A_D111A,1.530183,-0.097808
T110A_D111A,1.449568,0.013032
T110A_D111A,1.604930,-0.151053
T110A_D111A,1.522739,-0.102920
T110A_D111A,1.699352,-0.086751
T110A_D111A,1.616875,-0.017390
T110A_D111A,1.688997,-0.246335
T110A_D111A,1.704642,-0.242810
T110A_D111A,1.682522,-0.045444
T110A_D111A,1.768781,0.269820
T110A_D111A,1.698433,-0.133632
T110A_D111A,1.706186,-0.054036
T110A_D111A,1.636326,-0.047337
T110A_D111A,1.568110,-0.057592
T110A_D111A,1.607842,-0.245935
T110A_D111A,1.715009,0.098570
T110A_D111A,1.449904,-0.104211
T110A_D111A,1.538790,-0.046766
T110A_D111A,1.373257,0.025513
T110A_D111A,1.434022,0.049783
T110A_D111A,1.634758,-0.129843
T110A_D111A,1.740578,0.130133
T110A_D111A,1.708136,0.270054
T110A_D111A,1.489444,0.026666
T110A_D111A,1.644633,0.564899
T110A_D111A,1.548443,0.579053
T110A_D111A,1.737256,0.149946
T110A_D111A,1.583206,-0.032695
T110A_D111A,1.823849,0.284540
T110A_D111A,1.699627,-0.125658
T110A_D111A,1.525934,0.092621
T110A_D111A,1.586191,-0.366433
T110A_D111A,1.578606,-0.156399
T110A_D111A,1.704272,-0.012441
T110A_D111A,1.400634,-0.314786
T110A_D111A,1.700655,-0.234508
T110A_D111A,1.501684,-0.092383
T110A_D111A,1.440614,-0.506017
T110A_D111A,1.636155,-0.205257
T110A_D111A,1.634907,-0.362115
T110A_D111A,1.615487,-0.170354
T110A_D111A,1.650401,-0.116693
T110A_D111A,1.543449,-0.306457
T110A_D111A,1.534042,-0.305173
T110A_D111A,1.596874,-0.258703
T110A_D111A,1.375849,-0.147254
T110A_D111A,1.627768,-0.203644
T110A_D111A,1.540011,-0.392340
T110A_D111A,1.567492,-0.238269
T110A_D111A,1.574144,-0.474460
T110A_D111A,1.783716,-0.306030
T110A_D111A,1.768839,-0.216739
T110A_D111A,1.523344,-0.064230
T110A_D111A,1.631270,-0.251488
T110A_D111A,1.602579,-0.236969
T110A_D111A,1.626882,-0.158505
T110A_D111A,1.498977,-0.223539
T110A_D111A,1.646470,-0.065063
T110A_D111A,1.627243,-0.307510
T110A_D111A,1.521112,-0.426900
T110A_D111A,1.606793,-0.620214
T110A_D111A,1.565357,-0.377513
T110A_D111A,1.566778,-0.049653
T110A_D111A,1.699209,-0.245806
T110A_D111A,1.600822,-0.151755
T110A_D111A,1.597864,-0.579810
T110A_D111A,1.487229,-0.505853
T110A_D111A,1.376054,-0.178728
T110A_D111A,1.487071,-0.204046
T110A_D111A,1.453538,-0.335095
T110A_D111A,1.353395,-0.263924
T110A_D111A,1.410614,-0.307624
T110A_D111A,1.518891,-0.395072
T110A_D111A,1.516733,-0.157167
T110A_D111A,1.400649,-0.264112
T110A_D111A,1.429563,-0.264629
T110A_D111A,1.593675,-0.547605
T110A_D111A,1.266378,0.093771
T110A_D111A,1.501377,-0.225972
T110A_D111A,1.509221,-0.054157
T110A_D111A,1.456562,-0.379494
T110A_D111A,1.504822,-0.492322
T110A_D111A,1.553049,-0.228079
T110A_D111A,1.508212,-0.587267
T110A_D111A,1.514434,-0.584814
T110A_D111A,1.443639,-0.308383
T110A_D111A,1.554013,-0.290168
T110A_D111A,1.358523,-0.519547
T110A_D111A,1.239341,-0.555089
T110A_D111A,1.313020,-0.337106
T110A_D111A,1.225263,-0.320666
T110A_D111A,1.378519,-0.316189
T110A_D111A,1.432109,-0.690032
T110A_D111A,1.594654,-0.187317
T110A_D111A,1.672812,-0.198357
T110A_D111A,1.616754,-0.480427
T110A_D111A,1.612106,-0.589077
T110A_D111A,1.435560,-0.395216
T110A_D111A,1.480653,-0.534585
T110A_D111A,1.391704,-0.481226
T110A_D111A,1.594834,-0.489005
T110A_D111A,1.492586,-0.380916
T110A_D111A,1.558215,-0.252113
T110A_D111A,1.588169,-0.262224
T110A_D111A,1.650548,-0.364415
T110A_D111A,1.614055,-0.719212
T110A_D111A,1.630942,-0.518627
T110A_D111A,1.686517,-0.143938
T110A_D111A,1.652728,-0.698801
T110A_D111A,1.467376,-0.493854
T110A_D111A,1.427584,-0.583477
T110A_D111A,1.374100,-0.568781
T110A_D111A,1.602498,-0.560296
T110A_D111A,1.729864,-0.354911
T110A_D111A,1.537978,-0.408783
T110A_D111A,1.484577,-0.094890
T110A_D111A,1.520872,-0.380228
T110A_D111A,1.647540,-0.477665
T110A_D111A,1.450384,-0.525205
T110A_D111A,1.551889,-0.497785
T110A_D111A,1.406013,-0.295985
T110A_D111A,1.492743,-0.121695
T110A_D111A,1.201103,-0.092757
T110A_D111A,1.151965,-0.053810
T110A_D111A,1.280512,-0.399660
T110A_D111A,1.409446,-0.240894
T110A_D111A,1.346354,-0.585592
T110A_D111A,1.374660,-0.593671
T110A_D111A,1.303411,-0.560227
T110A_D111A,1.361320,-0.413591
T110A_D111A,1.437206,-0.687692
T110A_D111A,1.422683,-0.346259
T110A_D111A,1.257256,-0.494111
T110A_D111A,1.244770,-0.512273
T110A_D111A,1.272169,-0.477592
T110A_D111A,1.196667,-0.418484
T110A_D111A,0.778672,-0.909278
T110A_D111A,1.055753,-1.200771
T110A_D111A,1.006371,-1.112834
T110A_D111A,0.765699,-0.953231
T110A_D111A,0.642929,-0.884738
T110A_D111A,0.968763,-0.950136
T110A_D111A,0.839082,-0.717144
T110A_D111A,0.586483,-1.003424
T110A_D111A,0.557277,-0.982870
T110A_D111A,0.533308,-0.822274
T110A_D111A,0.564622,-1.116474
T110A_D111A,0.595438,-1.252482
T110A_D111A,0.563465,-1.151663
T110A_D111A,0.595458,-1.030836
T110A_D111A,0.343196,-1.322733
T110A_D111A,0.503822,-1.063856
T110A_D111A,0.403631,-1.247034
T110A_D111A,0.498721,-1.170893
T110A_D111A,0.417533,-1.030956
T110A_D111A,0.331297,-1.358864
T110A_D111A,0.573106,-1.264045
T110A_D111A,0.378478,-1.554913
T110A_D111A,0.410636,-1.308011
T110A_D111A,0.307103,-1.101873
T110A_D111A,0.429055,-1.177797
T110A_D111A,0.249046,-1.332661
T110A_D111A,0.035426,-1.471181
T110A_D111A,0.296162,-1.176037
T110A_D111A,-0.143559,-1.113524
T110A_D111A,0.039185,-0.921758
T110A_D111A,0.163698,-1.072774
T110A_D111A,0.073248,-1.101693
T110A_D111A,0.129741,-0.934914
T110A_D111A,-0.262409,-1.084270
T110A_D111A,-0.148851,-1.006465
T110A_D111A,-0.055856,-1.148117
T110A_D111A,-0.296564,-1.249753
T110A_D111A,-0.308357,-1.105589
T110A_D111A,-0.342384,-1.260997
T110A_D111A,-0.378169,-1.175417
T110A_D111A,-0.363245,-1.361508
T110A_D111A,-0.462806,-1.254558
T110A_D111A,-0.464117,-1.329909
T110A_D111A,-0.308108,-1.223456
T110A_D111A,-0.316102,-1.421016
T110A_D111A,-0.503302,-1.273556
T110A_D111A,-0.245392,-0.966844
T110A_D111A,-0.402443,-1.376235
T110A_D111A,-0.520493,-1.371620
T110A_D111A,-0.517202,-0.944876
T110A_D111A,-0.438801,-1.091233
T110A_D111A,-0.513154,-0.841728
T110A_D111A,-0.373528,-0.978965
T110A_D111A,-0.502767,-1.024376
T110A_D111A,-0.587454,-0.588691
T110A_D111A,-0.414828,-1.081248
T110A_D111A,-0.536594,-1.387337
T110A_D111A,-0.587748,-1.004749
T110A_D111A,-0.382249,-1.353312
T110A_D111A,-0.382719,-1.039209
T110A_D111A,-0.350678,-0.891444
T110A_D111A,-0.374265,-1.157079
T110A_D111A,-0.476631,-0.813949
T110A_D111A,-0.562166,-0.605603
T110A_D111A,-0.425401,-1.100925
T110A_D111A,-0.428359,-1.140222
T110A_D111A,-0.439618,-0.987456
T110A_D111A,-0.358072,-1.023333
T110A_D111A,-0.367273,-1.189968
T110A_D111A,-0.314140,-1.172672
T110A_D111A,-0.467081,-0.869052
T110A_D111A,-0.227409,-1.029585
T110A_D111A,-0.349299,-0.704090
T110A_D111A,-0.336238,-1.060617
T110A_D111A,-0.341930,-1.258141
T110A_D111A,-0.273658,-1.363799
T110A_D111A,-0.360473,-1.301944
T110A_D111A,-0.472972,-0.949358
T110A_D111A,-0.359639,-0.836025
T110A_D111A,-0.371716,-1.114303
T110A_D111A,-0.508434,-1.045311
T110A_D111A,-0.346868,-1.066520
T110A_D111A,-0.323129,-1.220860
T110A_D111A,-0.278957,-1.384302
T110A_D111A,-0.343564,-1.031230
T110A_D111A,-0.345958,-1.018629
T110A_D111A,-0.323536,-0.966521
T110A_D111A,-0.460789,-1.046471
T110A_D111A,-0.392526,-1.351138
T110A_D111A,-0.350882,-1.144590
T110A_D111A,-0.283162,-1.193349
T110A_D111A,-0.312450,-1.214844
T110A_D111A,-0.326950,-1.483427
T110A_D111A,-0.403422,-1.234023
T110A_D111A,-0.313254,-1.326115
T110A_D111A,-0.197006,-0.990505
T110A_D111A,-0.346618,-0.735499
T110A_D111A,-0.165281,-0.831044
T110A_D111A,-0.184336,-0.854005
T110A_D111A,-0.262075,-1.071931
T110A_D111A,-0.334488,-1.019298
T110A_D111A,-0.213246,-1.275125
T110A_D111A,-0.318206,-1.391982
T110A_D111A,-0.331599,-1.128907
T110A_D111A,-0.224181,-1.301275
T110A_D111A,-0.243868,-1.047042
T110A_D111A,-0.287872,-0.999472
T110A_D111A,-0.269964,-1.181575
T110A_D111A,-0.442336,-1.207469
T110A_D111A,-0.325700,-0.950512
T110A_D111A,-0.139066,-1.337600
T110A_D111A,-0.264868,-1.092933
T110A_D111A,-0.308676,-1.050859
T110A_D111A,-0.388292,-1.291522
T110A_D111A,-0.286141,-1.266361
T110A_D111A,-0.309882,-1.174408
T110A_D111A,-0.264072,-1.229143
T110A_D111A,-0.294321,-1.270023
T110A_D111A,-0.315969,-0.913272
T110A_D111A,-0.350849,-1.066406
T110A_D111A,-0.229669,-1.399376
T110A_D111A,-0.354079,-1.280207
T110A_D111A,-0.322101,-1.186494
T110A_D111A,-0.409755,-1.022658
T110A_D111A,-0.463922,-1.049785
T110A_D111A,-0.309176,-1.193410
T110A_D111A,-0.314338,-1.228184
T110A_D111A,-0.404549,-1.183019
T110A_D111A,-0.449719,-1.178503
T110A_D111A,-0.350191,-0.977141
T110A_D111A,-0.534693,-0.652891
T110A_D111A,-0.431424,-0.917667
T110A_D111A,-0.305436,-1.135072
T110A_D111A,-0.363428,-0.805954
T110A_D111A,-0.455784,-0.738953
T110A_D111A,-0.423685,-0.805176
T110A_D111A,-0.386848,-0.874554
T110A_D111A,-0.426120,-0.851144
T110A_D111A,-0.399076,-0.751687
T110A_D111A,-0.397796,-0.809336
T110A_D111A,-0.361487,-0.970702
T110A_D111A,-0.438650,-0.914730
T110A_D111A,-0.482401,-0.800707
T110A_D111A,-0.335465,-0.749508
T110A_D111A,-0.403148,-1.041268
T110A_D111A,-0.464783,-0.776808
T110A_D111A,-0.395616,-0.984467
T110A_D111A,-0.423452,-0.834282
T110A_D111A,-0.437677,-0.753517
T110A_D111A,-0.380569,-0.596820
T110A_D111A,-0.294077,-0.717140
T110A_D111A,-0.351706,-0.864424
T110A_D111A,-0.279541,-0.685400
T110A_D111A,-0.327212,-0.813680
T110A_D111A,-0.414121,-0.662352
T110A_D111A,-0.511750,-0.631272
T110A_D111A,-0.457256,-0.598664
T110A_D111A,-0.362169,-0.915971
T110A_D111A,-0.394112,-0.690066
T110A_D111A,-0.517636,-0.572496
T110A_D111A,-0.476705,-0.719269
T110A_D111A,-0.502971,-0.793541
T110A_D111A,-0.441439,-0.573182
T110A_D111A,-0.495071,-0.072120
T110A_D111A,-0.367073,-0.415760
T110A_D111A,-0.447054,-0.369764
T110A_D111A,-0.345371,-0.378117
T110A_D111A,-0.263432,-0.320322
T110A_D111A,-0.398363,-0.276667
T110A_D111A,-0.299979,-0.628752
T110A_D111A,-0.332400,-0.571332
T110A_D111A,-0.488271,-0.670345
T110A_D111A,-0.408555,-0.598266
T110A_D111A,-0.415349,-0.428152
T110A_D111A,-0.383868,-0.649506
T110A_D111A,-0.431514,-0.471651
T110A_D111A,-0.410916,-0.429810
T110A_D111A,-0.446075,-0.517811
T110A_D111A,-0.395080,-0.627228
T110A_D111A,-0.448536,-0.422332
T110A_D111A,-0.409488,-0.917742
T110A_D111A,-0.463431,-0.903476
T110A_D111A,-0.403274,-0.687873
T110A_D111A,-0.332959,-0.768266
T110A_D111A,-0.449894,-0.740645
T110A_D111A,-0.421559,-0.785755
T110A_D111A,-0.385037,-0.833374
T110A_D111A,-0.365926,-0.717204
T110A_D111A,-0.311554,-0.450088
T110A_D111A,-0.299422,-0.528616
T110A_D111A,-0.214835,-0.590857
T110A_D111A,-0.316851,-0.735316
T110A_D111A,-0.244084,-0.789071
T110A_D111A,-0.336363,-0.688700
T110A_D111A,-0.242769,-0.484526
T110A_D111A,-0.381441,-0.584219
T110A_D111A,-0.381344,-0.398931
T110A_D111A,-0.514795,-0.477266
T110A_D111A,-0.383104,-0.856170
T110A_D111A,-0.426197,-0.616456
T110A_D111A,-0.467661,-0.432588
T110A_D111A,-0.335626,-0.615590
T110A_D111A,-0.316619,-0.508492
T110A_D111A,-0.353469,-0.776842
T110A_D111A,-0.341164,-0.842659
T110A_D111A,-0.300233,-0.218709
T110A_D111A,-0.325085,-0.432036
T110A_D111A,-0.458424,-0.695304
T110A_D111A,-0.426279,-0.787648
T110A_D111A,-0.297603,-0.989350
T110A_D111A,-0.252022,-0.914021
T110A_D111A,-0.387001,-0.822643
T110A_D111A,-0.486417,-0.821629
T110A_D111A,-0.407987,-0.990921
T110A_D111A,-0.413047,-0.349115
T110A_D111A,-0.454439,-0.384021
T110A_D111A,-0.376654,-0.601175
T110A_D111A,-0.348916,-0.913525
T110A_D111A,-0.353775,-0.685550
T110A_D111A,-0.436751,-0.959262
T110A_D111A,-0.421265,-1.001036
T110A_D111A,-0.398544,-1.039189
T110A_D111A,-0.418315,-0.957825
T110A_D111A,-0.527066,-0.618366
T110A_D111A,-0.369367,-1.022465
T110A_D111A,-0.484100,-0.928324
T110A_D111A,-0.436348,-0.783930
T110A_D111A,-0.458564,-0.958377
T110A_D111A,-0.483413,-0.869171
T110A_D111A,-0.497602,-0.723840
T110A_D111A,-0.459566,-0.760117
T110A_D111A,-0.418254,-0.973418
T110A_D111A,-0.443642,-1.329918
T110A_D111A,-0.451745,-1.044897
T110A_D111A,-0.351149,-0.923034
T110A_D111A,-0.222929,-0.722632
T110A_D111A,-0.342966,-0.944304
T110A_D111A,-0.351513,-0.895654
T110A_D111A,-0.329642,-0.917702
T110A_D111A,-0.377220,-0.829014
T110A_D111A,-0.403502,-1.025702
T110A_D111A,-0.423808,-1.078111
T110A_D111A,-0.414808,-1.101093
T110A_D111A,-0.312042,-1.166434
T110A_D111A,-0.441823,-1.075458
T110A_D111A,-0.446843,-1.049815
T110A_D111A,-0.454950,-1.018044
T110A_D111A,-0.342680,-0.784161
T110A_D111A,-0.453838,-0.700483
T110A_D111A,-0.485003,-1.329157
T110A_D111A,-0.372320,-1.307432
T110A_D111A,-0.405050,-0.961034
T110A_D111A,-0.382752,-1.051245
T110A_D111A,-0.390118,-1.019085
T110A_D111A,-0.381414,-0.542534
T110A_D111A,-0.402219,-0.972895
T110A_D111A,-0.358343,-0.992515
T110A_D111A,-0.414260,-0.799533
T110A_D111A,-0.386304,-0.941432
T110A_D111A,-0.392995,-1.077267
T110A_D111A,-0.369191,-0.918799
T110A_D111A,-0.337928,-0.691805
T110A_D111A,-0.354589,-0.892154
T110A_D111A,-0.335396,-0.974878
T110A_D111A,-0.464369,-0.747190
T110A_D111A,-0.476128,-0.831740
T110A_D111A,-0.353843,-0.675218
T110A_D111A,-0.484629,-0.811841
T110A_D111A,-0.353624,-0.657963
T110A_D111A,-0.409056,-0.822860
T110A_D111A,-0.422904,-0.920750
T110A_D111A,-0.400559,-0.907418
T110A_D111A,-0.357837,-0.840630
T110A_D111A,-0.382949,-1.050490
T110A_D111A,-0.469124,-1.017899
T110A_D111A,-0.402479,-1.178853
T110A_D111A,-0.462703,-1.042928
T110A_D111A,-0.407648,-0.980322
T110A_D111A,-0.376726,-1.033502
T110A_D111A,-0.423759,-0.970568
T110A_D111A,-0.553117,-1.074460
T110A_D111A,-0.364963,-1.060465
T110A_D111A,-0.464292,-1.034585
T110A_D111A,-0.431999,-0.372328
T110A_D111A,-0.502175,-0.672398
T110A_D111A,-0.506154,-0.904997
T110A_D111A,-0.502127,-0.726908
T110A_D111A,-0.408863,-0.944197
T110A_D111A,-0.536238,-0.706141
T110A_D111A,-0.540405,-0.745512
T110A_D111A,-0.447329,-0.809629
T110A_D111A,-0.504429,-0.857257
T110A_D111A,-0.289227,-1.106414
T110A_D111A,-0.405350,-0.833041
T110A_D111A,-0.495991,-0.829675
T110A_D111A,-0.445937,-0.943092
T110A_D111A,-0.398817,-1.024726
T110A_D111A,-0.517540,-0.914508
T110A_D111A,-0.328068,-0.817904
T110A_D111A,-0.424441,-0.850426
T110A_D111A,-0.463872,-0.871380
T110A_D111A,-0.395243,-0.929247
T110A_D111A,-0.427688,-0.941357
T110A_D111A,-0.486562,-0.938030
T110A_D111A,-0.379144,-1.152966
T110A_D111A,-0.464755,-0.997832
T110A_D111A,-0.424373,-0.801366
T110A_D111A,-0.387037,-0.809596
T110A_D111A,-0.378024,-1.172858
T110A_D111A,-0.358970,-1.159247
T110A_D111A,-0.446321,-0.835622
T110A_D111A,-0.365353,-1.030865
T110A_D111A,-0.299032,-0.655461
T110A_D111A,-0.386546,-1.029477
T110A_D111A,-0.423048,-0.963197
T110A_D111A,-0.407939,-0.791346
T110A_D111A,-0.426585,-0.851515
T110A_D111A,-0.377830,-0.944968
T110A_D111A,-0.453873,-0.812953
T110A_D111A,-0.351979,-1.026179
T110A_D111A,-0.360505,-1.021106
T110A_D111A,-0.459614,-1.006078
T110A_D111A,-0.450099,-0.765287
T110A_D111A,-0.339624,-1.027099
T110A_D111A,-0.347446,-1.054317
T110A_D111A,-0.505128,-0.658426
T110A_D111A,-0.426221,-0.806420
T110A_D111A,-0.351066,-0.805774
T110A_D111A,-0.433536,-0.639743
T110A_D111A,-0.452482,-0.740649
T110A_D111A,-0.468326,-0.929681
T110A_D111A,-0.411302,-0.998625
T110A_D111A,-0.403859,-0.936055
T110A_D111A,-0.393297,-0.953304
T110A_D111A,-0.321370,-0.911298
T110A_D111A,-0.431483,-0.863187
T110A_D111A,-0.417029,-0.950081
T110A_D111A,-0.470856,-0.843446
T110A_D111A,-0.436767,-0.848600
T110A_D111A,-0.536141,-0.891087
T110A_D111A,-0.469153,-0.815707
T110A_D111A,-0.444497,-0.555861
T110A_D111A,-0.395251,-0.866128
T110A_D111A,-0.502628,-0.670740
T110A_D111A,-0.444415,-0.515318
T110A_D111A,-0.484327,-0.853286
T110A_D111A,-0.407628,-0.720758
T110A_D111A,-0.474028,-0.885057
T110A_D111A,-0.476124,-1.108716
T110A_D111A,-0.536250,-1.084732
T110A_D111A,-0.412736,-1.315685
T110A_D111A,-0.414782,-1.262449
T110A_D111A,-0.306040,-1.101384
T110A_D111A,-0.434494,-1.018452
T110A_D111A,-0.445684,-1.144865
T110A_D111A,-0.424561,-0.736749
T110A_D111A,-0.374869,-1.050623
T110A_D111A,-0.483710,-0.597932
T110A_D111A,-0.508045,-1.188361
T110A_D111A,-0.473605,-0.989720
T110A_D111A,-0.389003,-1.163345
T110A_D111A,-0.487498,-1.135033
T110A_D111A,-0.410299,-1.314712
T110A_D111A,-0.448976,-1.436530
T110A_D111A,-0.416229,-1.286218
T110A_D111A,-0.496345,-1.261791
T110A_D111A,-0.493637,-1.249637
T110A_D111A,-0.470285,-1.191969
T110A_D111A,-0.382141,-1.386008
T110A_D111A,-0.431294,-1.112107
T110A_D111A,-0.484154,-1.393207
T110A_D111A,-0.514267,-1.362090
T110A_D111A,-0.496734,-1.330056
T110A_D111A,-0.420445,-0.937611
T110A_D111A,-0.500472,-0.947375
T110A_D111A,-0.546943,-0.729463
T110A_D111A,-0.494417,-1.157358
T110A_D111A,-0.379182,-1.052263
T110A_D111A,-0.537328,-1.064829
T110A_D111A,-0.466120,-1.483220
T110A_D111A,-0.476003,-1.271228
T110A_D111A,-0.544916,-1.218100
T110A_D111A,-0.444163,-1.211546
T110A_D111A,-0.492202,-0.620412
T110A_D111A,-0.471909,-0.838188
T110A_D111A,-0.491142,-0.894806
T110A_D111A,-0.475647,-1.131219
T110A_D111A,-0.543201,-0.861366
T110A_D111A,-0.384430,-0.870179
T110A_D111A,-0.502289,-1.091142
T110A_D111A,-0.411015,-0.908808
T110A_D111A,-0.488016,-0.830296
T110A_D111A,-0.462542,-1.009854
T110A_D111A,-0.535181,-0.963114
T110A_D111A,-0.528034,-1.100236
T110A_D111A,-0.583369,-0.852576
T110A_D111A,-0.636105,-0.954745
T110A_D111A,-0.384042,-1.009429
T110A_D111A,-0.503041,-0.901851
T110A_D111A,-0.533995,-0.700348
T110A_D111A,-0.596398,-0.584575
T110A_D111A,-0.566471,-0.548145
T110A_D111A,-0.573682,-0.843882
T110A_D111A,-0.706967,-0.613442
T110A_D111A,-0.557518,-0.369165
T110A_D111A,-0.575307,-0.802525
T110A_D111A,-0.618643,-0.804210
T110A_D111A,-0.600348,-0.518954
T110A_D111A,-0.609613,-0.506807
T110A_D111A,-0.492555,-0.663011
T110A_D111A,-0.509833,-0.557375
T110A_D111A,-0.540773,-0.708310
T110A_D111A,-0.579720,-0.689373
T110A_D111A,-0.647544,-0.373791
T110A_D111A,-0.651473,-0.756534
T110A_D111A,-0.524677,-0.514030
T110A_D111A,-0.612251,-0.339202
T110A_D111A,-0.612565,-0.474256
T110A_D111A,-0.547650,-0.461889
T110A_D111A,-0.584558,-0.681392
T110A_D111A,-0.577643,-0.378134
T110A_D111A,-0.495679,-0.497262
T110A_D111A,-0.618643,-0.451625
T110A_D111A,-0.671380,-0.337908
T110A_D111A,-0.572775,-0.442156
T110A_D111A,-0.575783,-0.578513
T110A_D111A,-0.538122,-0.502155
T110A_D111A,-0.576909,-0.538954
T110A_D111A,-0.381582,-0.798400
T110A_D111A,-0.402650,-0.833154
T110A_D111A,-0.458346,-0.900815
T110A_D111A,-0.512720,-0.333447
T110A_D111A,-0.479155,-0.610820
T110A_D111A,-0.528091,-0.506727
T110A_D111A,-0.679375,-0.253611
T110A_D111A,-0.573116,-0.687478
T110A_D111A,-0.468491,-0.835148
T110A_D111A,-0.549301,-0.699890
T110A_D111A,-0.543550,-0.547841
T110A_D111A,-0.573438,-0.440864
T110A_D111A,-0.417696,-0.574598
T110A_D111A,-0.548660,-0.596479
T110A_D111A,-0.452406,-0.631824
T110A_D111A,-0.450834,-0.700683
T110A_D111A,-0.533853,-0.045447
T110A_D111A,-0.520832,-0.147238
T110A_D111A,-0.463632,-0.380513
T110A_D111A,-0.562181,-0.125262
T110A_D111A,-0.527585,-0.431369
T110A_D111A,-0.616580,-0.278437
T110A_D111A,-0.455471,-0.642323
T110A_D111A,-0.458099,-0.482322
T110A_D111A,-0.564161,-0.513360
T110A_D111A,-0.580793,-0.635252
T110A_D111A,-0.520042,-0.710964
T110A_D111A,-0.559497,-0.352407
T110A_D111A,-0.478747,-0.834841
T110A_D111A,-0.573950,-0.752058
T110A_D111A,-0.594716,-0.538340
T110A_D111A,-0.531628,-0.627879
T110A_D111A,-0.623314,-0.555539
T110A_D111A,-0.704363,-0.682286
T110A_D111A,-0.626017,-0.556077
T110A_D111A,-0.578793,-0.531824
T110A_D111A,-0.636138,-0.298493
T110A_D111A,-0.557455,-0.601593
T110A_D111A,-0.555813,-0.501649
T110A_D111A,-0.537558,-0.504223
T110A_D111A,-0.446675,-0.415532
T110A_D111A,-0.678503,-0.504642
T110A_D111A,-0.543846,-0.422194
T110A_D111A,-0.536537,-0.567297
T110A_D111A,-0.484249,-0.527629
T110A_D111A,-0.593677,-0.699949
T110A_D111A,-0.543663,-0.374136
T110A_D111A,-0.565597,-0.677868
T110A_D111A,-0.587174,-0.030339
T110A_D111A,-0.619001,-0.277469
T110A_D111A,-0.562220,-0.446200
T110A_D111A,-0.526305,-0.340293
T110A_D111A,-0.582026,-0.499021
T110A_D111A,-0.623393,-0.613647
T110A_D111A,-0.585920,-0.481988
T110A_D111A,-0.536683,-0.720309
T110A_D111A,-0.421076,-0.517919
T110A_D111A,-0.558377,-0.600748
T110A_D111A,-0.402382,-0.895594
T110A_D111A,-0.416622,-0.893432
T110A_D111A,-0.613411,-0.433577
T110A_D111A,-0.624066,-0.971396
T110A_D111A,-0.586415,-0.406831
T110A_D111A,-0.556375,-0.520788
T110A_D111A,-0.638460,-0.295241
T110A_D111A,-0.545391,-0.310531
T110A_D111A,-0.553273,-0.667418
T110A_D111A,-0.624096,-0.641989
T110A_D111A,-0.534605,-0.365247
T110A_D111A,-0.515561,-0.533615
T110A_D111A,-0.609870,-0.501414
T110A_D111A,-0.595385,-0.203210
T110A_D111A,-0.593718,-0.864606
T110A_D111A,-0.651405,-0.456559
T110A_D111A,-0.551565,-0.498779
T110A_D111A,-0.575377,-0.329264
T110A_D111A,-0.477725,-0.876671
T110A_D111A,-0.559600,-0.790358
T110A_D111A,-0.547071,-0.448427
T110A_D111A,-0.585357,-0.336587
T110A_D111A,-0.607188,-0.464691
T110A_D111A,-0.603833,-0.788769
T110A_D111A,-0.546500,-0.402618
T110A_D111A,-0.524944,-0.567575
T110A_D111A,-0.523003,-0.570215
T110A_D111A,-0.557285,-0.687960
T110A_D111A,-0.654777,-0.676947
T110A_D111A,-0.548391,-0.634616
T110A_D111A,-0.601267,-0.367064
T110A_D111A,-0.568528,-0.319201
T110A_D111A,-0.639853,-0.259137
T110A_D111A,-0.496038,-0.697738
T110A_D111A,-0.467844,-0.859914
T110A_D111A,-0.533906,-0.607241
T110A_D111A,-0.449457,-0.498672
T110A_D111A,-0.583665,-0.538970
T110A_D111A,-0.613963,-0.452936
T110A_D111A,-0.702364,-0.454321
T110A_D111A,-0.573907,-0.734707
T110A_D111A,-0.574415,-0.708688
T110A_D111A,-0.732585,-0.486555
T110A_D111A,-0.481448,-0.560166
T110A_D111A,-0.626526,-0.630824
T110A_D111A,-0.525032,-0.553088
T110A_D111A,-0.638188,-0.427787
T110A_D111A,-0.581760,-0.532052
T110A_D111A,-0.626947,-0.984474
T110A_D111A,-0.565344,-0.777285
T110A_D111A,-0.558290,-0.991033
T110A_D111A,-0.646746,-0.349170
T110A_D111A,-0.760980,-0.613781
T110A_D111A,-0.510046,-0.786174
T110A_D111A,-0.666140,-0.736737
T110A_D111A,-0.613092,-0.685690
T110A_D111A,-0.773235,-0.489952
T110A_D111A,-0.711413,-0.348415
T110A_D111A,-0.722407,-0.721954
T110A_D111A,-0.634898,-0.887616
T110A_D111A,-0.707511,-0.644743
T110A_D111A,-0.633164,-0.882340
T110A_D111A,-0.641201,-0.905064
T110A_D111A,-0.670628,-0.310180
T110A_D111A,-0.690826,-0.540915
T110A_D111A,-0.669484,-0.499300
T110A_D111A,-0.597746,-0.859140
T110A_D111A,-0.487774,-0.979214
T110A_D111A,-0.536897,-0.953158
T110A_D111A,-0.474741,-1.021937
T110A_D111A,-0.468359,-1.067448
T110A_D111A,-0.467908,-0.831055
T110A_D111A,-0.637127,-0.831956
T110A_D111A,-0.605732,-0.595565
T110A_D111A,-0.604709,-0.682657
T110A_D111A,-0.628970,-0.780264
T110A_D111A,-0.497735,-1.036704
T110A_D111A,-0.475681,-0.879778
T110A_D111A,-0.616503,-0.597882
T110A_D111A,-0.686019,-0.501682
T110A_D111A,-0.654902,-0.429627
T110A_D111A,-0.614938,-0.673754
T110A_D111A,-0.648576,-0.292914
T110A_D111A,-0.509008,-0.728569
T110A_D111A,-0.575648,-0.756927
T110A_D111A,-0.571810,-0.762282
T110A_D111A,-0.517052,-0.575137
T110A_D111A,-0.609534,-0.841261
T110A_D111A,-0.661399,-0.656594
T110A_D111A,-0.679648,-0.857129
T110A_D111A,-0.600541,-0.610613
T110A_D111A,-0.532092,-0.773166
T110A_D111A,-0.606202,-0.762467
T110A_D111A,-0.533665,-0.539245
T110A_D111A,-0.666631,-0.569307
T110A_D111A,-0.577491,-0.650485
T110A_D111A,-0.700764,-0.448567
T110A_D111A,-0.553612,-0.543972
T110A_D111A,-0.673565,-0.618222
T110A_D111A,-0.652963,-0.471409
T110A_D111A,-0.674592,-0.519203
T110A_D111A,-0.624364,-0.133393
T110A_D111A,-0.701401,-0.350176
T110A_D111A,-0.632675,-0.240772
T110A_D111A,-0.677358,-0.472279
T110A_D111A,-0.549690,-0.498904
T110A_D111A,-0.748690,-0.221758
T110A_D111A,-0.773371,-0.150633
T110A_D111A,-0.696684,-0.377696
T110A_D111A,-0.671193,-0.463504
T110A_D111A,-0.565092,-0.357022
T110A_D111A,-0.703173,-0.553306
T110A_D111A,-0.580372,-0.657661
T110A_D111A,-0.665234,-0.436324
T110A_D111A,-0.662091,-0.319827
T110A_D111A,-0.720926,-0.253058
T110A_D111A,-0.623970,-0.404719
T110A_D111A,-0.532173,-0.657213
T110A_D111A,-0.496291,-0.673607
T110A_D111A,-0.612246,-0.750720
T110A_D111A,-0.601421,-0.621401
T110A_D111A,-0.597033,-0.602401
T110A_D111A,-0.551807,-0.898843
T110A_D111A,-0.499516,-0.476761
T110A_D111A,-0.563478,-0.649608
T110A_D111A,-0.606684,-0.411730
T110A_D111A,-0.609889,-0.489678
T110A_D111A,-0.578931,-0.133450
T110A_D111A,-0.511025,-0.524680
T110A_D111A,-0.602119,-0.650260
T110A_D111A,-0.594756,-0.579336
T110A_D111A,-0.500708,-0.470385
T110A_D111A,-0.476461,-0.487610
T110A_D111A,-0.538028,-0.808078
T110A_D111A,-0.460080,-0.761981
T110A_D111A,-0.479611,-0.626038
T110A_D111A,-0.461597,-0.663763
T110A_D111A,-0.500294,-0.417445
T110A_D111A,-0.481785,-0.774557
T110A_D111A,-0.580427,-0.758458
T110A_D111A,-0.639272,-0.344339
T110A_D111A,-0.631885,-0.259976
T110A_D111A,-0.614882,-0.358929
T110A_D111A,-0.534076,-0.365635
T110A_D111A,-0.597421,0.180527
T110A_D111A,-0.556434,-0.473726
T110A_D111A,-0.610565,-0.346188
T110A_D111A,-0.546955,-0.511033
T110A_D111A,-0.514872,-0.515642
T110A_D111A,-0.462585,-0.562046
T110A_D111A,-0.540181,-0.406178
T110A_D111A,-0.403974,-0.438392
T110A_D111A,-0.513165,-0.408170
T110A_D111A,-0.547474,-0.522579
T110A_D111A,-0.553205,-0.098532
T110A_D111A,-0.557575,-0.418968
T110A_D111A,-0.508899,0.076920
T110A_D111A,-0.585894,0.180573
T110A_D111A,-0.563645,-0.062431
T110A_D111A,-0.596778,-0.101920
T110A_D111A,-0.466161,-0.269933
T110A_D111A,-0.632012,-0.484739
T110A_D111A,-0.500555,-0.339230
T110A_D111A,-0.515482,-0.584988
T110A_D111A,-0.418673,-0.707723
T110A_D111A,-0.498273,-0.691413
T110A_D111A,-0.422457,-0.544596
T110A_D111A,-0.686194,-0.096972
T110A_D111A,-0.463428,-0.414441
T110A_D111A,-0.587887,-0.226424
T110A_D111A,-0.559163,0.086804
T110A_D111A,-0.593895,-0.418629
T110A_D111A,-0.642389,-0.457694
T110A_D111A,-0.543901,-0.078297
T110A_D111A,-0.563216,-0.034156
T110A_D111A,-0.470919,-0.210003
T110A_D111A,-0.440416,-0.355554
T110A_D111A,-0.515519,-0.468061
T110A_D111A,-0.514228,-0.458198
T110A_D111A,-0.488309,-0.288713
T110A_D111A,-0.460066,-0.534835
T110A_D111A,-0.504593,-0.686498
T110A_D111A,-0.462109,-0.424950
T110A_D111A,-0.576811,0.352918
T110A_D111A,-0.587812,-0.449421
T110A_D111A,-0.515027,-0.432304
T110A_D111A,-0.495599,-0.288583
T110A_D111A,-0.582216,-0.574455
T110A_D111A,-0.553925,-0.309501
T110A_D111A,-0.600159,-0.225622
T110A_D111A,-0.594284,0.116350
T110A_D111A,-0.617542,-0.135087
T110A_D111A,-0.592693,-0.413869
T110A_D111A,-0.616360,-0.162553
T110A_D111A,-0.534283,-0.414502
T110A_D111A,-0.593240,-0.033993
T110A_D111A,-0.559816,-0.074796
T110A_D111A,-0.599166,-0.268709
T110A_D111A,-0.698625,0.220265
T110A_D111A,-0.607304,-0.084862
T110A_D111A,-0.632703,-0.072542
T110A_D111A,-0.515086,-0.131730
T110A_D111A,-0.510525,0.095899
T110A_D111A,-0.606111,0.041878
T110A_D111A,-0.456755,-0.084566
T110A_D111A,-0.528611,0.392972
T110A_D111A,-0.540254,-0.058245
T110A_D111A,-0.479981,0.199015
T110A_D111A,-0.479370,-0.034362
T110A_D111A,-0.591807,-0.082227
T110A_D111A,-0.498665,0.064336
T110A_D111A,-0.380051,0.281411
T110A_D111A,-0.383891,0.457851
T110A_D111A,-0.243245,-0.014694
T110A_D111A,-0.429861,0.352075
T110A_D111A,-0.534637,0.081122
T110A_D111A,-0.456371,-0.267676
T110A_D111A,-0.497906,0.045584
T110A_D111A,-0.512688,0.014057
T110A_D111A,-0.519229,-0.106350
T110A_D111A,-0.544642,0.122345
T110A_D111A,-0.499248,-0.101921
T110A_D111A,-0.638842,-0.216483
T110A_D111A,-0.659597,0.031437
T110A_D111A,-0.716545,0.409894
T110A_D111A,-0.770628,0.561727
T110A_D111A,-0.739337,0.867465
T110A_D111A,-0.813421,0.721275
T110A_D111A,-0.657538,1.183380
T110A_D111A,-0.493098,1.068580
T110A_D111A,-0.588763,0.926866
T110A_D111A,-0.494710,0.605186
T110A_D111A,-0.512091,0.775250
T110A_D111A,-0.516721,0.825822
T110A_D111A,-0.707258,0.780896
T110A_D111A,-0.786768,1.138378
T110A_D111A,-0.796391,0.991934
T110A_D111A,-0.626131,0.857647
T110A_D111A,-0.653238,1.119489
T110A_D111A,-0.733755,0.810514
T110A_D111A,-0.666006,0.927778
T110A_D111A,-0.611401,0.931194
T110A_D111A,-0.701719,1.137479
T110A_D111A,-0.517180,1.552173
T110A_D111A,-0.593334,0.928419
T110A_D111A,-0.599739,0.949150
T110A_D111A,-0.525403,1.183019
T110A_D111A,-0.724483,1.193151
T110A_D111A,-0.597070,0.778782
T110A_D111A,-0.549345,0.883605
T110A_D111A,-0.534510,0.779927
T110A_D111A,-0.429908,0.559189
T110A_D111A,-0.458002,0.691336
T110A_D111A,-0.475589,0.848263
T110A_D111A,-0.604898,0.908481
T110A_D111A,-0.592167,0.578545
T110A_D111A,-0.642394,0.870450
T110A_D111A,-0.694945,0.702278
T110A_D111A,-0.576895,0.721309
T110A_D111A,-0.526489,0.621510
T110A_D111A,-0.483386,0.664981
T110A_D111A,-0.626157,0.865173
T110A_D111A,-0.711987,0.724438
T110A_D111A,-0.762786,0.854760
T110A_D111A,-0.756482,0.871807
T110A_D111A,-0.721555,1.098007
T110A_D111A,-0.629108,0.911226
T110A_D111A,-0.773073,0.519330
T110A_D111A,-0.748764,0.758448
T110A_D111A,-0.832846,0.821499
T110A_D111A,-0.857813,0.906521
T110A_D111A,-0.975474,1.148869
T110A_D111A,-0.888441,1.275845
T110A_D111A,-0.802258,1.034150
T110A_D111A,-0.819377,0.908947
T110A_D111A,-0.853055,0.889665
T110A_D111A,-0.765980,0.958042
T110A_D111A,-0.776028,0.581988
T110A_D111A,-0.774840,1.114226
T110A_D111A,-0.761077,0.793211
T110A_D111A,-0.834097,0.833686
T110A_D111A,-0.736659,1.284376
T110A_D111A,-0.649395,0.840767
T110A_D111A,-0.702235,1.201895
T110A_D111A,-0.476011,1.062419
T110A_D111A,-0.703648,1.431285
T110A_D111A,-0.806859,1.170728
T110A_D111A,-0.822519,1.085576
T110A_D111A,-0.768869,1.156178
T110A_D111A,-0.720896,1.030537
T110A_D111A,-0.656811,0.788546
T110A_D111A,-0.786116,0.972647
T110A_D111A,-0.829743,0.903331
T110A_D111A,-0.709127,0.878705
T110A_D111A,-0.683997,0.842972
T110A_D111A,-0.813688,1.387533
T110A_D111A,-0.721909,1.313968
T110A_D111A,-0.814583,1.133788
T110A_D111A,-0.694683,0.978173
T110A_D111A,-0.752823,0.973323
T110A_D111A,-0.704944,0.854477
T110A_D111A,-0.754236,1.054461
T110A_D111A,-0.814301,1.199829
T110A_D111A,-0.701778,1.103496
T110A_D111A,-0.788375,1.302739
T110A_D111A,-0.816394,1.527230
T110A_D111A,-0.701916,1.516140
T110A_D111A,-0.656445,1.511511
T110A_D111A,-0.764712,1.224016
T110A_D111A,-0.812953,1.606498
T110A_D111A,-0.773906,1.331196
T110A_D111A,-0.766512,1.206298
T110A_D111A,-0.827994,1.376229
T110A_D111A,-0.833488,1.130602
T110A_D111A,-0.839896,0.887309
T110A_D111A,-0.819474,1.356579
T110A_D111A,-0.785303,1.140248
T110A_D111A,-0.784286,1.366930
T110A_D111A,-0.674342,1.170475
T110A_D111A,-0.719531,0.955682
T110A_D111A,-0.778960,1.388024
T110A_D111A,-0.759344,0.972677
T110A_D111A,-0.694004,1.246851
T110A_D111A,-0.750156,1.018288
T110A_D111A,-0.850047,1.030058
T110A_D111A,-0.659262,0.993852
T110A_D111A,-0.760289,1.405154
T110A_D111A,-0.708717,1.317645
T110A_D111A,-0.616444,1.191683
T110A_D111A,-0.751731,1.364674
T110A_D111A,-0.834207,1.421229
T110A_D111A,-0.821281,1.155772
T110A_D111A,-0.869993,1.138886
T110A_D111A,-0.840295,0.880725
T110A_D111A,-0.788222,1.192328
T110A_D111A,-0.802615,1.090140
T110A_D111A,-0.770779,1.226216
T110A_D111A,-0.617336,0.877952
T110A_D111A,-0.838347,1.141978
T110A_D111A,-0.797639,0.960837
T110A_D111A,-0.718193,0.988120
T110A_D111A,-0.768896,0.940497
T110A_D111A,-0.753688,1.088015
T110A_D111A,-0.746577,0.856400
T110A_D111A,-0.763015,0.960113
T110A_D111A,-0.729135,0.730260
T110A_D111A,-0.690674,1.091155
T110A_D111A,-0.686638,0.740174
T110A_D111A,-0.700255,0.786335
T110A_D111A,-0.613879,1.098337
T110A_D111A,-0.637424,1.155707
T110A_D111A,-0.698466,1.136821
T110A_D111A,-0.784757,1.447728
T110A_D111A,-0.730914,0.944090
T110A_D111A,-0.775721,1.206619
T110A_D111A,-0.654857,1.193738
T110A_D111A,-0.700847,1.018494
T110A_D111A,-0.709302,1.105847
T110A_D111A,-0.795829,0.881122
T110A_D111A,-0.841897,0.780592
T110A_D111A,-0.648766,0.848258
T110A_D111A,-0.741833,1.120922
T110A_D111A,-0.739359,1.126379
T110A_D111A,-0.779844,0.828038
T110A_D111A,-0.731029,1.024259
T110A_D111A,-0.706621,1.071744
T110A_D111A,-0.719900,1.235109
T110A_D111A,-0.714733,1.174979
T110A_D111A,-0.770658,1.481065
T110A_D111A,-0.594320,1.067991
T110A_D111A,-0.738748,1.436189
T110A_D111A,-0.814792,1.316033
T110A_D111A,-0.899155,1.431962
T110A_D111A,-0.883401,1.202045
T110A_D111A,-0.745315,1.118899
T110A_D111A,-0.637714,0.985112
T110A_D111A,-0.847155,1.440287
T110A_D111A,-0.762616,1.218657
T110A_D111A,-0.793748,1.143384
T110A_D111A,-0.743156,1.378521
T110A_D111A,-0.760015,1.373214
T110A_D111A,-0.760770,1.428003
T110A_D111A,-0.673671,1.529283
T110A_D111A,-0.728275,1.371133
T110A_D111A,-0.610486,1.223394
T110A_D111A,-0.686588,1.200212
T110A_D111A,-0.688025,1.244847
T110A_D111A,-0.652861,1.321450
T110A_D111A,-0.629497,1.509875
T110A_D111A,-0.562962,1.737081
T110A_D111A,-0.677037,1.520620
T110A_D111A,-0.722704,1.382292
T110A_D111A,-0.639517,1.816611
T110A_D111A,-0.755310,1.548265
T110A_D111A,-0.716319,1.672530
T110A_D111A,-0.753563,1.673885
T110A_D111A,-0.730561,1.383483
T110A_D111A,-0.584046,1.559739
T110A_D111A,-0.693075,1.792372
T110A_D111A,-0.723939,1.392999
T110A_D111A,-0.663899,1.405999
T110A_D111A,-0.601707,1.563127
T110A_D111A,-0.580531,1.186983
T110A_D111A,-0.532340,1.576593
T110A_D111A,-0.541083,1.070516
T110A_D111A,-0.566356,1.150693
T110A_D111A,-0.681845,1.644161
T110A_D111A,-0.820004,1.061204
T110A_D111A,-0.677676,1.392811
T110A_D111A,-0.723985,1.003405
T110A_D111A,-0.623094,0.744361
T110A_D111A,-0.700850,1.164145
T110A_D111A,-0.625155,1.431662
T110A_D111A,-0.631583,1.151438
T110A_D111A,-0.608571,1.572636
T110A_D111A,-0.693992,1.317648
T110A_D111A,-0.652723,1.245055
T110A_D111A,-0.615839,1.001677
T110A_D111A,-0.667183,1.708920
T110A_D111A,-0.754936,1.295412
T110A_D111A,-0.757233,1.633653
T110A_D111A,-0.815440,1.351938
T110A_D111A,-0.739644,1.073334
T110A_D111A,-0.740279,1.206953
T110A_D111A,-0.754071,1.736069
T110A_D111A,-0.705580,1.006320
T110A_D111A,-0.721783,1.296301
T110A_D111A,-0.755800,1.377561
T110A_D111A,-0.764579,1.342329
T110A_D111A,-0.855962,1.271608
T110A_D111A,-0.865781,1.287966
T110A_D111A,-0.723766,0.788994
T110A_D111A,-0.817074,1.005388
T110A_D111A,-0.781537,1.006723
T110A_D111A,-0.789539,1.347084
T110A_D111A,-0.770366,1.239873
T110A_D111A,-0.787543,1.078668
T110A_D111A,-0.680764,1.315277
T110A_D111A,-0.772260,1.405464
T110A_D111A,-0.757602,1.617832
T110A_D111A,-0.825670,1.608699
T110A_D111A,-0.724913,1.920602
T110A_D111A,-0.678717,1.741882
T110A_D111A,-0.938994,1.809510
T110A_D111A,-0.841758,1.822342
T110A_D111A,-0.822993,1.948220
T110A_D111A,-0.733136,1.826407
T110A_D111A,-0.911127,1.731007
T110A_D111A,-0.791724,1.705317
T110A_D111A,-0.812541,1.657123
T110A_D111A,-0.921957,1.854850
T110A_D111A,-0.898326,1.938497
T110A_D111A,-0.868884,1.692509
T110A_D111A,-0.799608,1.922705
T110A_D111A,-0.798739,1.572004
T110A_D111A,-0.768808,1.434726
T110A_D111A,-0.890686,2.126437
T110A_D111A,-0.889089,1.987561
T110A_D111A,-0.793872,1.956152
T110A_D111A,-0.821496,1.769419
T110A_D111A,-0.769973,1.800198
T110A_D111A,-0.746845,1.960227
T110A_D111A,-0.727418,2.124772
T110A_D111A,-0.773084,1.951315
T110A_D111A,-0.875185,2.078992
T110A_D111A,-0.848622,1.755859
T110A_D111A,-0.841384,1.745559
T110A_D111A,-0.738340,1.737383
T110A_D111A,-0.678187,1.837565
T110A_D111A,-0.679068,1.726260
T110A_D111A,-0.674914,1.258716
T110A_D111A,-0.891614,1.758643
T110A_D111A,-0.817315,1.860557
T110A_D111A,-0.797133,1.876844
T110A_D111A,-0.741499,2.104471
T110A_D111A,-0.845914,2.118012
T110A_D111A,-0.936983,1.832147
T110A_D111A,-0.700087,1.210432
T110A_D111A,-0.653831,1.331688
T110A_D111A,-0.687532,1.387145
T110A_D111A,-0.625431,1.447230
T110A_D111A,-0.792812,1.598283
T110A_D111A,-0.675224,1.642185
T110A_D111A,-0.673215,1.665031
T110A_D111A,-0.674681,1.354047
T110A_D111A,-0.779444,1.466395
T110A_D111A,-0.864499,1.699552
T110A_D111A,-0.609908,1.765614
T110A_D111A,-0.730361,1.358244
T110A_D111A,-0.704258,1.372414
T110A_D111A,-0.799799,1.502760
T110A_D111A,-0.822058,1.820324
T110A_D111A,-0.800055,1.780734
T110A_D111A,-0.857152,1.655854
T110A_D111A,-0.798543,1.791592
T110A_D111A,-0.762589,1.719889
T110A_D111A,-0.677680,1.783024
T110A_D111A,-0.847089,1.958044
T110A_D111A,-0.778472,1.935700
T110A_D111A,-0.574405,1.723527
T110A_D111A,-0.772539,1.343021
T110A_D111A,-0.675438,1.957545
T110A_D111A,-0.724306,1.683485
T110A_D111A,-0.820121,1.769099
T110A_D111A,-0.769054,1.776055
T110A_D111A,-0.703192,1.766227
T110A_D111A,-0.679296,1.495657
T110A_D111A,-0.669585,1.815002
T110A_D111A,-0.648556,1.964923
T110A_D111A,-0.702960,2.090888
T110A_D111A,-0.652121,1.863051
T110A_D111A,-0.861451,2.334736
T110A_D111A,-0.607431,2.073328
T110A_D111A,-0.700681,2.009096
T110A_D111A,-0.639592,1.772797
T110A_D111A,-0.700573,1.707764
T110A_D111A,-0.669450,1.694061
T110A_D111A,-0.614959,1.803751
T110A_D111A,-0.643559,1.757074
T110A_D111A,-0.723798,1.938891
T110A_D111A,-0.603767,1.981478
T110A_D111A,-0.657083,1.796859
T110A_D111A,-0.624541,1.903649
T110A_D111A,-0.670521,1.813379
T110A_D111A,-0.702579,1.523032
T110A_D111A,-0.716888,1.680458
T110A_D111A,-0.638034,1.670632
T110A_D111A,-0.680892,1.637980
T110A_D111A,-0.784894,1.371015
T110A_D111A,-0.693229,1.576322
T110A_D111A,-0.819045,1.792254
T110A_D111A,-0.723066,1.965253
T110A_D111A,-0.724770,1.764791
T110A_D111A,-0.772460,1.673326
T110A_D111A,-0.730138,2.086716
T110A_D111A,-0.814512,1.678687
T110A_D111A,-0.813150,1.537424
T110A_D111A,-0.811912,1.563799
T110A_D111A,-0.717565,1.411239
T110A_D111A,-0.869357,1.123963
T110A_D111A,-0.830298,1.307049
T110A_D111A,-0.818096,1.171529
T110A_D111A,-0.773689,1.508574
T110A_D111A,-0.617748,1.300159
T110A_D111A,-0.862478,1.471160
T110A_D111A,-0.742327,1.649999
T110A_D111A,-0.719958,1.613533
T110A_D111A,-0.661502,1.713739
T110A_D111A,-0.731795,1.251865
T110A_D111A,-0.730323,1.451135
T110A_D111A,-0.673763,1.068827
T110A_D111A,-0.650335,1.170144
T110A_D111A,-0.805011,1.337659
T110A_D111A,-0.667146,1.058478
T110A_D111A,-0.603175,1.706170
T110A_D111A,-0.613633,1.433181
T110A_D111A,-0.776568,1.079726
T110A_D111A,-0.704715,1.048780
T110A_D111A,-0.693577,1.650882
T110A_D111A,-0.689718,1.225751
T110A_D111A,-0.757489,1.201754
T110A_D111A,-0.753403,1.509825
T110A_D111A,-0.715611,1.148185
T110A_D111A,-0.807334,1.277119
T110A_D111A,-0.669266,0.935700
T110A_D111A,-0.869637,1.006123
T110A_D111A,-0.830564,1.581215
T110A_D111A,-0.746326,1.428256
T110A_D111A,-0.818707,1.479846
T110A_D111A,-0.761756,1.068821
T110A_D111A,-0.768431,1.080542
T110A_D111A,-0.593251,0.806917
T110A_D111A,-0.721053,1.039412
T110A_D111A,-0.860676,1.034629
T110A_D111A,-0.700075,0.864042
T110A_D111A,-0.755977,0.970292
T110A_D111A,-0.739560,1.016658
T110A_D111A,-0.708950,1.752777
T110A_D111A,-0.795988,1.523408
T110A_D111A,-0.792880,1.502113
T60A_S63A,1.284537,1.975221
T60A_S63A,1.387857,1.596191
T60A_S63A,0.996020,1.812066
T60A_S63A,1.265512,1.718991
T60A_S63A,1.225316,1.558534
T60A_S63A,1.614371,1.859223
T60A_S63A,1.012232,1.716885
T60A_S63A,1.320845,1.666078
T60A_S63A,1.012610,1.849222
T60A_S63A,1.481177,1.739243
T60A_S63A,1.460970,1.650579
T60A_S63A,1.131441,1.585420
T60A_S63A,1.267052,1.468064
T60A_S63A,1.152733,1.177873
T60A_S63A,1.358053,1.141719
T60A_S63A,1.172326,1.562361
T60A_S63A,1.198750,1.278476
T60A_S63A,0.921135,1.050161
T60A_S63A,1.552542,1.006417
T60A_S63A,1.019392,1.354184
T60A_S63A,1.086075,1.622881
T60A_S63A,1.352206,1.365133
T60A_S63A,1.171193,1.370010
T60A_S63A,1.187742,1.370130
T60A_S63A,1.224318,1.095970
T60A_S63A,1.177384,1.099014
T60A_S63A,1.362512,1.086681
T60A_S63A,0.989292,0.997609
T60A_S63A,0.823925,0.474478
T60A_S63A,0.966195,0.979529
T60A_S63A,1.033426,0.975329
T60A_S63A,1.268536,0.932537
T60A_S63A,1.262591,0.663161
T60A_S63A,1.365163,0.601644
T60A_S63A,1.409420,0.818574
T60A_S63A,1.307996,0.651298
T60A_S63A,1.264447,0.638092
T60A_S63A,1.139095,0.925489
T60A_S63A,1.120342,0.954268
T60A_S63A,1.043114,0.857773
T60A_S63A,1.080376,0.897650
T60A_S63A,0.870628,0.741784
T60A_S63A,0.795770,0.949804
T60A_S63A,0.969187,0.690606
T60A_S63A,0.818112,0.848691
T60A_S63A,0.630080,1.107943
T60A_S63A,0.876715,0.791606
T60A_S63A,0.973098,0.735386
T60A_S63A,0.994987,0.575586
T60A_S63A,1.035138,0.388740
T60A_S63A,1.011978,0.403274
T60A_S63A,0.934364,0.406430
T60A_S63A,0.968628,0.338224
T60A_S63A,1.117887,0.542306
T60A_S63A,1.140292,0.108615
T60A_S63A,0.905525,0.058755
T60A_S63A,0.967339,0.292012
T60A_S63A,0.810192,0.554021
T60A_S63A,0.670268,0.448753
T60A_S63A,0.798211,0.688317
T60A_S63A,1.005339,0.691758
T60A_S63A,1.178326,0.472684
T60A_S63A,1.041616,0.171176
T60A_S63A,0.845084,0.319863
T60A_S63A,0.989628,0.264880
T60A_S63A,1.120164,0.348768
T60A_S63A,1.150054,0.104939
T60A_S63A,1.168145,0.220341
T60A_S63A,1.401939,0.217480
T60A_S63A,1.398819,0.144889
T60A_S63A,1.182072,0.103401
T60A_S63A,1.207268,0.316565
T60A_S63A,1.044138,0.495403
T60A_S63A,1.053270,0.295543
T60A_S63A,1.172953,0.126287
T60A_S63A,1.159495,0.503108
T60A_S63A,1.117221,0.615026
T60A_S63A,1.118595,0.466491
T60A_S63A,0.729865,0.505445
T60A_S63A,1.045386,0.685068
T60A_S63A,1.288856,0.267959
T60A_S63A,1.059923,0.381651
T60A_S63A,1.006093,0.679683
T60A_S63A,1.025023,0.634767
T60A_S63A,1.051824,0.976098
T60A_S63A,0.822651,0.903790
T60A_S63A,1.241534,0.726664
T60A_S63A,1.006959,1.091010
T60A_S63A,1.020140,1.079199
T60A_S63A,1.126155,0.718958
T60A_S63A,0.947577,0.983151
T60A_S63A,1.057860,1.110515
T60A_S63A,0.727599,1.237768
T60A_S63A,0.686154,1.230667
T60A_S63A,0.612905,1.019306
T60A_S63A,0.815357,1.143696
T60A_S63A,0.764375,1.277555
T60A_S63A,0.753058,0.794848
T60A_S63A,1.036556,0.979587
T60A_S63A,0.854903,0.967892
T60A_S63A,0.958455,1.195371
T60A_S63A,1.233830,0.914536
T60A_S63A,1.212261,1.100725
T60A_S63A,1.041372,0.950439
T60A_S63A,1.099609,1.007644
T60A_S63A,1.092828,1.006326
T60A_S63A,0.733353,0.622763
T60A_S63A,0.886131,1.244117
T60A_S63A,0.739458,1.026453
T60A_S63A,0.806749,0.985149
T60A_S63A,0.785487,0.761547
T60A_S63A,0.822934,0.895942
T60A_S63A,0.763000,0.729081
T60A_S63A,0.947065,0.823219
T60A_S63A,0.817715,0.602280
T60A_S63A,0.993903,0.453518
T60A_S63A,0.837423,0.732916
T60A_S63A,1.116924,0.845500
T60A_S63A,0.952923,0.783962
T60A_S63A,0.917305,0.523398
T60A_S63A,1.044715,0.920274
T60A_S63A,0.931286,0.712832
T60A_S63A,0.972609,0.508728
T60A_S63A,1.055153,0.892971
T60A_S63A,0.846605,0.886160
T60A_S63A,0.966432,1.289819
T60A_S63A,0.904788,0.932107
T60A_S63A,0.971564,0.830950
T60A_S63A,0.701431,1.030018
T60A_S63A,0.638929,1.092924
T60A_S63A,0.918391,0.818568
T60A_S63A,0.908186,0.789802
T60A_S63A,0.855597,1.317894
T60A_S63A,0.803890,0.970029
T60A_S63A,0.781380,1.135240
T60A_S63A,0.868543,1.283664
T60A_S63A,0.792972,1.029968
T60A_S63A,0.456257,1.350024
T60A_S63A,0.656204,0.852137
T60A_S63A,0.535785,0.819466
T60A_S63A,0.677626,0.865788
T60A_S63A,0.674315,0.392188
T60A_S63A,0.660477,0.628016
T60A_S63A,0.748076,1.222172
T60A_S63A,0.807142,0.975459
T60A_S63A,0.821696,0.806717
T60A_S63A,0.833532,0.989660
T60A_S63A,1.032797,0.805336
T60A_S63A,1.020194,0.762321
T60A_S63A,0.980659,0.630700
T60A_S63A,0.657900,0.993847
T60A_S63A,0.684005,0.719967
T60A_S63A,0.736653,0.828496
T60A_S63A,0.702821,0.577869
T60A_S63A,0.948366,0.772932
T60A_S63A,0.732033,0.963674
T60A_S63A,0.852362,1.046735
T60A_S63A,0.818052,0.787253
T60A_S63A,1.071657,0.851257
T60A_S63A,0.844602,0.529476
T60A_S63A,1.111419,0.626553
T60A_S63A,1.241692,0.435201
T60A_S63A,1.014193,0.718856
T60A_S63A,1.286229,0.524889
T60A_S63A,1.336967,0.322368
T60A_S63A,0.845755,0.384214
T60A_S63A,1.059198,0.801074
T60A_S63A,1.007489,0.345162
T60A_S63A,0.948611,0.601413
T60A_S63A,1.006718,0.467232
T60A_S63A,1.056223,0.862049
T60A_S63A,1.093337,0.510745
T60A_S63A,0.936057,0.557750
T60A_S63A,0.920959,0.944704
T60A_S63A,1.168433,0.853239
T60A_S63A,1.038431,0.474501
T60A_S63A,1.048564,0.632050
T60A_S63A,1.395670,0.551115
T60A_S63A,1.201445,0.562882
T60A_S63A,1.137292,0.405461
T60A_S63A,0.996259,0.479973
T60A_S63A,1.177844,0.617098
T60A_S63A,1.509280,0.180844
T60A_S63A,1.332237,0.300501
T60A_S63A,1.589504,0.099566
T60A_S63A,1.386854,-0.127523
T60A_S63A,1.109032,-0.143052
T60A_S63A,1.276547,0.133555
T60A_S63A,0.952042,-0.154454
T60A_S63A,0.953095,-0.026045
T60A_S63A,1.032268,0.292007
T60A_S63A,0.855383,0.153698
T60A_S63A,0.926506,0.244938
T60A_S63A,0.881219,0.075684
T60A_S63A,0.874575,0.212124
T60A_S63A,1.140693,-0.011389
T60A_S63A,0.885970,-0.172265
T60A_S63A,0.780846,-0.136747
T60A_S63A,0.837266,-0.146634
T60A_S63A,0.926306,0.135421
T60A_S63A,0.887780,-0.115386
T60A_S63A,1.088720,0.024474
T60A_S63A,0.894917,0.094947
T60A_S63A,0.648612,0.152420
T60A_S63A,0.659184,0.271310
T60A_S63A,0.816070,-0.021469
T60A_S63A,0.905014,0.038973
T60A_S63A,0.445990,0.051321
T60A_S63A,0.448348,-0.052438
T60A_S63A,0.566545,0.127747
T60A_S63A,0.372794,0.120011
T60A_S63A,0.404425,0.280533
T60A_S63A,0.757187,0.254264
T60A_S63A,0.675501,0.356074
T60A_S63A,1.054153,0.149867
T60A_S63A,0.721855,-0.075426
T60A_S63A,0.774258,0.284560
T60A_S63A,0.594666,0.010894
T60A_S63A,0.736343,0.019711
T60A_S63A,0.776550,-0.113869
T60A_S63A,0.509222,-0.038408
T60A_S63A,0.441026,-0.141002
T60A_S63A,0.719604,-0.310139
T60A_S63A,0.495230,-0.094263
T60A_S63A,0.689515,-0.101743
T60A_S63A,0.735671,-0.036324
T60A_S63A,0.550978,-0.018630
T60A_S63A,0.557056,0.240756
T60A_S63A,0.254593,0.027147
T60A_S63A,0.474744,-0.007233
T60A_S63A,0.476800,-0.227017
T60A_S63A,0.444879,-0.330983
T60A_S63A,0.701417,-0.318691
T60A_S63A,0.761648,-0.116633
T60A_S63A,0.633824,-0.203271
T60A_S63A,0.421844,-0.536821
T60A_S63A,0.447643,-0.527111
T60A_S63A,0.422398,-0.730263
T60A_S63A,0.589685,-0.495399
T60A_S63A,0.868410,-0.417146
T60A_S63A,0.731267,-0.314987
T60A_S63A,0.479477,-0.495829
T60A_S63A,0.548233,-0.089412
T60A_S63A,0.579135,0.130625
T60A_S63A,0.721119,0.197376
T60A_S63A,0.804907,-0.346660
T60A_S63A,0.963251,-0.073530
T60A_S63A,0.694511,-0.276517
T60A_S63A,0.760492,-0.166333
T60A_S63A,0.810402,-0.390293
T60A_S63A,0.403712,0.023228
T60A_S63A,0.813891,-0.122458
T60A_S63A,0.513597,-0.259808
T60A_S63A,0.523199,-0.293933
T60A_S63A,0.493802,-0.009378
T60A_S63A,0.624539,-0.192684
T60A_S63A,0.555273,-0.542522
T60A_S63A,0.846748,-0.358496
T60A_S63A,0.753381,-0.126381
T60A_S63A,0.854534,-0.216965
T60A_S63A,0.527523,-0.018613
T60A_S63A,0.597229,-0.239035
T60A_S63A,0.598135,-0.336958
T60A_S63A,0.496591,-0.004167
T60A_S63A,0.620712,-0.247320
T60A_S63A,0.764766,-0.246410
T60A_S63A,0.836523,-0.159585
T60A_S63A,0.760130,0.189590
T60A_S63A,1.027868,-0.051044
T60A_S63A,1.014523,-0.048679
T60A_S63A,0.697248,0.006676
T60A_S63A,0.811791,-0.074711
T60A_S63A,0.636739,-0.155300
T60A_S63A,0.436250,0.063114
T60A_S63A,0.767934,-0.080807
T60A_S63A,0.654418,-0.030643
T60A_S63A,0.551766,-0.135334
T60A_S63A,0.500307,-0.100515
T60A_S63A,0.525864,-0.442982
T60A_S63A,0.337660,-0.248818
T60A_S63A,0.697609,-0.064189
T60A_S63A,0.607573,-0.089147
T60A_S63A,0.541982,0.079647
T60A_S63A,0.871997,0.275464
T60A_S63A,0.742064,0.167139
T60A_S63A,0.776210,0.130554
T60A_S63A,0.685522,0.107909
T60A_S63A,0.630465,0.065333
T60A_S63A,0.628349,-0.027304
T60A_S63A,0.650151,-0.337393
T60A_S63A,0.763724,-0.410049
T60A_S63A,0.760341,-0.343551
T60A_S63A,0.879990,-0.317227
T60A_S63A,0.912113,-0.187983
T60A_S63A,0.505334,-0.351880
T60A_S63A,0.724058,-0.426026
T60A_S63A,0.604899,-0.393716
T60A_S63A,0.845672,-0.421364
T60A_S63A,0.645758,-0.322490
T60A_S63A,0.696485,-0.315133
T60A_S63A,0.529183,-0.018889
T60A_S63A,0.843453,-0.263932
T60A_S63A,0.804416,-0.488001
T60A_S63A,0.767938,-0.218480
T60A_S63A,0.776681,-0.512672
T60A_S63A,0.664060,-0.504436
T60A_S63A,0.446993,-0.512673
T60A_S63A,0.700041,-0.355689
T60A_S63A,0.825195,-0.312813
T60A_S63A,0.433263,0.108442
T60A_S63A,1.046807,-0.241799
T60A_S63A,0.741358,-0.445386
T60A_S63A,0.882961,-0.371198
T60A_S63A,0.645870,-0.499144
T60A_S63A,0.942010,-0.411122
T60A_S63A,0.666454,-0.649489
T60A_S63A,0.884582,-0.496460
T60A_S63A,0.553083,-0.624903
T60A_S63A,0.804841,-0.671737
T60A_S63A,0.505481,-0.509458
T60A_S63A,0.679713,-0.527166
T60A_S63A,0.507951,-0.433846
T60A_S63A,0.564199,-0.241052
T60A_S63A,0.760546,-0.238964
T60A_S63A,0.683104,-0.442485
T60A_S63A,0.876404,-0.268836
T60A_S63A,0.861305,-0.344830
T60A_S63A,0.875122,-0.390750
T60A_S63A,0.651540,-0.377615
T60A_S63A,0.791539,-0.450133
T60A_S63A,0.734786,-0.370243
T60A_S63A,0.841894,-0.059397
T60A_S63A,0.614902,-0.152691
T60A_S63A,0.782040,-0.249679
T60A_S63A,0.756903,-0.312257
T60A_S63A,1.075354,-0.345801
T60A_S63A,0.942328,-0.445476
T60A_S63A,0.718012,-0.450162
T60A_S63A,0.621086,-0.130426
T60A_S63A,0.651014,-0.448612
T60A_S63A,0.742059,-0.468275
T60A_S63A,0.893519,-0.355441
T60A_S63A,0.681492,-0.720288
T60A_S63A,1.042864,-0.324632
T60A_S63A,0.890872,-0.394297
T60A_S63A,1.367800,-0.787590
T60A_S63A,0.974467,-0.377488
T60A_S63A,1.080812,-0.689611
T60A_S63A,0.995994,-0.649700
T60A_S63A,0.825451,-0.406083
T60A_S63A,0.958810,-0.764591
T60A_S63A,1.036862,-0.829292
T60A_S63A,0.961732,-0.628483
T60A_S63A,0.805816,-0.551043
T60A_S63A,1.182247,-0.373742
T60A_S63A,1.260422,-0.616708
T60A_S63A,1.190911,-0.360981
T60A_S63A,1.022519,-0.278251
T60A_S63A,0.990612,-0.224008
T60A_S63A,1.131552,-0.620483
T60A_S63A,1.053893,-0.422751
T60A_S63A,0.927932,-0.536147
T60A_S63A,0.992242,-0.606309
T60A_S63A,0.961130,-0.796022
T60A_S63A,0.858356,-0.401753
T60A_S63A,1.040702,-0.603257
T60A_S63A,0.738103,-0.573041
T60A_S63A,0.645923,-0.693116
T60A_S63A,0.675506,-0.697819
T60A_S63A,0.889968,-0.875182
T60A_S63A,0.888855,-0.675204
T60A_S63A,0.549435,-0.591998
T60A_S63A,0.613254,-0.304635
T60A_S63A,0.515098,-0.504600
T60A_S63A,0.579794,-0.625584
T60A_S63A,0.629643,-0.718526
T60A_S63A,0.591697,-0.609650
T60A_S63A,0.383166,-1.320523
T60A_S63A,0.594688,-1.227823
T60A_S63A,0.422248,-1.047103
T60A_S63A,0.736777,-1.129225
T60A_S63A,0.656523,-1.391308
T60A_S63A,0.649999,-1.321836
T60A_S63A,1.106199,-1.757902
T60A_S63A,0.937828,-1.239656
T60A_S63A,0.702618,-1.230053
T60A_S63A,0.700280,-1.073081
T60A_S63A,1.087354,-0.889372
T60A_S63A,0.964421,-0.560083
T60A_S63A,1.081244,-0.715787
T60A_S63A,0.812329,-0.811772
T60A_S63A,1.133188,-1.099524
T60A_S63A,1.186635,-1.141622
T60A_S63A,1.198627,-0.925940
T60A_S63A,0.782351,-0.609782
T60A_S63A,0.910989,-0.723809
T60A_S63A,0.519892,-0.775051
T60A_S63A,0.480555,-0.950745
T60A_S63A,0.829036,-0.444182
T60A_S63A,0.759104,-0.543756
T60A_S63A,0.637624,-0.403391
T60A_S63A,0.753244,-0.569936
T60A_S63A,0.656974,-0.572825
T60A_S63A,0.848672,-0.804824
T60A_S63A,0.805514,-0.448244
T60A_S63A,0.955379,-0.317120
T60A_S63A,1.055324,-0.455664
T60A_S63A,0.905688,-0.581749
T60A_S63A,0.766330,-0.511269
T60A_S63A,0.864577,-0.064715
T60A_S63A,0.994163,-0.001137
T60A_S63A,0.809756,-0.301565
T60A_S63A,0.820544,-0.094402
T60A_S63A,0.819809,-0.223409
T60A_S63A,1.032090,-0.518226
T60A_S63A,0.989438,-0.767346
T60A_S63A,0.790277,-0.340311
T60A_S63A,0.816153,-0.454996
T60A_S63A,0.634800,-0.303273
T60A_S63A,0.692631,-0.159308
T60A_S63A,0.899451,-0.426662
T60A_S63A,0.925067,-0.109489
T60A_S63A,0.969286,-0.529250
T60A_S63A,0.747698,-0.601832
T60A_S63A,0.765858,-0.547300
T60A_S63A,0.628392,-0.510455
T60A_S63A,0.742060,-0.495361
T60A_S63A,0.824311,-0.908865
T60A_S63A,1.097860,-0.660427
T60A_S63A,0.667897,-0.704788
T60A_S63A,1.051862,-0.695099
T60A_S63A,1.317902,-0.745333
T60A_S63A,1.278686,-1.264841
T60A_S63A,1.039871,-0.527376
T60A_S63A,0.896067,-0.349709
T60A_S63A,0.855467,-0.345983
T60A_S63A,0.721891,-0.220747
T60A_S63A,0.766522,-0.403354
T60A_S63A,0.821109,-0.804265
T60A_S63A,0.916698,-0.859818
T60A_S63A,0.934020,-1.008659
T60A_S63A,0.781578,-0.655934
T60A_S63A,0.652561,-0.516219
T60A_S63A,0.754806,-0.477334
T60A_S63A,0.678079,-0.278770
T60A_S63A,0.821119,-0.404961
T60A_S63A,1.055668,-0.402540
T60A_S63A,0.656875,-0.369937
T60A_S63A,1.000927,-0.440038
T60A_S63A,0.742214,-0.371248
T60A_S63A,0.921934,-0.335131
T60A_S63A,0.890815,-0.117136
T60A_S63A,0.965552,-0.510934
T60A_S63A,0.971853,-0.484021
T60A_S63A,0.686511,-0.518326
T60A_S63A,0.974416,-0.299593
T60A_S63A,0.843584,-0.481294
T60A_S63A,0.732490,-0.059190
T60A_S63A,0.943266,-0.656838
T60A_S63A,0.992175,-0.595130
T60A_S63A,0.898583,-0.333910
T60A_S63A,0.926370,-0.420507
T60A_S63A,0.720144,-0.345108
T60A_S63A,0.873291,-0.403823
T60A_S63A,0.742004,-0.202846
T60A_S63A,1.327874,-0.224030
T60A_S63A,0.902737,-0.367050
T60A_S63A,1.321755,-0.360782
T60A_S63A,1.410632,-0.354181
T60A_S63A,1.273435,-0.256611
T60A_S63A,1.340734,-0.139070
T60A_S63A,1.042090,-0.135959
T60A_S63A,0.950124,-0.020670
T60A_S63A,1.060238,0.162638
T60A_S63A,0.826834,0.057621
T60A_S63A,1.029922,-0.384038
T60A_S63A,1.131670,-0.497123
T60A_S63A,0.837232,-0.278916
T60A_S63A,0.904697,-0.480934
T60A_S63A,0.822592,-0.056515
T60A_S63A,1.122212,-0.493777
T60A_S63A,0.872195,-0.415397
T60A_S63A,0.860482,-0.475895
T60A_S63A,1.035093,-0.456644
T60A_S63A,0.932333,-0.541035
T60A_S63A,1.066971,-0.423973
T60A_S63A,1.006473,-0.435229
T60A_S63A,0.635053,-0.712574
T60A_S63A,0.468854,-0.285066
T60A_S63A,0.581298,-0.409782
T60A_S63A,0.555450,-0.207279
T60A_S63A,0.847547,-0.348857
T60A_S63A,0.576261,-0.696894
T60A_S63A,0.738912,-0.270504
T60A_S63A,0.684731,-0.857277
T60A_S63A,0.809736,-0.346344
T60A_S63A,0.731863,-0.181898
T60A_S63A,1.019515,-0.792538
T60A_S63A,0.991810,-0.640565
T60A_S63A,1.090211,-0.494666
T60A_S63A,0.944732,-0.713143
T60A_S63A,0.523954,-0.693844
T60A_S63A,0.882269,-0.469609
T60A_S63A,1.006391,-0.459971
T60A_S63A,0.839741,-0.412993
T60A_S63A,0.646131,-0.489958
T60A_S63A,0.813820,-0.367408
T60A_S63A,0.765182,-0.736340
T60A_S63A,0.692249,-0.585785
T60A_S63A,0.802713,-0.546301
T60A_S63A,0.834464,-0.522886
T60A_S63A,0.666333,-0.334039
T60A_S63A,0.655933,-0.533392
T60A_S63A,0.687393,-0.618121
T60A_S63A,0.852421,-0.611153
T60A_S63A,0.447253,-0.230040
T60A_S63A,0.704032,-0.641966
T60A_S63A,0.338463,-0.604649
T60A_S63A,0.575673,-0.438113
T60A_S63A,0.498221,-0.441475
T60A_S63A,0.634173,-0.477672
T60A_S63A,0.386637,-0.531026
T60A_S63A,0.775932,-0.546762
T60A_S63A,0.786392,-0.412018
T60A_S63A,0.444948,-0.556500
T60A_S63A,0.617141,-0.493102
T60A_S63A,0.138384,-0.406647
T60A_S63A,0.303711,-0.664963
T60A_S63A,0.562392,-0.533266
T60A_S63A,0.394739,-0.426715
T60A_S63A,0.601504,-0.523926
T60A_S63A,0.478120,-0.684217
T60A_S63A,0.156545,-0.445783
T60A_S63A,0.437566,-0.614938
T60A_S63A,0.469811,-0.460562
T60A_S63A,0.458112,-0.668309
T60A_S63A,0.462753,-0.301229
T60A_S63A,0.198409,-0.282801
T60A_S63A,0.431211,-0.105761
T60A_S63A,0.465136,-0.170199
T60A_S63A,0.514496,-0.392922
T60A_S63A,0.443055,-0.295484
T60A_S63A,0.637056,-0.186251
T60A_S63A,0.667160,-0.327113
T60A_S63A,0.443285,-0.271355
T60A_S63A,0.456103,-0.001828
T60A_S63A,0.593397,0.237466
T60A_S63A,0.347237,-0.146904
T60A_S63A,0.645684,-0.238130
T60A_S63A,0.764035,-0.324439
T60A_S63A,0.541895,-0.195277
T60A_S63A,1.023695,-0.540565
T60A_S63A,0.819009,-0.809669
T60A_S63A,0.948089,-0.494349
T60A_S63A,0.844137,-0.402347
T60A_S63A,0.685561,-0.510050
T60A_S63A,0.683997,-0.436707
T60A_S63A,0.584319,-0.173469
T60A_S63A,0.633115,-0.055338
T60A_S63A,0.574060,-0.398437
T60A_S63A,0.630136,-0.268378
T60A_S63A,0.890814,-0.862971
T60A_S63A,0.822634,-1.056952
T60A_S63A,0.939484,-1.053745
T60A_S63A,0.811138,-1.025159
T60A_S63A,0.921705,-0.990939
T60A_S63A,0.938649,-1.323146
T60A_S63A,1.004341,-1.021108
T60A_S63A,0.712098,-0.926155
T60A_S63A,0.589725,-0.972062
T60A_S63A,0.576718,-1.163889
T60A_S63A,0.481456,-1.275249
T60A_S63A,0.201156,-1.038930
T60A_S63A,0.311731,-1.396883
T60A_S63A,0.306127,-1.453287
T60A_S63A,0.212944,-1.096632
T60A_S63A,0.544776,-1.174733
T60A_S63A,0.562333,-1.162092
T60A_S63A,0.294957,-1.367650
T60A_S63A,0.473771,-1.083328
T60A_S63A,0.525291,-1.062465
T60A_S63A,0.661568,-0.931820
T60A_S63A,0.686419,-1.396614
T60A_S63A,0.680371,-1.088583
T60A_S63A,0.494771,-1.304277
T60A_S63A,0.458306,-1.117108
T60A_S63A,0.613836,-1.128596
T60A_S63A,0.881810,-1.080366
T60A_S63A,0.588581,-1.558654
T60A_S63A,0.570924,-1.270199
T60A_S63A,0.690395,-0.979612
T60A_S63A,0.848874,-0.896043
T60A_S63A,0.851490,-1.050819
T60A_S63A,0.627386,-1.025779
T60A_S63A,0.547936,-0.999465
T60A_S63A,0.615771,-1.375615
T60A_S63A,0.584145,-0.974131
T60A_S63A,0.510796,-1.060022
T60A_S63A,0.476901,-0.954155
T60A_S63A,0.436674,-0.738997
T60A_S63A,0.351754,-0.936354
T60A_S63A,0.758022,-1.299871
T60A_S63A,0.541334,-1.104944
T60A_S63A,0.961230,-0.897117
T60A_S63A,0.823879,-0.890095
T60A_S63A,0.671457,-1.078114
T60A_S63A,0.949399,-0.455643
T60A_S63A,0.955593,-0.689181
T60A_S63A,0.620326,-0.904843
T60A_S63A,0.655584,-0.479836
T60A_S63A,0.503977,-0.649750
T60A_S63A,0.714865,-0.572774
T60A_S63A,0.606145,-0.515070
T60A_S63A,0.804119,-0.347975
T60A_S63A,0.760520,-0.371641
T60A_S63A,0.822148,-0.070687
T60A_S63A,0.760739,0.091034
T60A_S63A,0.781141,-0.066119
T60A_S63A,0.827607,0.141830
T60A_S63A,0.464904,-0.164436
T60A_S63A,0.819567,0.060932
T60A_S63A,0.483257,-0.036251
T60A_S63A,0.662661,-0.034545
T60A_S63A,0.331105,0.125096
T60A_S63A,0.103777,-0.320582
T60A_S63A,0.545516,-0.402855
T60A_S63A,0.493303,-0.409285
T60A_S63A,0.695294,-0.453927
T60A_S63A,0.735758,-0.602213
T60A_S63A,0.551312,-0.455895
T60A_S63A,0.678707,-0.523272
T60A_S63A,0.775994,-0.323949
T60A_S63A,0.349221,-0.498898
T60A_S63A,0.540480,-0.520703
T60A_S63A,0.803120,-0.408786
T60A_S63A,0.220675,-0.238902
T60A_S63A,0.359931,-0.683656
T60A_S63A,0.492059,-0.654767
T60A_S63A,0.568555,-0.538368
T60A_S63A,0.428924,-0.497521
T60A_S63A,0.563228,-0.818813
T60A_S63A,0.583993,-0.586414
T60A_S63A,0.579839,-0.714648
T60A_S63A,0.394031,-0.455710
T60A_S63A,0.722622,-0.723883
T60A_S63A,0.671881,-0.432495
T60A_S63A,0.912592,-0.652131
T60A_S63A,0.804949,-0.291151
T60A_S63A,0.628715,-0.379309
T60A_S63A,0.508702,-0.574178
T60A_S63A,0.230796,-0.758101
T60A_S63A,0.811158,-0.802170
T60A_S63A,0.534367,-0.340349
T60A_S63A,0.597510,-0.531523
T60A_S63A,0.515855,-0.720551
T60A_S63A,0.600795,-0.473809
T60A_S63A,0.610394,-0.734152
T60A_S63A,0.869530,-0.707372
T60A_S63A,0.763679,-0.069845
T60A_S63A,0.499024,-0.255287
T60A_S63A,0.726965,-0.604816
T60A_S63A,0.628741,-0.412211
T60A_S63A,0.594712,-0.176155
T60A_S63A,0.711883,-0.601197
T60A_S63A,0.645015,-0.369410
T60A_S63A,0.866196,-0.530399
T60A_S63A,0.917057,-0.854310
T60A_S63A,0.840877,-0.997961
T60A_S63A,0.695237,-0.886126
T60A_S63A,0.299555,-0.604835
T60A_S63A,0.554767,-0.796080
T60A_S63A,0.585064,-0.560446
T60A_S63A,0.651911,-0.793149
T60A_S63A,0.509680,-0.580250
T60A_S63A,0.516372,-0.844171
T60A_S63A,0.818757,-0.633138
T60A_S63A,0.611051,-0.979908
T60A_S63A,0.847434,-0.714832
T60A_S63A,0.962654,-0.311202
T60A_S63A,0.944141,-0.364991
T60A_S63A,0.836814,-0.352768
T60A_S63A,0.627059,-0.378774
T60A_S63A,0.782411,-0.224254
T60A_S63A,0.906798,-0.537366
T60A_S63A,0.930953,-0.359263
T60A_S63A,0.499054,-0.082281
T60A_S63A,0.949787,-0.490542
T60A_S63A,0.878000,-0.494333
T60A_S63A,0.908189,-0.565072
T60A_S63A,1.130190,-0.762358
T60A_S63A,0.892401,-0.779443
T60A_S63A,0.844670,-0.346319
T60A_S63A,0.962013,-0.817994
T60A_S63A,0.721055,-0.586744
T60A_S63A,0.822348,-0.727165
T60A_S63A,1.023003,-0.694342
T60A_S63A,0.349498,-0.375011
T60A_S63A,0.302246,-0.272991
T60A_S63A,0.798171,-0.439510
T60A_S63A,0.645942,-0.366951
T60A_S63A,0.665300,-0.241391
T60A_S63A,0.543483,-0.455203
T60A_S63A,0.649920,-0.574073
T60A_S63A,0.529671,-0.582823
T60A_S63A,0.542027,-0.621919
T60A_S63A,0.727341,-0.196635
T60A_S63A,0.730497,-0.246284
T60A_S63A,0.457422,-0.270457
T60A_S63A,0.613730,-0.153881
T60A_S63A,0.580421,-0.432768
T60A_S63A,0.475568,-0.086409
T60A_S63A,0.857436,-0.566606
T60A_S63A,0.807379,-0.526577
T60A_S63A,0.532897,-0.636042
T60A_S63A,0.407370,-0.143576
T60A_S63A,0.492226,-0.150680
T60A_S63A,0.640785,-0.282138
T60A_S63A,0.649251,-0.460619
T60A_S63A,0.525168,-0.503530
T60A_S63A,0.602056,-0.592815
T60A_S63A,0.733799,-0.581921
T60A_S63A,0.844563,-0.760876
T60A_S63A,0.687855,-0.559678
T60A_S63A,0.595159,-0.829540
T60A_S63A,0.556899,-0.721412
T60A_S63A,0.376472,-0.392435
T60A_S63A,0.540105,-0.354806
T60A_S63A,0.742372,-0.039739
T60A_S63A,0.583891,-0.520097
T60A_S63A,0.527990,-0.074688
T60A_S63A,0.602003,-0.403298
T60A_S63A,0.496421,-0.233348
T60A_S63A,0.623606,-0.277129
T60A_S63A,0.456395,-0.263881
T60A_S63A,0.352939,0.002966
T60A_S63A,0.336899,-0.297500
T60A_S63A,0.459802,-0.550475
T60A_S63A,0.510206,-0.229606
T60A_S63A,0.479792,-0.035577
T60A_S63A,0.377059,-0.006290
T60A_S63A,0.564815,-0.209835
T60A_S63A,0.515320,-0.167133
T60A_S63A,0.627088,-0.552402
T60A_S63A,0.728894,-0.466143
T60A_S63A,0.706007,-0.106840
T60A_S63A,0.954135,0.143824
T60A_S63A,0.394829,-0.325257
T60A_S63A,0.516553,-0.255649
T60A_S63A,0.666999,-0.492643
T60A_S63A,0.492881,-0.094757
T60A_S63A,0.484910,-0.322429
T60A_S63A,0.402324,-0.064198
T60A_S63A,0.545657,0.004800
T60A_S63A,0.634423,-0.148055
T60A_S63A,0.585648,-0.138096
T60A_S63A,0.970641,0.147831
T60A_S63A,0.701749,-0.078481
T60A_S63A,0.903134,0.374206
T60A_S63A,0.668194,0.017268
T60A_S63A,0.576434,0.207563
T60A_S63A,0.480403,0.051492
T60A_S63A,0.467434,-0.000505
T60A_S63A,0.517631,0.052689
T60A_S63A,0.566070,0.095237
T60A_S63A,0.333930,0.243853
T60A_S63A,0.508362,0.217427
T60A_S63A,0.465662,0.135038
T60A_S63A,0.290016,0.114670
T60A_S63A,0.124307,0.061344
T60A_S63A,0.297063,0.250365
T60A_S63A,0.148679,0.043601
T60A_S63A,-0.176217,0.504390
T60A_S63A,0.127224,0.020354
T60A_S63A,0.119794,0.563479
T60A_S63A,0.080385,0.044946
T60A_S63A,0.087101,0.051015
T60A_S63A,-0.035386,0.005712
T60A_S63A,-0.107345,0.185676
T60A_S63A,-0.016949,0.398672
T60A_S63A,-0.345682,0.236384
T60A_S63A,-0.176616,0.478396
T60A_S63A,-0.285486,0.390810
T60A_S63A,-0.264061,0.169362
T60A_S63A,0.143570,0.111270
T60A_S63A,0.079895,0.037847
T60A_S63A,0.251390,-0.037301
T60A_S63A,0.056587,0.151586
T60A_S63A,-0.077604,0.558540
T60A_S63A,0.170575,0.317184
T60A_S63A,0.309904,0.072022
T60A_S63A,0.520341,0.262823
T60A_S63A,0.047598,0.602124
T60A_S63A,0.141804,0.790230
T60A_S63A,0.111240,0.472029
T60A_S63A,0.359264,0.430335
T60A_S63A,0.002200,0.358772
T60A_S63A,0.165057,0.693334
T60A_S63A,0.086364,0.773739
T60A_S63A,0.098784,0.217004
T60A_S63A,0.315804,0.275113
T60A_S63A,0.142293,-0.076526
T60A_S63A,0.044604,0.605123
T60A_S63A,0.052806,0.400410
T60A_S63A,0.091015,0.452257
T60A_S63A,0.364061,0.294263
T60A_S63A,0.403457,0.399307
T60A_S63A,0.363181,0.208284
T60A_S63A,-0.112676,0.284616
T60A_S63A,-0.039649,0.327542
T60A_S63A,0.038052,0.494019
T60A_S63A,0.094560,0.430795
T60A_S63A,0.262990,0.296270
T60A_S63A,0.183753,0.218962
T60A_S63A,0.001935,0.508366
T60A_S63A,-0.100130,0.616478
T60A_S63A,0.351115,0.333999
T60A_S63A,0.311533,0.451598
T60A_S63A,0.102271,0.270767
T60A_S63A,0.002353,0.320264
T60A_S63A,0.315619,0.327167
T60A_S63A,0.324337,0.251703
T60A_S63A,0.213531,0.269296
T60A_S63A,0.236537,0.413215
T60A_S63A,0.128906,0.412008
T60A_S63A,-0.054448,0.487216
T60A_S63A,0.045116,0.529294
T60A_S63A,-0.110659,0.600058
T60A_S63A,-0.030224,0.418371
T60A_S63A,-0.152329,0.281570
T60A_S63A,0.167918,0.612712
T60A_S63A,0.341325,0.380999
T60A_S63A,0.058984,0.591224
T60A_S63A,0.012626,0.334138
T60A_S63A,-0.155069,0.431668
T60A_S63A,0.349670,0.227316
T60A_S63A,0.237157,0.020740
T60A_S63A,-0.079744,0.293283
T60A_S63A,-0.005791,0.469509
T60A_S63A,-0.229104,0.739193
T60A_S63A,-0.035288,0.705253
T60A_S63A,0.386057,0.708814
T60A_S63A,-0.196839,0.921665
T60A_S63A,-0.333959,0.686139
T60A_S63A,-0.271337,0.639034
T60A_S63A,0.007779,0.943691
T60A_S63A,0.060578,1.033403
T60A_S63A,0.086118,1.130964
T60A_S63A,-0.086924,1.136545
T60A_S63A,-0.085098,1.534540
T60A_S63A,-0.084295,1.404397
T60A_S63A,-0.037673,1.124318
T60A_S63A,-0.287622,1.122517
T60A_S63A,-0.100733,1.249254
T60A_S63A,-0.130628,1.299246
T60A_S63A,-0.042782,1.316256
T60A_S63A,0.031173,1.519282
T60A_S63A,-0.093679,1.456888
T60A_S63A,-0.165287,1.290459
T60A_S63A,-0.134391,1.232723
T60A_S63A,-0.102942,1.468433
T60A_S63A,-0.379141,1.074560
T60A_S63A,0.050592,0.764287
T60A_S63A,-0.532261,1.120022
T60A_S63A,-0.069615,1.028044
T60A_S63A,-0.121417,1.407538
T60A_S63A,-0.059090,1.307778
T60A_S63A,0.143008,1.227065
T60A_S63A,0.027021,0.958421
T60A_S63A,0.230230,1.175227
T60A_S63A,-0.297153,1.298269
T60A_S63A,0.435452,1.207966
T60A_S63A,-0.073313,1.374055
T60A_S63A,-0.222093,1.451410
T60A_S63A,0.045436,1.538749
T60A_S63A,-0.145797,1.377518
T60A_S63A,-0.037507,1.326354
T60A_S63A,-0.265655,1.089098
T60A_S63A,-0.064854,1.178405
T60A_S63A,0.002746,1.355625
T60A_S63A,-0.374213,1.505069
T60A_S63A,-0.217881,1.782984
T60A_S63A,-0.425995,1.328806
T60A_S63A,-0.316028,1.522596
T60A_S63A,-0.500213,1.474864
T60A_S63A,-0.508156,1.404766
T60A_S63A,-0.738641,1.417755
T60A_S63A,-0.405012,1.557580
T60A_S63A,-0.216965,1.661057
T60A_S63A,-0.483737,1.436776
T60A_S63A,-0.484366,1.480120
T60A_S63A,-0.330483,1.641648
T60A_S63A,-0.372681,1.803364
T60A_S63A,-0.200638,1.886484
T60A_S63A,-0.622243,1.311968
T60A_S63A,-0.266195,1.458211
T60A_S63A,-0.555280,1.313795
T60A_S63A,-0.847597,1.691291
T60A_S63A,-1.021681,1.091741
T60A_S63A,-0.530244,1.363445
T60A_S63A,-0.275893,1.117291
T60A_S63A,-0.492471,1.186394
T60A_S63A,-0.525034,1.257521
T60A_S63A,-0.382763,1.150559
T60A_S63A,-0.421333,1.138330
T60A_S63A,-0.622953,1.178655
T60A_S63A,-0.593998,1.444047
T60A_S63A,-0.980400,1.229259
T60A_S63A,-0.808389,1.152445
T60A_S63A,-0.852221,1.257982
T60A_S63A,-0.978207,1.416716
T60A_S63A,-0.920326,1.334744
T60A_S63A,-0.979400,1.443829
T60A_S63A,-1.068300,1.501200
T60A_S63A,-0.845737,1.348399
T60A_S63A,-0.911303,1.298910
T60A_S63A,-0.860339,1.062211
T60A_S63A,-0.960393,1.016841
T60A_S63A,-0.636386,0.497066
T60A_S63A,-0.574207,1.015855
T60A_S63A,-0.790081,1.244250
T60A_S63A,-0.802856,1.586201
T60A_S63A,-0.819913,1.456303
T60A_S63A,-1.187639,1.479139
T60A_S63A,-0.898171,1.379553
T60A_S63A,-1.117380,1.315369
T60A_S63A,-1.050689,1.639433
T60A_S63A,-0.991535,1.234238
T60A_S63A,-0.830331,1.156431
T60A_S63A,-1.073654,1.454577
T60A_S63A,-1.086834,0.926208
T60A_S63A,-0.938369,1.218190
T60A_S63A,-1.074428,1.305843
T60A_S63A,-1.342006,1.280359
T60A_S63A,-1.032108,1.408190
T60A_S63A,-0.907719,0.990041
T60A_S63A,-1.233537,1.090968
T60A_S63A,-1.076487,0.902749
T60A_S63A,-0.973658,1.061557
T60A_S63A,-1.273275,1.236084
T60A_S63A,-1.064109,0.957178
T60A_S63A,-0.821843,1.333383
T60A_S63A,-1.002536,1.140713
T60A_S63A,-0.777266,1.172162
T60A_S63A,-0.823512,0.970828
T60A_S63A,-0.615054,1.289826
T60A_S63A,-0.679660,1.193014
T60A_S63A,-1.089639,1.198029
T60A_S63A,-1.290450,0.995816
T60A_S63A,-1.054175,0.777071
T60A_S63A,-1.195033,0.925768
T60A_S63A,-0.991833,0.806237
T60A_S63A,-0.689183,0.873910
T60A_S63A,-1.036104,1.177332
T60A_S63A,-0.707378,0.955550
T60A_S63A,-0.437477,1.148815
T60A_S63A,-1.000458,0.917112
T60A_S63A,-0.845174,0.920352
T60A_S63A,-0.769144,0.949926
T60A_S63A,-0.973160,0.413740
T60A_S63A,-0.936459,0.743973
T60A_S63A,-0.689001,0.791653
T60A_S63A,-0.771846,0.865846
T60A_S63A,-0.902371,0.705687
T60A_S63A,-0.876718,0.616043
T60A_S63A,-0.922891,0.502984
T60A_S63A,-0.909573,0.346231
T60A_S63A,-0.817719,0.688485
T60A_S63A,-0.789820,0.385494
T60A_S63A,-1.077488,0.426895
T60A_S63A,-0.767463,-0.045868
T60A_S63A,-0.827016,0.460730
T60A_S63A,-0.989580,0.479654
T60A_S63A,-1.062818,-0.260073
T60A_S63A,-1.257451,0.050345
T60A_S63A,-1.245402,-0.082679
T60A_S63A,-1.056757,0.248114
T60A_S63A,-0.868785,0.051412
T60A_S63A,-0.543212,0.131974
T60A_S63A,-0.638497,0.252000
T60A_S63A,-1.259050,-0.254047
T60A_S63A,-1.054644,0.151687
T60A_S63A,-1.138213,0.235135
T60A_S63A,-1.132363,0.299523
T60A_S63A,-1.344219,0.505713
T60A_S63A,-0.995461,0.474852
T60A_S63A,-0.788278,0.244408
T60A_S63A,-0.979632,-0.042082
T60A_S63A,-1.082317,-0.063931
T60A_S63A,-0.835532,-0.448543
T60A_S63A,-1.080312,-0.336593
T60A_S63A,-1.127650,-0.216733
T60A_S63A,-1.293256,-0.294856
T60A_S63A,-1.534396,-0.453603
T60A_S63A,-1.390665,-0.231644
T60A_S63A,-1.371590,-0.297527
T60A_S63A,-1.354776,-0.255480
T60A_S63A,-1.448056,-0.581793
T60A_S63A,-1.078116,-0.430933
T60A_S63A,-1.217927,-0.654744
T60A_S63A,-1.162243,-0.959189
T60A_S63A,-1.196867,-0.523034
T60A_S63A,-1.259396,-0.795377
T60A_S63A,-1.545684,-0.963411
T60A_S63A,-1.522190,-0.875854
T60A_S63A,-1.607321,-1.178135
T60A_S63A,-1.262164,-1.280547
T60A_S63A,-1.372940,-1.176279
T60A_S63A,-1.241974,-1.262097
T60A_S63A,-1.686781,-1.193741
T60A_S63A,-1.290916,-1.067198
T60A_S63A,-1.446120,-1.004185
T60A_S63A,-1.552558,-1.039688
T60A_S63A,-1.349836,-0.754247
T60A_S63A,-1.183691,-1.077243
T60A_S63A,-1.441095,-1.155403
T60A_S63A,-1.329520,-1.006883
T60A_S63A,-1.182914,-1.086786
T60A_S63A,-1.496064,-0.621651
T60A_S63A,-1.459664,-0.855167
T60A_S63A,-1.220865,-1.208420
T60A_S63A,-1.342555,-1.027447
T60A_S63A,-1.207665,-0.962613
T60A_S63A,-1.300530,-0.771891
T60A_S63A,-1.355129,-0.910034
T60A_S63A,-1.147424,-1.014310
T60A_S63A,-1.484376,-1.079028
T60A_S63A,-1.222849,-1.213123
T60A_S63A,-1.466401,-1.152224
T60A_S63A,-1.089002,-1.038527
T60A_S63A,-1.207053,-1.134779
T60A_S63A,-1.101455,-1.066377
T60A_S63A,-1.097128,-0.830975
T60A_S63A,-1.339041,-0.899304
T60A_S63A,-1.191305,-1.001150
T60A_S63A,-1.368251,-1.387769
T60A_S63A,-1.259856,-0.969232
T60A_S63A,-1.155577,-1.300293
T60A_S63A,-1.402593,-1.216561
T60A_S63A,-1.194119,-1.229433
T60A_S63A,-1.195339,-1.605629
T60A_S63A,-0.818736,-1.309764
T60A_S63A,-0.993395,-1.294359
T60A_S63A,-1.066872,-1.224107
T60A_S63A,-1.137622,-0.930075
T60A_S63A,-1.074379,-1.000180
T60A_S63A,-1.254939,-1.257431
T60A_S63A,-1.217736,-1.356303
T60A_S63A,-1.057584,-1.477810
T60A_S63A,-1.093471,-1.566531
T60A_S63A,-1.200117,-1.697083
T60A_S63A,-1.034821,-1.506495
T60A_S63A,-1.135587,-1.613819
T60A_S63A,-1.003458,-1.369802
T60A_S63A,-1.307865,-1.303961
T60A_S63A,-1.123640,-1.539795
T60A_S63A,-1.211220,-1.586219
T60A_S63A,-1.008818,-1.424515
T60A_S63A,-1.077852,-1.545287
T60A_S63A,-1.134968,-1.244632
T60A_S63A,-0.999099,-1.606958
T60A_S63A,-1.148222,-1.582909
T60A_S63A,-1.037694,-1.595845
T60A_S63A,-0.877966,-1.831472
T60A_S63A,-0.823051,-1.791636
T60A_S63A,-0.922947,-1.793767
T60A_S63A,-1.046233,-2.177914
T60A_S63A,-1.223346,-1.795190
T60A_S63A,-1.017373,-1.982127
T60A_S63A,-1.410372,-1.935311
T60A_S63A,-1.252312,-1.683304
T60A_S63A,-1.245995,-1.805912
T60A_S63A,-1.014266,-1.265661
T60A_S63A,-1.242600,-1.369004
T60A_S63A,-1.091783,-1.492902
T60A_S63A,-1.161423,-1.546263
T60A_S63A,-1.267238,-1.015450
T60A_S63A,-1.213286,-1.458458
T60A_S63A,-1.107163,-1.130118
T60A_S63A,-1.324206,-1.348463
T60A_S63A,-1.328279,-1.333864
T60A_S63A,-1.364918,-1.144509
T60A_S63A,-1.322521,-1.586088
T60A_S63A,-1.063528,-1.386379
T60A_S63A,-1.569597,-1.304981
T60A_S63A,-1.489132,-1.442508
T60A_S63A,-1.231381,-1.714256
T60A_S63A,-1.373088,-1.597118
T60A_S63A,-1.409296,-1.509934
T60A_S63A,-1.216115,-1.629922
T60A_S63A,-0.973975,-1.426410
T60A_S63A,-1.416463,-1.416641
T60A_S63A,-1.456611,-1.427677
T60A_S63A,-1.368411,-1.209338
T60A_S63A,-1.642541,-1.419847
T60A_S63A,-1.872821,-1.426757
T60A_S63A,-1.477015,-1.326261
T60A_S63A,-1.724167,-1.441163
T60A_S63A,-1.577779,-0.978504
T60A_S63A,-1.615240,-1.381272
T60A_S63A,-1.401190,-1.524805
T60A_S63A,-1.738019,-1.230055
T60A_S63A,-1.587729,-2.052185
T60A_S63A,-1.569277,-1.655088
T60A_S63A,-1.699002,-1.955523
T60A_S63A,-1.651988,-1.902026
T60A_S63A,-1.586752,-1.665122
T60A_S63A,-2.139123,-1.681949
T60A_S63A,-1.894077,-1.939922
T60A_S63A,-1.887719,-1.955808
T60A_S63A,-1.650626,-1.671675
T60A_S63A,-1.853317,-1.522285
T60A_S63A,-1.622399,-1.996021
T60A_S63A,-1.643301,-1.828283
T60A_S63A,-1.677795,-1.726731
T60A_S63A,-1.714180,-1.799904
T60A_S63A,-1.539016,-1.906650
T60A_S63A,-1.723464,-1.713154
T60A_S63A,-1.368836,-2.058474
T60A_S63A,-1.618869,-1.841188
T60A_S63A,-1.539886,-2.010498
T60A_S63A,-1.745885,-1.765233
T60A_S63A,-1.806393,-1.798238
T60A_S63A,-1.655565,-1.884013
T60A_S63A,-1.867373,-1.529246
T60A_S63A,-1.942732,-1.688172
T60A_S63A,-1.533480,-1.692671
T60A_S63A,-1.692213,-1.321562
T60A_S63A,-1.617039,-1.612173
T60A_S63A,-1.785584,-1.791932
T60A_S63A,-1.521738,-1.699354
T60A_S63A,-1.587165,-1.743826
T60A_S63A,-1.241058,-1.374190
T60A_S63A,-1.331654,-1.672374
T60A_S63A,-1.494778,-1.608029
T60A_S63A,-1.305739,-1.682540
T60A_S63A,-1.537137,-1.679578
T60A_S63A,-1.607039,-1.610604
T60A_S63A,-1.639817,-1.215153
T60A_S63A,-1.720553,-1.423980
T60A_S63A,-1.443957,-1.110422
T60A_S63A,-1.618656,-1.292004
T60A_S63A,-1.280660,-1.379425
T60A_S63A,-1.207509,-1.441028
T60A_S63A,-1.304851,-1.126209
T60A_S63A,-1.386015,-1.314904
T60A_S63A,-1.407562,-1.150445
T60A_S63A,-1.490953,-1.298922
T60A_S63A,-1.390383,-1.249776
T60A_S63A,-1.386095,-1.355856
T60A_S63A,-1.400661,-1.357602
T60A_S63A,-1.531458,-1.298690
T60A_S63A,-1.517682,-1.039210
T60A_S63A,-1.867580,-1.041560
T60A_S63A,-1.686438,-0.953608
T60A_S63A,-1.575202,-1.300946
T60A_S63A,-1.667888,-1.358798
T60A_S63A,-1.838840,-1.819960
T60A_S63A,-1.745080,-1.516109
T60A_S63A,-1.710257,-1.483455
T60A_S63A,-1.673949,-1.183799
T60A_S63A,-1.576892,-1.262808
T60A_S63A,-1.571643,-1.240503
T60A_S63A,-1.428490,-1.371303
T60A_S63A,-1.177214,-0.983772
T60A_S63A,-1.278609,-1.167825
T60A_S63A,-1.414017,-0.998492
T60A_S63A,-1.315898,-0.843005
T60A_S63A,-1.477559,-0.584458
T60A_S63A,-1.260275,-0.630933
T60A_S63A,-1.383075,-0.999190
T60A_S63A,-1.273459,-0.651885
T60A_S63A,-1.455915,-0.451719
T60A_S63A,-1.100656,-0.449032
T60A_S63A,-1.233376,-0.571651
T60A_S63A,-0.921819,-0.414678
T60A_S63A,-1.065428,-0.634538
T60A_S63A,-0.959854,-0.709907
T60A_S63A,-0.981164,-0.472894
T60A_S63A,-0.825166,-0.584753
T60A_S63A,-1.251769,-0.240434
T60A_S63A,-1.268805,-0.459189
T60A_S63A,-1.062834,-0.396459
T60A_S63A,-1.051594,0.134062
T60A_S63A,-1.178422,-0.433910
T60A_S63A,-1.148493,-0.508328
T60A_S63A,-0.961675,-0.664966
T60A_S63A,-0.989837,-0.398823
T60A_S63A,-1.104111,-0.423639
T60A_S63A,-0.938700,-0.596790
T60A_S63A,-0.984022,-0.893172
T60A_S63A,-1.115252,-0.603088
T60A_S63A,-0.927655,-0.855428
T60A_S63A,-1.380245,-0.460992
T60A_S63A,-1.260741,-0.901763
T60A_S63A,-1.218234,-0.674307
T60A_S63A,-1.305860,-0.834389
T60A_S63A,-1.348250,-0.905463
T60A_S63A,-1.289062,-1.014782
T60A_S63A,-1.324598,-1.006026
T60A_S63A,-1.062666,-0.889258
T60A_S63A,-1.317807,-0.940710
T60A_S63A,-0.886926,-0.800735
T60A_S63A,-1.258544,-0.612569
T60A_S63A,-0.930092,-0.466877
T60A_S63A,-0.994443,-0.609700
T60A_S63A,-1.003811,-0.715994
T60A_S63A,-0.856202,-0.805344
T60A_S63A,-0.859161,-1.143141
T60A_S63A,-1.294408,-1.047293
T60A_S63A,-1.218930,-0.729629
T60A_S63A,-0.925988,-0.975226
T60A_S63A,-1.037965,-0.803677
T60A_S63A,-0.969582,-0.823405
T60A_S63A,-1.016254,-0.255523
T60A_S63A,-0.921341,-0.264438
T60A_S63A,-1.131276,-0.445117
T60A_S63A,-0.763226,-0.601191
T60A_S63A,-0.941227,-0.307816
T60A_S63A,-0.901823,-0.560725
T60A_S63A,-1.167991,-0.234828
T60A_S63A,-0.797379,-0.348136
T60A_S63A,-0.805923,-0.051634
T60A_S63A,-0.870665,-0.138689
T60A_S63A,-0.856098,-0.244792
T60A_S63A,-0.683877,-0.085018
T60A_S63A,-0.510753,-0.046665
T60A_S63A,-0.871891,-0.054865
T60A_S63A,-0.664359,0.201317
T60A_S63A,-0.918127,0.202892
T60A_S63A,-0.903147,-0.050233
T60A_S63A,-0.646492,0.342707
T60A_S63A,-1.105697,0.233922
T60A_S63A,-1.095258,0.074315
T60A_S63A,-0.899216,0.359446
T60A_S63A,-1.191257,0.224337
T60A_S63A,-0.947319,0.057869
T60A_S63A,-1.105784,0.118392
T60A_S63A,-1.016177,-0.025143
T60A_S63A,-0.777432,0.286015
T60A_S63A,-1.193100,0.141013
T60A_S63A,-0.968277,0.095762
T60A_S63A,-1.073581,0.356568
T60A_S63A,-0.878305,0.284539
T60A_S63A,-0.680804,0.416307
T60A_S63A,-0.912274,0.447834
T60A_S63A,-1.133664,0.691006
T60A_S63A,-1.225805,0.548178
T60A_S63A,-1.085915,0.436960
T60A_S63A,-1.298519,0.513876
T60A_S63A,-1.368375,0.766309
T60A_S63A,-1.371531,0.262626
T60A_S63A,-1.146414,0.211878
T60A_S63A,-1.221769,0.120123
T60A_S63A,-0.949647,0.494879
T60A_S63A,-1.118760,0.545183
T60A_S63A,-1.345591,0.359150
T60A_S63A,-1.274914,0.344161
T60A_S63A,-1.276604,0.576392
T60A_S63A,-1.222083,0.514300
T60A_S63A,-1.162050,0.305746
T60A_S63A,-1.071967,0.405192
T60A_S63A,-1.237395,0.177879
T60A_S63A,-1.237877,0.136982
T60A_S63A,-1.089960,0.413679
T60A_S63A,-1.256139,0.668599
T60A_S63A,-1.172656,0.800248
T60A_S63A,-1.121539,0.627281
T60A_S63A,-1.404297,0.681322
T60A_S63A,-1.385748,1.010927
T60A_S63A,-1.294554,0.729019
T60A_S63A,-1.360886,0.622704
T60A_S63A,-1.489840,0.804010
T60A_S63A,-1.298372,1.037106
T60A_S63A,-1.307667,0.971228
T60A_S63A,-1.564463,1.242845
T60A_S63A,-1.458699,0.991100
T60A_S63A,-1.607076,0.829924
T60A_S63A,-1.137691,0.985747
T60A_S63A,-1.491207,0.956934
T60A_S63A,-1.486177,0.816587
T60A_S63A,-1.178198,0.766761
T60A_S63A,-1.405505,0.906569
T60A_S63A,-1.410262,1.106858
T60A_S63A,-1.215605,0.979768
T60A_S63A,-1.367368,1.160402
T60A_S63A,-1.427037,0.850953
T60A_S63A,-1.120122,0.890521
T60A_S63A,-1.103082,1.357490
T60A_S63A,-1.303124,1.170373
T60A_S63A,-1.445432,0.930303
T60A_S63A,-0.989247,1.234579
T60A_S63A,-1.179508,1.063121
T60A_S63A,-1.144689,1.200748
T60A_S63A,-1.614331,0.970471
T60A_S63A,-1.246552,0.726365
T60A_S63A,-0.958309,0.953328
T60A_S63A,-1.108274,0.584049
T60A_S63A,-1.044522,1.179773
T60A_S63A,-1.039812,0.878601
T60A_S63A,-1.006283,1.199978
T60A_S63A,-1.194688,0.858388
T60A_S63A,-1.280594,0.870354
T60A_S63A,-1.179967,0.832229
T60A_S63A,-1.201658,0.734648
T60A_S63A,-1.254646,1.279278
T60A_S63A,-1.261038,1.230264
T60A_S63A,-1.068918,1.222046
T60A_S63A,-1.003984,1.730616
T60A_S63A,-1.214586,1.973459
T60A_S63A,-0.744947,1.893794
T60A_S63A,-0.887165,1.683106
T60A_S63A,-0.762755,1.650348
T60A_S63A,-1.021053,1.370484
T60A_S63A,-0.995527,1.385421
T60A_S63A,-1.186660,1.292197
T60A_S63A,-1.122143,1.340340
T60A_S63A,-1.187064,1.252475
T60A_S63A,-1.404999,1.266748
T60A_S63A,-1.396765,1.244595
T60A_S63A,-1.466817,1.439573
T60A_S63A,-1.237931,1.386741
T60A_S63A,-1.204767,1.022166
T60A_S63A,-1.235828,1.277620
T60A_S63A,-1.474471,1.125456
T60A_S63A,-1.386725,1.054376
T60A_S63A,-0.990818,1.300544
T60A_S63A,-0.794066,1.481809
T60A_S63A,-0.909859,1.088524
T60A_S63A,-0.864801,1.242586
T60A_S63A,-0.934302,1.414300
T60A_S63A,-0.791445,1.432516
T60A_S63A,-0.996761,1.565329
T60A_S63A,-1.003633,1.438706
T60A_S63A,-0.862392,1.613841
T60A_S63A,-0.994532,1.769433
T60A_S63A,-0.879662,1.485057
T60A_S63A,-1.025601,1.470834
T60A_S63A,-1.183097,1.450035
T60A_S63A,-1.346162,1.745796
T60A_S63A,-1.111013,1.645309
T60A_S63A,-1.070549,1.444897
T60A_S63A,-1.189196,2.063234
T60A_S63A,-1.127446,1.852918
T60A_S63A,-1.057679,1.674032
T60A_S63A,-1.172456,1.668130
T60A_S63A,-1.326438,1.637155
T60A_S63A,-1.236242,1.526930
T60A_S63A,-1.280893,1.515078
T60A_S63A,-1.479280,1.865657
T60A_S63A,-1.236286,1.679964
T60A_S63A,-1.006666,1.803584
T60A_S63A,-0.940509,1.726725
T60A_S63A,-1.040305,1.630121
T60A_S63A,-1.495582,1.807292
T60A_S63A,-1.376654,1.697047
T60A_S63A,-1.557755,1.662017
T60A_S63A,-1.555843,1.445455
T60A_S63A,-1.299296,1.468710
T60A_S63A,-1.669771,1.560970
T60A_S63A,-1.311653,1.591780
T60A_S63A,-1.560341,1.381214
T60A_S63A,-1.496037,1.866514
T60A_S63A,-1.440782,1.331355
T60A_S63A,-1.540846,1.806344
T60A_S63A,-1.480433,2.029583
T60A_S63A,-1.576555,1.721608
T60A_S63A,-1.539475,1.888456
T60A_S63A,-1.435102,1.641862
T60A_S63A,-1.690376,1.640100
T60A_S63A,-1.370987,1.589478
T60A_S63A,-1.344077,1.842469
T60A_S63A,-1.573028,1.904759
T60A_S63A,-1.369271,2.020370
T60A_S63A,-1.152494,1.742330
T60A_S63A,-1.430595,1.626532
T60A_S63A,-1.285668,2.157128
T60A_S63A,-1.278292,2.148059
T60A_S63A,-1.505677,2.214919
T60A_S63A,-1.433397,1.720534
T60A_S63A,-1.491194,2.092492
T60A_S63A,-1.524711,2.017092
T60A_S63A,-1.338682,2.173396
T60A_S63A,-1.702008,2.219980
T60A_S63A,-1.679072,2.113402
T60A_S63A,-1.465776,2.365812
T60A_S63A,-1.498143,2.137616
T60A_S63A,-0.980044,1.998036
T60A_S63A,-1.300012,1.924228
T60A_S63A,-1.084606,2.019903
T60A_S63A,-1.138643,2.180027
T60A_S63A,-1.025222,2.207216
T60A_S63A,-1.013574,2.334988
T60A_S63A,-1.134115,2.461581
T60A_S63A,-1.289771,2.234787
T60A_S63A,-1.060134,1.991117
T60A_S63A,-1.336215,2.295422
T60A_S63A,-1.368507,1.916128
T60A_S63A,-1.524337,2.284962
