pair,dimer_avg,pentamer_avg,diff
"('Thr57', 'Glu525')",1.0,0.25,0.75
"('Gly59', 'Arg467')",1.0,0.375,0.625
"('Arg112', 'Gly531')",1.0,0.4375,0.5625
"('Met42', 'Leu495')",1.0,0.4375,0.5625
"('Met42', 'Pro494')",1.0,0.4375,0.5625
"('Phe67', 'Ser469')",1.0,0.4583333333333333,0.5416666666666667
"('Asn66', 'Ala511')",0.5,1.0,-0.5
"('Gly107', 'Arg491')",1.0,0.5,0.5
"('Arg112', 'Thr530')",1.0,0.5,0.5
"('Val44', 'Gln493')",1.0,0.5625,0.4375
"('Met42', 'Ser496')",1.0,0.625,0.375
"('Arg112', 'Glu532')",1.0,0.625,0.375
"('Met52', 'Glu526')",1.0,0.625,0.375
"('Phe67', 'Arg467')",1.0,0.65625,0.34375
"('Gly59', 'Glu526')",1.0,0.6666666666666666,0.33333333333333337
"('Met42', 'Gln493')",1.0,0.6875,0.3125
"('Met108', 'Leu466')",1.0,0.6875,0.3125
"('Thr60', 'Glu468')",1.0,0.7083333333333334,0.29166666666666663
"('His43', 'Arg491')",1.0,0.75,0.25
"('Arg45', 'Glu468')",1.0,0.8125,0.1875
"('Asp111', 'Arg467')",1.0,0.84375,0.15625
"('Lys69', 'Glu526')",1.0,0.875,0.125
"('Ser63', 'Glu468')",1.0,0.875,0.125
"('Met108', 'Arg451')",0.5,0.59375,-0.09375
"('Thr110', 'Asn465')",1.0,0.90625,0.09375
"('Thr57', 'Arg467')",1.0,0.9375,0.0625
"('Thr65', 'Glu468')",1.0,0.9583333333333334,0.04166666666666663
"('Thr60', 'Leu466')",1.0,0.96875,0.03125
"('Asn109', 'Asn465')",1.0,1.0,0.0
"('Asn66', 'Arg514')",1.0,1.0,0.0
"('Thr110', 'Leu466')",1.0,1.0,0.0
"('Thr110', 'Arg467')",1.0,1.0,0.0
"('Thr60', 'Arg467')",1.0,1.0,0.0
"('Met108', 'Asp453')",1.0,1.0,0.0
"('Phe67', 'Glu468')",1.0,1.0,0.0
"('Arg45', 'Leu466')",1.0,1.0,0.0
