pair,dimer_avg,pentamer_avg,sIgM_avg
Thr110-Leu466,1.0,1.0,1.0
Thr110-Arg467,1.0,1.0,1.0
Asn109-Asn465,1.0,1.0,0.75
Phe67-Glu468,1.0,1.0,1.0
Asn66-Arg514,1.0,1.0,0.75
Thr60-Arg467,1.0,1.0,1.0
Arg45-Leu466,1.0,1.0,1.0
Thr60-Leu466,1.0,0.96875,0.75
Thr57-Arg467,1.0,0.9375,1.0
Thr110-Asn465,1.0,0.90625,0.75
Lys69-Glu526,1.0,0.875,0.5
Ser63-Glu468,1.0,0.875,0.75
Asp111-Arg467,1.0,0.84375,1.0
Arg45-Glu468,1.0,0.8125,0.75
Phe67-Arg467,1.0,0.65625,1.0
